-- MySQL Administrator dump 1.4
--
-- ------------------------------------------------------
-- Server version	5.0.22-community-nt


/*!40101 SET @OLD_CHARACTER_SET_CLIENT=@@CHARACTER_SET_CLIENT */;
/*!40101 SET @OLD_CHARACTER_SET_RESULTS=@@CHARACTER_SET_RESULTS */;
/*!40101 SET @OLD_COLLATION_CONNECTION=@@COLLATION_CONNECTION */;
/*!40101 SET NAMES utf8 */;

/*!40014 SET @OLD_UNIQUE_CHECKS=@@UNIQUE_CHECKS, UNIQUE_CHECKS=0 */;
/*!40014 SET @OLD_FOREIGN_KEY_CHECKS=@@FOREIGN_KEY_CHECKS, FOREIGN_KEY_CHECKS=0 */;
/*!40101 SET @OLD_SQL_MODE=@@SQL_MODE, SQL_MODE='NO_AUTO_VALUE_ON_ZERO' */;


--
-- Create schema dmk
--

CREATE DATABASE /*!32312 IF NOT EXISTS*/ dmk;
USE dmk;

--
-- Table structure for table `dmk`.`account`
--

DROP TABLE IF EXISTS `account`;
CREATE TABLE `account` (
  `id` int(11) NOT NULL auto_increment,
  `aid` varchar(45) NOT NULL,
  `ref_id` varchar(45) default NULL,
  `amount` double default NULL,
  `date` date default NULL,
  `type` varchar(45) default NULL,
  PRIMARY KEY  (`id`,`aid`),
  KEY `fk_account_accounts1_idx` (`aid`),
  CONSTRAINT `fk_account_accounts1` FOREIGN KEY (`aid`) REFERENCES `accounts` (`aid`) ON DELETE NO ACTION ON UPDATE NO ACTION
) ENGINE=InnoDB DEFAULT CHARSET=utf8;

--
-- Dumping data for table `dmk`.`account`
--

/*!40000 ALTER TABLE `account` DISABLE KEYS */;
/*!40000 ALTER TABLE `account` ENABLE KEYS */;


--
-- Table structure for table `dmk`.`accounts`
--

DROP TABLE IF EXISTS `accounts`;
CREATE TABLE `accounts` (
  `aid` varchar(45) NOT NULL,
  `type` varchar(45) default NULL,
  PRIMARY KEY  (`aid`)
) ENGINE=InnoDB DEFAULT CHARSET=utf8;

--
-- Dumping data for table `dmk`.`accounts`
--

/*!40000 ALTER TABLE `accounts` DISABLE KEYS */;
INSERT INTO `accounts` (`aid`,`type`) VALUES 
 ('DSKC15000001','Customer account'),
 ('DSKC15000002','Customer account'),
 ('DSKC15000003','Customer account'),
 ('DSKC15000004','Customer account'),
 ('DSKC15000005','Customer account'),
 ('DSKC15000006','Customer account'),
 ('DSKC15000007','Customer account'),
 ('DSKC15000008','Customer account'),
 ('DSKC15000009','Customer account'),
 ('DSKC15000010','Customer account'),
 ('DSKC15000011','Customer account'),
 ('DSKC15000012','Customer account'),
 ('DSKC15000013','Customer account'),
 ('DSKC15000014','Customer account'),
 ('DSKC15000015','Customer account'),
 ('DSKC15000016','Customer account'),
 ('DSKC15000017','Customer account'),
 ('DSKC15000018','Customer account'),
 ('DSKC15000019','Customer account'),
 ('DSKC15000020','Customer account'),
 ('DSKC15000021','Customer account'),
 ('DSKC15000022','Customer account'),
 ('DSKC15000023','Customer account'),
 ('DSKC15000024','Customer account'),
 ('DSKC15000025','Customer account'),
 ('DSKC15000026','Customer account'),
 ('DSKC15000027','Customer account');
INSERT INTO `accounts` (`aid`,`type`) VALUES 
 ('DSKC15000028','Customer account'),
 ('DSKC15000029','Customer account'),
 ('DSKC15000030','Customer account'),
 ('DSKC15000031','Customer account'),
 ('DSKC15000032','Customer account'),
 ('DSKC15000033','Customer account'),
 ('DSKC15000034','Customer account'),
 ('DSKC15000035','Customer account'),
 ('DSKC15000036','Customer account'),
 ('DSKC15000037','Customer account'),
 ('DSKC15000038','Customer account'),
 ('DSKC15000039','Customer account'),
 ('DSKC15000040','Customer account'),
 ('DSKC15000041','Customer account'),
 ('DSKC15000042','Customer account'),
 ('DSKC15000043','Customer account'),
 ('DSKC15000044','Customer account'),
 ('DSKC15000045','Customer account'),
 ('DSKC15000046','Customer account'),
 ('DSKC15000047','Customer account'),
 ('DSKC15000048','Customer account'),
 ('DSKC15000049','Customer account'),
 ('DSKC15000050','Customer account'),
 ('DSKC15000051','Customer account'),
 ('DSKC15000052','Customer account'),
 ('DSKC15000053','Customer account'),
 ('DSKC15000054','Customer account');
INSERT INTO `accounts` (`aid`,`type`) VALUES 
 ('DSKC15000055','Customer account'),
 ('DSKC15000056','Customer account'),
 ('DSKC15000057','Customer account'),
 ('DSKC15000058','Customer account'),
 ('DSKC15000059','Customer account'),
 ('DSKC15000060','Customer account'),
 ('DSKC15000061','Customer account'),
 ('DSKC15000062','Customer account'),
 ('DSKC15000063','Customer account'),
 ('DSKC15000064','Customer account'),
 ('DSKC15000065','Customer account'),
 ('DSKC15000066','Customer account'),
 ('DSKC15000067','Customer account'),
 ('DSKC15000068','Customer account'),
 ('DSKC15000069','Customer account'),
 ('DSKC15000070','Customer account'),
 ('DSKC15000071','Customer account'),
 ('DSKC15000072','Customer account'),
 ('DSKC15000073','Customer account'),
 ('DSKC15000074','Customer account'),
 ('DSKC15000075','Customer account'),
 ('DSKC15000076','Customer account'),
 ('DSKC15000077','Customer account'),
 ('DSKC15000078','Customer account'),
 ('DSKC15000079','Customer account'),
 ('DSKC15000080','Customer account'),
 ('DSKC15000081','Customer account');
INSERT INTO `accounts` (`aid`,`type`) VALUES 
 ('DSKC15000082','Customer account'),
 ('DSKC15000083','Customer account'),
 ('DSKC15000084','Customer account'),
 ('DSKC15000085','Customer account'),
 ('DSKC15000086','Customer account'),
 ('DSKC15000087','Customer account'),
 ('DSKC15000088','Customer account'),
 ('DSKC15000089','Customer account'),
 ('DSKC15000090','Customer account'),
 ('DSKC15000091','Customer account'),
 ('DSKC15000092','Customer account'),
 ('DSKC15000093','Customer account'),
 ('DSKC15000094','Customer account'),
 ('DSKC15000095','Customer account'),
 ('DSKC15000096','Customer account'),
 ('DSKC15000097','Customer account'),
 ('DSKC15000098','Customer account'),
 ('DSKC15000099','Customer account'),
 ('DSKC15000100','Customer account'),
 ('DSKC15000101','Customer account'),
 ('DSKC15000102','Customer account'),
 ('DSKC15000103','Customer account'),
 ('DSKC15000104','Customer account'),
 ('DSKC15000105','Customer account'),
 ('DSKC15000106','Customer account'),
 ('DSKC15000107','Customer account'),
 ('DSKC15000108','Customer account');
INSERT INTO `accounts` (`aid`,`type`) VALUES 
 ('DSKC15000109','Customer account'),
 ('DSKC15000110','Customer account'),
 ('DSKC15000111','Customer account'),
 ('DSKC15000112','Customer account'),
 ('DSKC15000113','Customer account'),
 ('DSKC15000114','Customer account'),
 ('DSKC15000115','Customer account'),
 ('DSKC15000116','Customer account'),
 ('DSKC15000117','Customer account'),
 ('DSKC15000118','Customer account'),
 ('DSKC15000119','Customer account'),
 ('DSKC15000120','Customer account'),
 ('DSKC15000121','Customer account'),
 ('DSKC15000122','Customer account'),
 ('DSKC15000123','Customer account'),
 ('DSKC15000124','Customer account'),
 ('DSKC15000125','Customer account'),
 ('DSKC15000126','Customer account'),
 ('DSKC15000127','Customer account'),
 ('DSKC15000128','Customer account'),
 ('DSKC15000129','Customer account'),
 ('DSKC15000130','Customer account'),
 ('DSKC15000131','Customer account'),
 ('DSKC15000132','Customer account'),
 ('DSKC15000133','Customer account'),
 ('DSKC15000134','Customer account'),
 ('DSKC15000135','Customer account');
INSERT INTO `accounts` (`aid`,`type`) VALUES 
 ('DSKC15000136','Customer account'),
 ('DSKC15000137','Customer account'),
 ('DSKC15000138','Customer account'),
 ('DSKC15000139','Customer account'),
 ('DSKC15000140','Customer account'),
 ('DSKC15000141','Customer account'),
 ('DSKC15000142','Customer account'),
 ('DSKC15000143','Customer account'),
 ('DSKC15000144','Customer account'),
 ('DSKC15000145','Customer account'),
 ('DSKC15000146','Customer account'),
 ('DSKC15000147','Customer account'),
 ('DSKC15000148','Customer account'),
 ('DSKC15000149','Customer account'),
 ('DSKC15000150','Customer account'),
 ('DSKC15000151','Customer account'),
 ('DSKC15000152','Customer account'),
 ('DSKC150153','Customer account'),
 ('DSKC150154','Customer account'),
 ('DSKH15000001','Cash account'),
 ('DSKS15000001','Supplier account'),
 ('DSKS15000002','Supplier account'),
 ('DSKS15000003','Supplier account'),
 ('DSKS15000004','Supplier account'),
 ('DSKS15000005','Supplier account'),
 ('DSKS15000006','Supplier account'),
 ('DSKS15000007','Supplier account');
INSERT INTO `accounts` (`aid`,`type`) VALUES 
 ('DSKS15000008','Supplier account'),
 ('DSKS15000009','Supplier account'),
 ('DSKT15000001','Stock account');
/*!40000 ALTER TABLE `accounts` ENABLE KEYS */;


--
-- Table structure for table `dmk`.`bank`
--

DROP TABLE IF EXISTS `bank`;
CREATE TABLE `bank` (
  `bid` varchar(45) NOT NULL,
  `name` varchar(45) default NULL,
  `branch` varchar(45) default NULL,
  `contact_no` varchar(10) default NULL,
  `email` varchar(45) default NULL,
  `bank_combo` varchar(45) default NULL,
  `status` varchar(45) default NULL,
  PRIMARY KEY  (`bid`)
) ENGINE=InnoDB DEFAULT CHARSET=utf8;

--
-- Dumping data for table `dmk`.`bank`
--

/*!40000 ALTER TABLE `bank` DISABLE KEYS */;
/*!40000 ALTER TABLE `bank` ENABLE KEYS */;


--
-- Table structure for table `dmk`.`cheque_details`
--

DROP TABLE IF EXISTS `cheque_details`;
CREATE TABLE `cheque_details` (
  `id` int(11) NOT NULL auto_increment,
  `cheque_no` varchar(100) default NULL,
  `customer` varchar(255) default NULL,
  `date` date default NULL,
  `amount` double default NULL,
  `status` varchar(45) default NULL,
  PRIMARY KEY  (`id`)
) ENGINE=InnoDB DEFAULT CHARSET=latin1;

--
-- Dumping data for table `dmk`.`cheque_details`
--

/*!40000 ALTER TABLE `cheque_details` DISABLE KEYS */;
/*!40000 ALTER TABLE `cheque_details` ENABLE KEYS */;


--
-- Table structure for table `dmk`.`cheque_info`
--

DROP TABLE IF EXISTS `cheque_info`;
CREATE TABLE `cheque_info` (
  `id` int(11) NOT NULL auto_increment,
  `cheque_no` varchar(100) default NULL,
  `bank_bid` varchar(45) NOT NULL,
  `date` date default NULL,
  `amount` double default NULL,
  `invoice_no` varchar(250) default NULL,
  `status` varchar(45) default NULL,
  `body` varchar(45) default NULL,
  PRIMARY KEY  (`id`),
  KEY `fk_cheque_info_bank1_idx` (`bank_bid`),
  CONSTRAINT `fk_cheque_info_bank1` FOREIGN KEY (`bank_bid`) REFERENCES `bank` (`bid`) ON DELETE NO ACTION ON UPDATE NO ACTION
) ENGINE=InnoDB DEFAULT CHARSET=utf8;

--
-- Dumping data for table `dmk`.`cheque_info`
--

/*!40000 ALTER TABLE `cheque_info` DISABLE KEYS */;
/*!40000 ALTER TABLE `cheque_info` ENABLE KEYS */;


--
-- Table structure for table `dmk`.`credit_details`
--

DROP TABLE IF EXISTS `credit_details`;
CREATE TABLE `credit_details` (
  `id` int(11) NOT NULL auto_increment,
  `invoice_no` varchar(255) default NULL,
  `customer` varchar(255) default NULL,
  `date` date default NULL,
  `amount` double default NULL,
  `route` varchar(255) default NULL,
  `status` varchar(45) default NULL,
  PRIMARY KEY  (`id`)
) ENGINE=InnoDB DEFAULT CHARSET=latin1;

--
-- Dumping data for table `dmk`.`credit_details`
--

/*!40000 ALTER TABLE `credit_details` DISABLE KEYS */;
/*!40000 ALTER TABLE `credit_details` ENABLE KEYS */;


--
-- Table structure for table `dmk`.`current_stock`
--

DROP TABLE IF EXISTS `current_stock`;
CREATE TABLE `current_stock` (
  `id` int(11) NOT NULL auto_increment,
  `date` date default NULL,
  `qty` double(20,0) default NULL,
  `amount` double(20,0) default NULL,
  PRIMARY KEY  (`id`)
) ENGINE=InnoDB DEFAULT CHARSET=utf8;

--
-- Dumping data for table `dmk`.`current_stock`
--

/*!40000 ALTER TABLE `current_stock` DISABLE KEYS */;
/*!40000 ALTER TABLE `current_stock` ENABLE KEYS */;


--
-- Table structure for table `dmk`.`customer`
--

DROP TABLE IF EXISTS `customer`;
CREATE TABLE `customer` (
  `cid` varchar(45) NOT NULL,
  `fname` varchar(45) NOT NULL,
  `address` varchar(45) NOT NULL,
  `contact_no1` char(15) NOT NULL,
  `contact_no2` char(15) default NULL,
  `route` varchar(45) NOT NULL,
  `customer_combo` varchar(250) default NULL,
  `status` varchar(45) default NULL,
  PRIMARY KEY  (`cid`)
) ENGINE=InnoDB DEFAULT CHARSET=utf8;

--
-- Dumping data for table `dmk`.`customer`
--

/*!40000 ALTER TABLE `customer` DISABLE KEYS */;
INSERT INTO `customer` (`cid`,`fname`,`address`,`contact_no1`,`contact_no2`,`route`,`customer_combo`,`status`) VALUES 
 ('DSKC15000001','SAMARANAYAKE STORES','WARIYAPOLA','0728538255','','01-KALUGAMUWA ROAD','DSKC15000001-SAMARANAYAKE STORES WARIYAPOLA','Deactive'),
 ('DSKC15000002','WMR STORES','BAMUNAKOTUWA','0372268122','','01-KALUGAMUWA ROAD','DSKC15000002-WMR STORES BAMUNAKOTUWA','Active'),
 ('DSKC15000003','JAYALATH','BAMUNAKOTUWA','0375788278','','01-KALUGAMUWA ROAD','DSKC15000003-JAYALATH BAMUNAKOTUWA','Active'),
 ('DSKC15000004','BANDARA','KADAPATHWEHERA','0725144385','','01-KALUGAMUWA ROAD','DSKC15000004-BANDARA KADAPATHWEHERA','Active'),
 ('DSKC15000005','AJITH STORES','HENEGEDARA','0728846155','','01-KALUGAMUWA ROAD','DSKC15000005-AJITH STORES HENEGEDARA','Active'),
 ('DSKC15000006','S D M STORES','HENEGEDARA','0772424585','','01-KALUGAMUWA ROAD','DSKC15000006-S D M STORES HENEGEDARA','Active'),
 ('DSKC15000007','SAS STORES','HENEGEDARA','0721136483','','01-KALUGAMUWA ROAD','DSKC15000007-SAS STORES HENEGEDARA','Active'),
 ('DSKC15000008','UDARA STORES','HENEGEDARA','0728948753','','01-KALUGAMUWA ROAD','DSKC15000008-UDARA STORES HENEGEDARA','Active');
INSERT INTO `customer` (`cid`,`fname`,`address`,`contact_no1`,`contact_no2`,`route`,`customer_combo`,`status`) VALUES 
 ('DSKC15000009','ASIRI STORES','HENEGEDARA','0375614082','','01-KALUGAMUWA ROAD','DSKC15000009-ASIRI STORES HENEGEDARA','Active'),
 ('DSKC15000010','SONALI HOTEL','HENEGEDARA','0726464822','','01-KALUGAMUWA ROAD','DSKC15000010-SONALI HOTEL HENEGEDARA','Active'),
 ('DSKC15000011','KANTHI STORES','KEENAGASPITIYA','0771137444','','01-KALUGAMUWA ROAD','DSKC15000011-KANTHI STORES KEENAGASPITIYA','Active'),
 ('DSKC15000012','SADUNI STORES','KEENAGASPITIYA','0722709344','','01-KALUGAMUWA ROAD','DSKC15000012-SADUNI STORES KEENAGASPITIYA','Active'),
 ('DSKC15000013','N M S STORES','PITAWALA','0722097309','','01-KALUGAMUWA ROAD','DSKC15000013-N M S STORES PITAWALA','Active'),
 ('DSKC15000014','HERATH STORES','PITAWALA','0372050180','','01-KALUGAMUWA ROAD','DSKC15000014-HERATH STORES PITAWALA','Active'),
 ('DSKC15000015','MANJULA STORES','KANDAGOLLA','0375716959','','01-KALUGAMUWA ROAD','DSKC15000015-MANJULA STORES KANDAGOLLA','Active'),
 ('DSKC15000016','W E STORES','WEERAMBUGEDARA','0714879878','','01-KALUGAMUWA ROAD','DSKC15000016-W E STORES WEERAMBUGEDARA','Active');
INSERT INTO `customer` (`cid`,`fname`,`address`,`contact_no1`,`contact_no2`,`route`,`customer_combo`,`status`) VALUES 
 ('DSKC15000017','R B STORES','DIYAGAMA','0375746636','','02-GIRILLA,RASNAYAKEPURA','DSKC15000017-R B STORES DIYAGAMA','Active'),
 ('DSKC15000018','DISSANAYAKE STORES','UDAHENEGAMA','0715586512','','02-GIRILLA,RASNAYAKEPURA','DSKC15000018-DISSANAYAKE STORES UDAHENEGAMA','Active'),
 ('DSKC15000019','R B STORES','RASNAYAKEPURA','0712167640','','02-GIRILLA,RASNAYAKEPURA','DSKC15000019-R B STORES RASNAYAKEPURA','Active'),
 ('DSKC15000020','CO-OP RASNAYAKEPURA','RASNAYAKEPURA','0717024214','','02-GIRILLA,RASNAYAKEPURA','DSKC15000020-CO-OP RASNAYAKEPURA RASNAYAKEPURA','Active'),
 ('DSKC15000021','PRABATH STORES','RASNAYAKEPURA','','','02-GIRILLA,RASNAYAKEPURA','DSKC15000021-PRABATH STORES RASNAYAKEPURA','Active'),
 ('DSKC15000022','JAYATHISSA HOTEL','RASNAYAKEPURA','0711114590','','02-GIRILLA,RASNAYAKEPURA','DSKC15000022-JAYATHISSA HOTEL RASNAYAKEPURA','Active'),
 ('DSKC15000023','ANITHA STORES','RASNAYAKEPURA','0776538523','','02-GIRILLA,RASNAYAKEPURA','DSKC15000023-ANITHA STORES RASNAYAKEPURA','Active'),
 ('DSKC15000024','SENEVIRATHNA','RASNAYAKEPURA','0778919829','','02-GIRILLA,RASNAYAKEPURA','DSKC15000024-SENEVIRATHNA RASNAYAKEPURA','Active');
INSERT INTO `customer` (`cid`,`fname`,`address`,`contact_no1`,`contact_no2`,`route`,`customer_combo`,`status`) VALUES 
 ('DSKC15000025','RUWAN STORES','RASNAYAKEPURA','0710667878','','02-GIRILLA,RASNAYAKEPURA','DSKC15000025-RUWAN STORES RASNAYAKEPURA','Active'),
 ('DSKC15000026','CHINTHAKA','RASNAYAKEPURA','0713405801','','02-GIRILLA,RASNAYAKEPURA','DSKC15000026-CHINTHAKA RASNAYAKEPURA','Active'),
 ('DSKC15000027','WASANA STORES','RASNAYAKEPURA','0728454766','','02-GIRILLA,RASNAYAKEPURA','DSKC15000027-WASANA STORES RASNAYAKEPURA','Active'),
 ('DSKC15000028','CHANDANA STORES','RASNAYAKEPURA','0723693617','','02-GIRILLA,RASNAYAKEPURA','DSKC15000028-CHANDANA STORES RASNAYAKEPURA','Active'),
 ('DSKC15000029','UJITHA STORES','RASNAYAKEPURA','0712023128','','02-GIRILLA,RASNAYAKEPURA','DSKC15000029-UJITHA STORES RASNAYAKEPURA','Active'),
 ('DSKC15000030','INDIKA STORES','NABADEVA','0777178992','','02-GIRILLA,RASNAYAKEPURA','DSKC15000030-INDIKA STORES NABADEVA','Active'),
 ('DSKC15000031','WASANTHA STORES','KULEGAMA','0772405603','','02-GIRILLA,RASNAYAKEPURA','DSKC15000031-WASANTHA STORES KULEGAMA','Active'),
 ('DSKC15000032','T G STORES','THISSOGEDARA','0774135756','','02-GIRILLA,RASNAYAKEPURA','DSKC15000032-T G STORES THISSOGEDARA ','Active');
INSERT INTO `customer` (`cid`,`fname`,`address`,`contact_no1`,`contact_no2`,`route`,`customer_combo`,`status`) VALUES 
 ('DSKC15000033','DIMUTHU STORES','OLUPALIYAWA','0375680330','','02-GIRILLA,RASNAYAKEPURA','DSKC15000033-DIMUTHU STORES OLUPALIYAWA','Active'),
 ('DSKC15000034','VIJENAYAKE STORES','THISSOGEDARA','0779824169','','02-GIRILLA,RASNAYAKEPURA','DSKC15000034-VIJENAYAKE STORES THISSOGEDARA','Active'),
 ('DSKC15000035','DISSANAYAKE STORES','OLUPALIYAWA','0723684838','','02-GIRILLA,RASNAYAKEPURA','DSKC15000035-DISSANAYAKE STORES OLUPALIYAWA','Active'),
 ('DSKC15000036','ANURA STORES','KIRINDA','0775261002','','02-GIRILLA,RASNAYAKEPURA','DSKC15000036-ANURA STORES KIRINDA','Active'),
 ('DSKC15000037','MALSITHA STORES','VITHIKULIYA','0772495523','','03-VITHIKULIYA ,ALAWAKA','DSKC15000037-MALSITHA STORES VITHIKULIYA','Active'),
 ('DSKC15000038','SISILA STORES','RAMBUKANA','0776520200','','03-VITHIKULIYA ,ALAWAKA','DSKC15000038-SISILA STORES RAMBUKANA','Active'),
 ('DSKC15000039','MADUSHANI','PINTHALIYA','','','03-VITHIKULIYA ,ALAWAKA','DSKC15000039-MADUSHANI PINTHALIYA','Active'),
 ('DSKC15000040','YEHEN STORES','PINTHALIYA','0723495639','','03-VITHIKULIYA ,ALAWAKA','DSKC15000040-YEHEN STORES PINTHALIYA','Active');
INSERT INTO `customer` (`cid`,`fname`,`address`,`contact_no1`,`contact_no2`,`route`,`customer_combo`,`status`) VALUES 
 ('DSKC15000041','RANJITH STORES','AULEGAMA','0375736638','','03-VITHIKULIYA ,ALAWAKA','DSKC15000041-RANJITH STORES AULEGAMA','Active'),
 ('DSKC15000042','NANDANA STORES','AULEGAMA','0775301556','','03-VITHIKULIYA ,ALAWAKA','DSKC15000042-NANDANA STORES AULEGAMA','Active'),
 ('DSKC15000043','SHAN STORES','KUMBUKWEWA','0776747851','','03-VITHIKULIYA ,ALAWAKA','DSKC15000043-SHAN STORES KUMBUKWEWA','Active'),
 ('DSKC15000044','CHAMINDA STORES','KUMBUKWEWA','','','03-VITHIKULIYA ,ALAWAKA','DSKC15000044-CHAMINDA STORES KUMBUKWEWA','Active'),
 ('DSKC15000045','BANDULA STORES','KUMBUKWEWA','0774358858','','03-VITHIKULIYA ,ALAWAKA','DSKC15000045-BANDULA STORES KUMBUKWEWA','Active'),
 ('DSKC15000046','ALUTHKADE','HALMILLAWA','0718660167','','03-VITHIKULIYA ,ALAWAKA','DSKC15000046-ALUTHKADE HALMILLAWA','Active'),
 ('DSKC15000047','SUPUN STORES','MANAPAHA','0774078243','','03-VITHIKULIYA ,ALAWAKA','DSKC15000047-SUPUN STORES MANAPAHA','Active'),
 ('DSKC15000048','VIJESINHE STORES','DIULEGODA','0771809075','','03-VITHIKULIYA ,ALAWAKA','DSKC15000048-VIJESINHE STORES DIULEGODA','Active');
INSERT INTO `customer` (`cid`,`fname`,`address`,`contact_no1`,`contact_no2`,`route`,`customer_combo`,`status`) VALUES 
 ('DSKC15000049','ADHIKARI STORES','DIULEGODA','0789391317','','03-VITHIKULIYA ,ALAWAKA','DSKC15000049-ADHIKARI STORES DIULEGODA','Active'),
 ('DSKC15000050','DANUJAYA STORES','VASIWEWA','0767017104','','03-VITHIKULIYA ,ALAWAKA','DSKC15000050-DANUJAYA STORES VASIWEWA','Active'),
 ('DSKC15000051','BANDULA STORES','VASIWEWA','','','03-VITHIKULIYA ,ALAWAKA','DSKC15000051-BANDULA STORES VASIWEWA','Active'),
 ('DSKC15000052','HERATH STORES','KIRIDIGALLA','0772777802','','03-VITHIKULIYA ,ALAWAKA','DSKC15000052-HERATH STORES KIRIDIGALLA','Active'),
 ('DSKC15000053','MAHINDA STORES','THUMBULLA','0725601095','','04-IGINIMITIYA MEEWALLAWA','DSKC15000053-MAHINDA STORES THUMBULLA','Active'),
 ('DSKC15000054','THILAKARATHNE STORES','KOTAWEHERA','0718222428','','04-IGINIMITIYA MEEWALLAWA','DSKC15000054-THILAKARATHNE STORES KOTAWEHERA','Active'),
 ('DSKC15000055','EKENAYAKE STORES','KOTAWEHERA','0375684136','','04-IGINIMITIYA MEEWALLAWA','DSKC15000055-EKENAYAKE STORES KOTAWEHERA','Active'),
 ('DSKC15000056','RATHNAYAKE STORES','KOTAWEHERA','0729339637','','04-IGINIMITIYA MEEWALLAWA','DSKC15000056-RATHNAYAKE STORES KOTAWEHERA','Active');
INSERT INTO `customer` (`cid`,`fname`,`address`,`contact_no1`,`contact_no2`,`route`,`customer_combo`,`status`) VALUES 
 ('DSKC15000057','DARMASENA STORES','THAMBAROBUWA','0375728055','','04-IGINIMITIYA MEEWALLAWA','DSKC15000057-DARMASENA STORES THAMBAROBUWA','Active'),
 ('DSKC15000058','PAVITHRA STORES','THAMBAROBUWA','0728022254','','04-IGINIMITIYA MEEWALLAWA','DSKC15000058-PAVITHRA STORES THAMBAROBUWA','Active'),
 ('DSKC15000059','JAYASINGHE STORES','KUBUKWEWA','','','04-IGINIMITIYA MEEWALLAWA','DSKC15000059-JAYASINGHE STORES KUBUKWEWA','Active'),
 ('DSKC15000060','ARIYARATHNE STORES','KUMBUKWEWA','0711114725','','04-IGINIMITIYA MEEWALLAWA','DSKC15000060-ARIYARATHNE STORES KUMBUKWEWA','Active'),
 ('DSKC15000061','WEERAWARDANA STORES','KUBUKWEWA','0713366839','','04-IGINIMITIYA MEEWALLAWA','DSKC15000061-WEERAWARDANA STORES KUBUKWEWA','Active'),
 ('DSKC15000062','CHANDANA STORES','KUBUKWEWA','0719767752','','04-IGINIMITIYA MEEWALLAWA','DSKC15000062-CHANDANA STORES KUBUKWEWA ','Active'),
 ('DSKC15000063','SIRIL STORES','DIGANNEWA','0713936334','','04-IGINIMITIYA MEEWALLAWA','DSKC15000063-SIRIL STORES DIGANNEWA','Active');
INSERT INTO `customer` (`cid`,`fname`,`address`,`contact_no1`,`contact_no2`,`route`,`customer_combo`,`status`) VALUES 
 ('DSKC15000064','AKASH STORES','DIGANNEWA','0719113248','','04-IGINIMITIYA MEEWALLAWA','DSKC15000064-AKASH STORES DIGANNEWA','Active'),
 ('DSKC15000065','THILAKA STORES','DIGANNEWA','0713197469','','04-IGINIMITIYA MEEWALLAWA','DSKC15000065-THILAKA STORES DIGANNEWA','Active'),
 ('DSKC15000066','DISSANAYAKE STORES','DIULEPITIYA','0712648466','','04-IGINIMITIYA MEEWALLAWA','DSKC15000066-DISSANAYAKE STORES DIULEPITIYA','Active'),
 ('DSKC15000067','T B STORES','DIULEPITIYA','0375610675','','04-IGINIMITIYA MEEWALLAWA','DSKC15000067-T B STORES DIULEPITIYA','Active'),
 ('DSKC15000068','PREMARATHNE STORES','MEEWALLAWA','0712800361','','04-IGINIMITIYA MEEWALLAWA','DSKC15000068-PREMARATHNE STORES MEEWALLAWA','Active'),
 ('DSKC15000069','JAYANTHA STORES','MEEWALLAWA','0712280357','','04-IGINIMITIYA MEEWALLAWA','DSKC15000069-JAYANTHA STORES MEEWALLAWA','Active'),
 ('DSKC15000070','BAKERY KADE','MEEWALLAWA','0715281654','','04-IGINIMITIYA MEEWALLAWA','DSKC15000070-BAKERY KADE MEEWALLAWA','Active'),
 ('DSKC15000071','ABERATHNE STORES','MEEWALLAWA','0711077060','','04-IGINIMITIYA MEEWALLAWA','DSKC15000071-ABERATHNE STORES MEEWALLAWA','Active');
INSERT INTO `customer` (`cid`,`fname`,`address`,`contact_no1`,`contact_no2`,`route`,`customer_combo`,`status`) VALUES 
 ('DSKC15000072','W M P STORES','ELAGAMMILLAWA','0777792167','','04-IGINIMITIYA MEEWALLAWA','DSKC15000072-W M P STORES ELAGAMMILLAWA','Active'),
 ('DSKC15000073','ISHARA STORES','WADURESSA','0725168069','','05-HETTIPOLA ,BANDARAKOSWATHTHA,VITHIKULIYA','DSKC15000073-ISHARA STORES WADURESSA','Active'),
 ('DSKC15000074','GIMSARANI STORES','WADURASSA','0773055292','','05-HETTIPOLA ,BANDARAKOSWATHTHA,VITHIKULIYA','DSKC15000074-GIMSARANI STORES WADURASSA','Active'),
 ('DSKC15000075','DESHAN STORES','WADURASSA','0375663786','','05-HETTIPOLA ,BANDARAKOSWATHTHA,VITHIKULIYA','DSKC15000075-DESHAN STORES WADURASSA','Active'),
 ('DSKC15000076','UMET STORES','WADURASSA','','','05-HETTIPOLA ,BANDARAKOSWATHTHA,VITHIKULIYA','DSKC15000076-UMET STORES WADURASSA','Active'),
 ('DSKC15000077','NUWAN STORES','HETTIPOLA','0766668089','','05-HETTIPOLA ,BANDARAKOSWATHTHA,VITHIKULIYA','DSKC15000077-NUWAN STORES HETTIPOLA','Active'),
 ('DSKC15000078','SENAYA STORES','HETTIPOLA','0767086501','','05-HETTIPOLA ,BANDARAKOSWATHTHA,VITHIKULIYA','DSKC15000078-SENAYA STORES HETTIPOLA','Active');
INSERT INTO `customer` (`cid`,`fname`,`address`,`contact_no1`,`contact_no2`,`route`,`customer_combo`,`status`) VALUES 
 ('DSKC15000079','AJITH STORES','HETTIPOLA','0724713810','','05-HETTIPOLA ,BANDARAKOSWATHTHA,VITHIKULIYA','DSKC15000079-AJITH STORES HETTIPOLA','Active'),
 ('DSKC15000080','RAMALKA STORES','HETTIPOLA','0725796698','','05-HETTIPOLA ,BANDARAKOSWATHTHA,VITHIKULIYA','DSKC15000080-RAMALKA STORES HETTIPOLA','Active'),
 ('DSKC15000081','MIHIRI STORES','HETTIPOLA','0777076713','','05-HETTIPOLA ,BANDARAKOSWATHTHA,VITHIKULIYA','DSKC15000081-MIHIRI STORES HETTIPOLA','Active'),
 ('DSKC15000082','GAYASHAN HOTEL','NUGAWELA','0789090694','','05-HETTIPOLA ,BANDARAKOSWATHTHA,VITHIKULIYA','DSKC15000082-GAYASHAN HOTEL NUGAWELA','Active'),
 ('DSKC15000083','DARSHANA STORES','NUGAWELA','0717550850','','05-HETTIPOLA ,BANDARAKOSWATHTHA,VITHIKULIYA','DSKC15000083-DARSHANA STORES NUGAWELA','Active'),
 ('DSKC15000084','SHEHAN HOTEL','HUNUGAMA','0372293632','','05-HETTIPOLA ,BANDARAKOSWATHTHA,VITHIKULIYA','DSKC15000084-SHEHAN HOTEL HUNUGAMA','Active'),
 ('DSKC15000085','S M STORES','BANDARAKOSWATTA','0723850234','','05-HETTIPOLA ,BANDARAKOSWATHTHA,VITHIKULIYA','DSKC15000085-S M STORES BANDARAKOSWATTA','Active');
INSERT INTO `customer` (`cid`,`fname`,`address`,`contact_no1`,`contact_no2`,`route`,`customer_combo`,`status`) VALUES 
 ('DSKC15000086','WARNASOORIYA STORES','HIDAGOLLA','0756262441','','05-HETTIPOLA ,BANDARAKOSWATHTHA,VITHIKULIYA','DSKC15000086-WARNASOORIYA STORES HIDAGOLLA','Active'),
 ('DSKC15000087','CHAMILA STORES','RAMBAWEWA','0372267705','','05-HETTIPOLA ,BANDARAKOSWATHTHA,VITHIKULIYA','DSKC15000087-CHAMILA STORES RAMBAWEWA','Active'),
 ('DSKC15000088','SUJATHA STORES','KURANAGAMA','0722910857','','05-HETTIPOLA ,BANDARAKOSWATHTHA,VITHIKULIYA','DSKC15000088-SUJATHA STORES KURANAGAMA','Active'),
 ('DSKC15000089','KUMARI STORES','MARIYAGODA','0722116306','','06-NAWAGATHTHEGAMA,KALEGAMA','DSKC15000089-KUMARI STORES MARIYAGODA','Active'),
 ('DSKC15000090','DEVINDI STORES','THALAKOLAWEWA','0716921271','','06-NAWAGATHTHEGAMA,KALEGAMA','DSKC15000090-DEVINDI STORES THALAKOLAWEWA','Active'),
 ('DSKC15000091','RATHNA STORES','KARAMBE','0717079360','','06-NAWAGATHTHEGAMA,KALEGAMA','DSKC15000091-RATHNA STORES KARAMBE','Active'),
 ('DSKC15000092','NIMAL STORES','KALEGAMA','','','06-NAWAGATHTHEGAMA,KALEGAMA','DSKC15000092-NIMAL STORES KALEGAMA','Active');
INSERT INTO `customer` (`cid`,`fname`,`address`,`contact_no1`,`contact_no2`,`route`,`customer_combo`,`status`) VALUES 
 ('DSKC15000093','CO-OP KALEGAMA','KALEGAMA','0375749118','','06-NAWAGATHTHEGAMA,KALEGAMA','DSKC15000093-CO-OP KALEGAMA KALEGAMA','Active'),
 ('DSKC15000094','K S STORES','THALGASWEWA','0711007178','','06-NAWAGATHTHEGAMA,KALEGAMA','DSKC15000094-K S STORES THALGASWEWA','Active'),
 ('DSKC15000095','LAKMALI STORES','THALGASWEWA','0771358401','','06-NAWAGATHTHEGAMA,KALEGAMA','DSKC15000095-LAKMALI STORES THALGASWEWA','Active'),
 ('DSKC15000096','GUNAPALA STORES','MARUNGODA','0722533538','','06-NAWAGATHTHEGAMA,KALEGAMA','DSKC15000096-GUNAPALA STORES MARUNGODA','Active'),
 ('DSKC15000097','WIJESINGHE STORES','MARUNGODA','0771690023','','06-NAWAGATHTHEGAMA,KALEGAMA','DSKC15000097-WIJESINGHE STORES MARUNGODA','Active'),
 ('DSKC15000098','WIJEKOON STORES','MARUNGODA','0722873962','','06-NAWAGATHTHEGAMA,KALEGAMA','DSKC15000098-WIJEKOON STORES MARUNGODA','Active'),
 ('DSKC15000099','INDRANI STORES','THALGASWEWA','0773807763','','06-NAWAGATHTHEGAMA,KALEGAMA','DSKC15000099-INDRANI STORES THALGASWEWA','Active'),
 ('DSKC15000100','AJITH STORES','LABUGALA','0773802201','','06-NAWAGATHTHEGAMA,KALEGAMA','DSKC15000100-AJITH STORES LABUGALA','Active');
INSERT INTO `customer` (`cid`,`fname`,`address`,`contact_no1`,`contact_no2`,`route`,`customer_combo`,`status`) VALUES 
 ('DSKC15000101','KEERTHI STORES','MARUNGODA','0325680177','','06-NAWAGATHTHEGAMA,KALEGAMA','DSKC15000101-KEERTHI STORES MARUNGODA','Active'),
 ('DSKC15000102','VIJITHA STORES','MARUNGODA','0712129988','','06-NAWAGATHTHEGAMA,KALEGAMA','DSKC15000102-VIJITHA STORES MARUNGODA','Active'),
 ('DSKC15000103','JAYATHILAKA STORES','VELEWEWA','0323299213','','06-NAWAGATHTHEGAMA,KALEGAMA','DSKC15000103-JAYATHILAKA STORES VELEWEWA','Active'),
 ('DSKC15000104','SENEVIRATHNE STORES','VELEWEWA','0323323407','','06-NAWAGATHTHEGAMA,KALEGAMA','DSKC15000104-SENEVIRATHNE STORES VELEWEWA','Active'),
 ('DSKC15000105','BANADARA STORES','MULLEGAMA','0713132500','','06-NAWAGATHTHEGAMA,KALEGAMA','DSKC15000105-BANADARA STORES MULLEGAMA','Active'),
 ('DSKC15000106','THUSHARA STORES','NAWAGATHTHEGAMA','0712737156','','06-NAWAGATHTHEGAMA,KALEGAMA','DSKC15000106-THUSHARA STORES NAWAGATHTHEGAMA','Active'),
 ('DSKC15000107','MANEL STORES','NAWAGATHTHEGAMA','0714239398','','06-NAWAGATHTHEGAMA,KALEGAMA','DSKC15000107-MANEL STORES NAWAGATHTHEGAMA','Active');
INSERT INTO `customer` (`cid`,`fname`,`address`,`contact_no1`,`contact_no2`,`route`,`customer_combo`,`status`) VALUES 
 ('DSKC15000108','THEMIYA STORES','NAWAGATHTHEGAMA','0712650435','','06-NAWAGATHTHEGAMA,KALEGAMA','DSKC15000108-THEMIYA STORES NAWAGATHTHEGAMA','Active'),
 ('DSKC15000109','RANJEE HOTEL','WATHTHEGEDARA','0787133411','','07-PANNAWA','DSKC15000109-RANJEE HOTEL WATHTHEGEDARA','Active'),
 ('DSKC15000110','HALAMBAWATTA STORES','HALAMBAWATTA','0716551411','','07-PANNAWA','DSKC15000110-HALAMBAWATTA STORES HALAMBAWATTA','Active'),
 ('DSKC15000111','PANNAWA GROCERY','PANNAWA','0726358548','','07-PANNAWA','DSKC15000111-PANNAWA GROCERY PANNAWA','Active'),
 ('DSKC15000112','L G PANNAWA','PANNAWA','0774230200','','07-PANNAWA','DSKC15000112-L G PANNAWA PANNAWA','Active'),
 ('DSKC15000113','HUSSIAN STORES 1','LOLANWEWA','0726105343','','07-PANNAWA','DSKC15000113-HUSSIAN STORES 1 LOLANWEWA','Active'),
 ('DSKC15000114','HUSSIAN STORES 2','LOLANWEWA','0726105343','','07-PANNAWA','DSKC15000114-HUSSIAN STORES 2 LOLANWEWA','Active'),
 ('DSKC15000115','LAKMAL STORES','LOLANWEWA','0724416829','','07-PANNAWA','DSKC15000115-LAKMAL STORES LOLANWEWA','Active');
INSERT INTO `customer` (`cid`,`fname`,`address`,`contact_no1`,`contact_no2`,`route`,`customer_combo`,`status`) VALUES 
 ('DSKC15000116','ABDULLA STORES','LOLANWEWA','0776412164','','07-PANNAWA','DSKC15000116-ABDULLA STORES LOLANWEWA','Active'),
 ('DSKC15000117','REESHA HOTEL','LOLANWEWA','0719852128','','07-PANNAWA','DSKC15000117-REESHA HOTEL LOLANWEWA','Active'),
 ('DSKC15000118','MANJULA STORES','GOOWAMULLA','0728458528','','08-NIKAWERATIYA,ANAMADUWA','DSKC15000118-MANJULA STORES GOOWAMULLA','Active'),
 ('DSKC15000119','THENNAKOON STORES','GOWAMULLA','0728077163','','08-NIKAWERATIYA,ANAMADUWA','DSKC15000119-THENNAKOON STORES GOWAMULLA','Active'),
 ('DSKC15000120','C O M STORES','NIKAWERATIYA','0772629371','','08-NIKAWERATIYA,ANAMADUWA','DSKC15000120-C O M STORES NIKAWERATIYA','Active'),
 ('DSKC15000121','SAMURDHI STORES','GALAPITIYAGAMA','0774336119','','08-NIKAWERATIYA,ANAMADUWA','DSKC15000121-SAMURDHI STORES GALAPITIYAGAMA','Active'),
 ('DSKC15000122','SEETHA STORES','GALAPITIYAGAMA','','','08-NIKAWERATIYA,ANAMADUWA','DSKC15000122-SEETHA STORES GALAPITIYAGAMA','Active'),
 ('DSKC15000123','ALUTHKADAE','HAWANPALASSA','0779448589','','08-NIKAWERATIYA,ANAMADUWA','DSKC15000123-ALUTHKADAE HAWANPALASSA','Active');
INSERT INTO `customer` (`cid`,`fname`,`address`,`contact_no1`,`contact_no2`,`route`,`customer_combo`,`status`) VALUES 
 ('DSKC15000124','JAYALATH STORES','SUDEERAGAMA','','','08-NIKAWERATIYA,ANAMADUWA','DSKC15000124-JAYALATH STORES SUDEERAGAMA','Active'),
 ('DSKC15000125','ATHAPATHTHU STORES','KOTAWEHERA','','','08-NIKAWERATIYA,ANAMADUWA','DSKC15000125-ATHAPATHTHU STORES KOTAWEHERA','Active'),
 ('DSKC15000126','ADHIKARI STORES','KOTAWEHERA','','','08-NIKAWERATIYA,ANAMADUWA','DSKC15000126-ADHIKARI STORES KOTAWEHERA','Active'),
 ('DSKC15000127','SURANGA STORES','MONNAKULAMA','0723319512','','08-NIKAWERATIYA,ANAMADUWA','DSKC15000127-SURANGA STORES MONNAKULAMA','Active'),
 ('DSKC15000128','RANMINI STORES','MONNAKULAMA','0716677929','','08-NIKAWERATIYA,ANAMADUWA','DSKC15000128-RANMINI STORES MONNAKULAMA','Active'),
 ('DSKC15000129','VIMAL STORES','PALUGASHANDIYA','0702405757','','08-NIKAWERATIYA,ANAMADUWA','DSKC15000129-VIMAL STORES PALUGASHANDIYA','Active'),
 ('DSKC15000130','DILSHAN STORES','PALUGASHANDIYA','028353984','','08-NIKAWERATIYA,ANAMADUWA','DSKC15000130-DILSHAN STORES PALUGASHANDIYA','Active'),
 ('DSKC15000131','RASANJALEE STORES','PALUGASHANDIYA','0725933254','','08-NIKAWERATIYA,ANAMADUWA','DSKC15000131-RASANJALEE STORES PALUGASHANDIYA','Active');
INSERT INTO `customer` (`cid`,`fname`,`address`,`contact_no1`,`contact_no2`,`route`,`customer_combo`,`status`) VALUES 
 ('DSKC15000132','MAHINDA STORES','PALUGASHANDIYA','0766901426','','08-NIKAWERATIYA,ANAMADUWA','DSKC15000132-MAHINDA STORES PALUGASHANDIYA','Active'),
 ('DSKC15000133','H M T ANAMADUWA','ANAMADUWA','0712483682','','08-NIKAWERATIYA,ANAMADUWA','DSKC15000133-H M T ANAMADUWA ANAMADUWA','Active'),
 ('DSKC15000134','SAMPATH STORES','HULUGALLA','0770709287','','09-AMBANPOLA','DSKC15000134-SAMPATH STORES HULUGALLA','Active'),
 ('DSKC15000135','DARSHANA STORES','HULUGALLA','0711838390','','09-AMBANPOLA','DSKC15000135-DARSHANA STORES HULUGALLA','Active'),
 ('DSKC15000136','ANURA STORES','HULUGALLA','0778043556','0375673121','09-AMBANPOLA','DSKC15000136-ANURA STORES HULUGALLA','Active'),
 ('DSKC15000137','AKILA STORES','WAMBATUWEWA','0767445545','','09-AMBANPOLA','DSKC15000137-AKILA STORES WAMBATUWEWA','Active'),
 ('DSKC15000138','DAMMIKA STORES','ITHAWA','077952014','0754996934','09-AMBANPOLA','DSKC15000138-DAMMIKA STORES ITHAWA','Active'),
 ('DSKC15000139','SUGATH STORES','NAWANA THIMBIRIYAWA','0775085832','0375721731','09-AMBANPOLA','DSKC15000139-SUGATH STORES NAWANA THIMBIRIYAWA','Active');
INSERT INTO `customer` (`cid`,`fname`,`address`,`contact_no1`,`contact_no2`,`route`,`customer_combo`,`status`) VALUES 
 ('DSKC15000140','GANGA STORES','KOONWEWA','0755055004','0375663817','09-AMBANPOLA','DSKC15000140-GANGA STORES KOONWEWA','Active'),
 ('DSKC15000141','RATHNA STORES','KOONWEWA','0754990911','','09-AMBANPOLA','DSKC15000141-RATHNA STORES KOONWEWA','Active'),
 ('DSKC15000142','DISANAYAKA STORES','HULUGALLA','0772011083','','09-AMBANPOLA','DSKC15000142-DISANAYAKA STORES HULUGALLA','Active'),
 ('DSKC15000143','B K  STORES','A POLA','0773-718219','0786-889928','09-AMBANPOLA','DSKC15000143-B K  STORES A POLA','Active'),
 ('DSKC15000144','CHANDANA STORES','SAMADARAPITIYA','','','09-AMBANPOLA','DSKC15000144-CHANDANA STORES SAMADARAPITIYA','Active'),
 ('DSKC15000145','WEJESINGHE STORES','MAWATAGAMA','0776-120566','','09-AMBANPOLA','DSKC15000145-WEJESINGHE STORES MAWATAGAMA','Active'),
 ('DSKC15000146','TENNAKOON  STORES','GOWAMILLA','0728077613','','09-AMBANPOLA','DSKC15000146-TENNAKOON  STORES GOWAMILLA','Active'),
 ('DSKC15000147','SUNIL STORES','MILLAGODA','0375779815','0778410009','09-AMBANPOLA','DSKC15000147-SUNIL STORES MILLAGODA','Active');
INSERT INTO `customer` (`cid`,`fname`,`address`,`contact_no1`,`contact_no2`,`route`,`customer_combo`,`status`) VALUES 
 ('DSKC15000148','SINCO PALERS','NIKAWERATIYA','','','09-AMBANPOLA','DSKC15000148-SINCO PALERS NIKAWERATIYA','Active'),
 ('DSKC15000149','EKANAYAKA STORES','HENEGEDARA','0773-190900','','01-KALUGAMUWA ROAD','DSKC15000149-EKANAYAKA STORES HENEGEDARA','Active'),
 ('DSKC15000150','PRADEEP OSUSALA','HENEGEDARA','','','01-KALUGAMUWA ROAD','DSKC15000150-PRADEEP OSUSALA HENEGEDARA','Active'),
 ('DSKC15000151','W G  STORES','WEERABUGEDARA','0714-879878','0373-373146','01-KALUGAMUWA ROAD','DSKC15000151-W G  STORES WEERABUGEDARA','Active'),
 ('DSKC150152','AMITHA STORES','RASNAYAKAPURA','0776-538523','0776-538529','02-GIRILLA,RASNAYAKEPURA','DSKC150152-AMITHA STORES  RASNAYAKAPURA','Active'),
 ('DSKC150153','GAMUNU STORES','HULOGEDARA','0725-600959','','09-AMBANPOLA','DSKC150153-GAMUNU STORES HULOGEDARA','Active'),
 ('DSKC150154','SENARATH PHAMACY','HUNUGAMA','0772-787218','','05-HETTIPOLA ,BANDARAKOSWATHTHA,VITHIKULIYA','DSKC150154-SENARATH PHAMACY HUNUGAMA','Active');
/*!40000 ALTER TABLE `customer` ENABLE KEYS */;


--
-- Table structure for table `dmk`.`customer_credits`
--

DROP TABLE IF EXISTS `customer_credits`;
CREATE TABLE `customer_credits` (
  `id` int(11) NOT NULL auto_increment,
  `date` date default NULL,
  `invoice_no` varchar(255) default NULL,
  `customer` varchar(255) default NULL,
  `amount` double(50,0) default NULL,
  `route` varchar(255) default NULL,
  PRIMARY KEY  (`id`)
) ENGINE=InnoDB DEFAULT CHARSET=latin1;

--
-- Dumping data for table `dmk`.`customer_credits`
--

/*!40000 ALTER TABLE `customer_credits` DISABLE KEYS */;
/*!40000 ALTER TABLE `customer_credits` ENABLE KEYS */;


--
-- Table structure for table `dmk`.`customer_payments`
--

DROP TABLE IF EXISTS `customer_payments`;
CREATE TABLE `customer_payments` (
  `id` int(11) NOT NULL auto_increment,
  `invoice_no` varchar(45) NOT NULL,
  `amount` double default NULL,
  `method` varchar(45) default NULL,
  PRIMARY KEY  (`id`),
  KEY `fk_customer_payments_invoice1_idx` (`invoice_no`),
  CONSTRAINT `fk_customer_payments_invoice1` FOREIGN KEY (`invoice_no`) REFERENCES `invoice` (`invoice_no`) ON DELETE NO ACTION ON UPDATE NO ACTION
) ENGINE=InnoDB DEFAULT CHARSET=utf8;

--
-- Dumping data for table `dmk`.`customer_payments`
--

/*!40000 ALTER TABLE `customer_payments` DISABLE KEYS */;
/*!40000 ALTER TABLE `customer_payments` ENABLE KEYS */;


--
-- Table structure for table `dmk`.`grn`
--

DROP TABLE IF EXISTS `grn`;
CREATE TABLE `grn` (
  `grn_no` varchar(45) NOT NULL,
  `iid` varchar(45) NOT NULL,
  `qty` double NOT NULL default '0',
  `amount` double default NULL,
  PRIMARY KEY  (`grn_no`,`iid`,`qty`),
  KEY `fk_grn_items1_idx` (`iid`)
) ENGINE=InnoDB DEFAULT CHARSET=utf8;

--
-- Dumping data for table `dmk`.`grn`
--

/*!40000 ALTER TABLE `grn` DISABLE KEYS */;
INSERT INTO `grn` (`grn_no`,`iid`,`qty`,`amount`) VALUES 
 ('0001','DSKI150104',48,4272),
 ('0001','DSKI150143',76,26448),
 ('00011','DSKI150242',48,3072),
 ('0003','DSKI150009',200,58400),
 ('0003','DSKI150010',36,26100),
 ('0003','DSKI150018',800,208000),
 ('0003','DSKI150019',200,50000),
 ('0003','DSKI150020',1800,39600),
 ('0003','DSKI150056',1200,50400),
 ('0003','DSKI150104',192,17088),
 ('0003','DSKI150235',240,31680),
 ('0012','DSKI150147',120,10080),
 ('0012','DSKI150229',144,12600),
 ('003','DSKI150030',1.5,540),
 ('01','DSKI150001',138,25806),
 ('01','DSKI150002',284,86478),
 ('01','DSKI150003',30,22710),
 ('011','DSKI150106',480,58560),
 ('02','DSKI150068',2572,102880),
 ('02','DSKI150069',89,2670),
 ('02','DSKI150070',92,6900),
 ('02','DSKI150080',88,3080),
 ('02','DSKI150082',834,41700),
 ('02','DSKI150083',276,5520),
 ('02','DSKI150084',744,14880),
 ('021','DSKI150161',1800,14760),
 ('03','DSKI150042',276,12558),
 ('03','DSKI150043',66,5610),
 ('03','DSKI150044',120,5520),
 ('03','DSKI150045',111,10101);
INSERT INTO `grn` (`grn_no`,`iid`,`qty`,`amount`) VALUES 
 ('03','DSKI150089',227,7377.5),
 ('03','DSKI150090',195,11212.5),
 ('03','DSKI150091',119,9758),
 ('03','DSKI150092',551,25897),
 ('03','DSKI150094',234,8190),
 ('03','DSKI150095',155,8060),
 ('03','DSKI150096',56,4200),
 ('04','DSKI150097',554,19113),
 ('04','DSKI150099',156,5304),
 ('04','DSKI150100',180,6210),
 ('04','DSKI150101',480,24000),
 ('04','DSKI150102',20,4100),
 ('04','DSKI150103',155,8680),
 ('05','DSKI150004',51,9537),
 ('05','DSKI150005',267,81301.5),
 ('05','DSKI150006',23,17422.5),
 ('05','DSKI150007',99,5544),
 ('05','DSKI150008',150,18240),
 ('05','DSKI150009',306,89352),
 ('05','DSKI150011',1950,31200),
 ('05','DSKI150012',106,30740),
 ('05','DSKI150013',17,12325),
 ('05','DSKI150014',452,7232),
 ('05','DSKI150018',601,153255),
 ('05','DSKI150019',324,79380),
 ('05','DSKI150020',2970,65340),
 ('05','DSKI150021',100,23500),
 ('05','DSKI150022',170,39100),
 ('05','DSKI150023',96,2016),
 ('05','DSKI150024',6914,250632.5),
 ('05','DSKI150025',1010,41208);
INSERT INTO `grn` (`grn_no`,`iid`,`qty`,`amount`) VALUES 
 ('05','DSKI150026',555,17205),
 ('05','DSKI150027',280,10640),
 ('05','DSKI150028',523,15690),
 ('05','DSKI150029',645,24187.5),
 ('05','DSKI150030',499,19461),
 ('05','DSKI150031',539,19134.5),
 ('05','DSKI150032',415,11308.75),
 ('05','DSKI150033',367,6973),
 ('05','DSKI150034',203,7206.5),
 ('05','DSKI150035',310,10850),
 ('05','DSKI150036',969,32946),
 ('05','DSKI150037',288,11664),
 ('05','DSKI150038',2793,44688),
 ('06','DSKI150046',580,24940),
 ('06','DSKI150047',228,19608),
 ('06','DSKI150048',381,5715),
 ('06','DSKI150049',304,11704),
 ('06','DSKI150050',137,11508),
 ('06','DSKI150051',58,1305),
 ('06','DSKI150054',1009,24216),
 ('06','DSKI150056',807,34701),
 ('06','DSKI150057',33,1419),
 ('06','DSKI150058',46,6348),
 ('06','DSKI150059',78,26988),
 ('06','DSKI150060',80,10720),
 ('06','DSKI150061',101,46460),
 ('06','DSKI150062',107,5671),
 ('06','DSKI150063',135,7762.5),
 ('06','DSKI150065',264,5016),
 ('06','DSKI150066',204,6528),
 ('07','DSKI150057',33,1419);
INSERT INTO `grn` (`grn_no`,`iid`,`qty`,`amount`) VALUES 
 ('07','DSKI150058',46,6348),
 ('07','DSKI150059',78,26988),
 ('07','DSKI150060',80,10720),
 ('07','DSKI150061',101,46460),
 ('07','DSKI150062',107,5671),
 ('07','DSKI150063',135,7762.5),
 ('07','DSKI150065',264,5016),
 ('07','DSKI150066',204,6528),
 ('100','DSKI150128',26,3926),
 ('100','DSKI150129',46,13892),
 ('100','DSKI150132',12,4536),
 ('1001','DSKI150021',72,16920),
 ('1001','DSKI150023',480,10080),
 ('1001','DSKI150025',1764,71971.2),
 ('1001','DSKI150042',360,16380),
 ('1001','DSKI150052',250,12000),
 ('1001','DSKI150057',400,17200),
 ('1001','DSKI150058',48,6624),
 ('1001','DSKI150080',144,5040),
 ('1001','DSKI150093',240,15600),
 ('1001','DSKI150105',120,18480),
 ('1001','DSKI150107',432,51840),
 ('1001','DSKI150134',15,3810),
 ('1001','DSKI150147',96,8064),
 ('1001','DSKI150167',100,6200),
 ('1001','DSKI150185',240,5688),
 ('1001','DSKI150187',240,4152),
 ('1002','DSKI150036',300,10200),
 ('1002','DSKI150180',24,2520),
 ('1002','DSKI150189',96,3168);
INSERT INTO `grn` (`grn_no`,`iid`,`qty`,`amount`) VALUES 
 ('1002','DSKI150192',150,9337.5),
 ('1002','DSKI150193',160,13280),
 ('1002','DSKI150194',20,11400),
 ('1002','DSKI150196',90,7470),
 ('1002','DSKI150197',48,2191.2),
 ('1002','DSKI150198',72,5976),
 ('1002','DSKI150199',150,6000),
 ('1002','DSKI150200',15,9450),
 ('1002','DSKI150206',5,2240),
 ('1002','DSKI150207',48,1992),
 ('1002','DSKI150212',25,9937.5),
 ('1004','DSKI150117',3,540),
 ('1004','DSKI150125',16,2928),
 ('1004','DSKI150225',38,3591),
 ('1004','DSKI150226',162,21060),
 ('1004','DSKI150227',20,1500),
 ('1004','DSKI150228',6,450),
 ('1005','DSKI150001',36,6732),
 ('1005','DSKI150002',108,32886),
 ('1005','DSKI150004',72,13464),
 ('1005','DSKI150005',216,65772),
 ('1005','DSKI150006',12,9090),
 ('1005','DSKI150024',18648,675990),
 ('1005','DSKI150082',288,14400),
 ('1005','DSKI150083',1440,28800),
 ('1005','DSKI150225',144,13608),
 ('1005','DSKI150227',72,5400),
 ('1005','DSKI150228',120,9000),
 ('1005','DSKI150229',72,6300),
 ('1005','DSKI150230',432,10800);
INSERT INTO `grn` (`grn_no`,`iid`,`qty`,`amount`) VALUES 
 ('1005','DSKI150231',750,15000),
 ('1005','DSKI150232',72,5976),
 ('1005','DSKI150233',24,1992),
 ('1005','DSKI150234',48,5700),
 ('1005','DSKI150235',96,12672),
 ('1005','DSKI150236',24,1591.2),
 ('1005','DSKI150237',24,2152.8),
 ('1005','DSKI150246',60,4800),
 ('1005','DSKI150247',36,3240),
 ('1005','DSKI150248',350,12600),
 ('1007','DSKI150030',499,19461),
 ('1007','DSKI150060',80,10720),
 ('101','DSKI150118',181,13213),
 ('102','DSKI150239',400,1720),
 ('1020','DSKI150124',80,11200),
 ('1020','DSKI150137',30,9900),
 ('1020','DSKI150205',120,4920),
 ('1020','DSKI150235',48,6336),
 ('105','DSKI150119',55,12100),
 ('105','DSKI150120',30,8550),
 ('105','DSKI150121',41,4305),
 ('105','DSKI150122',31,6572),
 ('106','DSKI150123',9,2790),
 ('106','DSKI150124',60,8400),
 ('106','DSKI150126',23,8234),
 ('106','DSKI150205',16,2928),
 ('110','DSKI150134',13,3302),
 ('110','DSKI150135',293,12745.5),
 ('110','DSKI150136',22,946),
 ('110','DSKI150137',14,4620),
 ('110','DSKI150138',55,7700);
INSERT INTO `grn` (`grn_no`,`iid`,`qty`,`amount`) VALUES 
 ('110','DSKI150139',13,1820),
 ('110','DSKI150140',431,15731.5),
 ('1101','DSKI150185',180,4266),
 ('1101','DSKI150192',180,11205),
 ('111','DSKI150141',209,8360),
 ('111','DSKI150142',755,98150),
 ('111','DSKI150143',77,2233),
 ('111','DSKI150144',55,38775),
 ('111','DSKI150145',70,42000),
 ('111','DSKI150146',42,23100),
 ('111','DSKI150147',150,12600),
 ('111','DSKI150148',20,1680),
 ('111','DSKI150149',66,22110),
 ('112','DSKI150150',1352,64896),
 ('112','DSKI150151',3031,95476.5),
 ('112','DSKI150152',480,31200),
 ('112','DSKI150155',305,14335),
 ('112','DSKI150156',4128,22704),
 ('112','DSKI150157',39,4719),
 ('112','DSKI150158',7356,36780),
 ('112','DSKI150159',76,7068),
 ('112','DSKI150160',82,8036),
 ('112','DSKI150249',15,4050),
 ('113','DSKI150162',353,11649),
 ('113','DSKI150164',77,9240),
 ('113','DSKI150165',4193,33544),
 ('113','DSKI150166',182,5278),
 ('113','DSKI150168',5,650),
 ('113','DSKI150169',414,2380.5),
 ('113','DSKI150170',174,2784);
INSERT INTO `grn` (`grn_no`,`iid`,`qty`,`amount`) VALUES 
 ('113','DSKI150172',84,3612),
 ('113','DSKI150173',44,5280),
 ('113','DSKI150174',82,70520),
 ('113','DSKI150175',18,7074),
 ('114','DSKI150176',15,3000),
 ('114','DSKI150177',69,4312.5),
 ('114','DSKI150178',41,4305),
 ('114','DSKI150179',26,1716),
 ('114','DSKI150180',14,1470),
 ('114','DSKI150184',111,13098),
 ('114','DSKI150185',376,8911.2),
 ('114','DSKI150186',10,4480),
 ('114','DSKI150187',207,3581.1),
 ('114','DSKI150188',1,299),
 ('114','DSKI150190',5,2655),
 ('114','DSKI150191',336,13944),
 ('114','DSKI150192',80,4980),
 ('114','DSKI150193',54,4482),
 ('114','DSKI150194',22,12540),
 ('1144','DSKI150135',1380,69000),
 ('1144','DSKI150175',25,9825),
 ('115','DSKI150195',148,6756.2),
 ('115','DSKI150196',146,12118),
 ('115','DSKI150197',31,1415.15),
 ('115','DSKI150198',61,5063),
 ('115','DSKI150199',253,10120),
 ('115','DSKI150200',6,3780),
 ('115','DSKI150201',99,3613.5),
 ('115','DSKI150202',10,5530),
 ('115','DSKI150203',97,3540.5),
 ('115','DSKI150204',10,5650);
INSERT INTO `grn` (`grn_no`,`iid`,`qty`,`amount`) VALUES 
 ('115','DSKI150205',20,820),
 ('115','DSKI150240',10,4240),
 ('115','DSKI150241',180,22320),
 ('117','DSKI150205',20,820),
 ('117','DSKI150207',98,4067),
 ('117','DSKI150208',83,6536.25),
 ('118','DSKI150210',12,895.2),
 ('118','DSKI150211',14,813.4),
 ('118','DSKI150213',568,136320),
 ('118','DSKI150214',6,1680),
 ('118','DSKI150216',25,12000),
 ('118','DSKI150217',24,11040),
 ('118','DSKI150218',402,6030),
 ('120','DSKI150205',20,820),
 ('121','DSKI150219',240,7800),
 ('121','DSKI150220',1404,5616),
 ('121','DSKI150221',2616,10464),
 ('121','DSKI150222',16,1560),
 ('121','DSKI150223',22,792),
 ('121','DSKI150224',38,1425),
 ('1211','DSKI150162',120,3960),
 ('1211','DSKI150163',240,11760),
 ('123','DSKI150168',720,93600),
 ('123','DSKI150172',204,8772),
 ('125','DSKI150141',660,26400),
 ('125','DSKI150143',100,34800),
 ('125','DSKI150256',36,8640),
 ('1478','DSKI150010',32,23200),
 ('1478','DSKI150117',20,4800),
 ('2001','DSKI150012',72,20880),
 ('2001','DSKI150013',24,17400);
INSERT INTO `grn` (`grn_no`,`iid`,`qty`,`amount`) VALUES 
 ('2001','DSKI150021',72,16920),
 ('2001','DSKI150025',1470,59976),
 ('2001','DSKI150027',144,5472),
 ('2001','DSKI150029',144,5400),
 ('2001','DSKI150030',576,22464),
 ('2001','DSKI150035',288,10080),
 ('2001','DSKI150036',750,25500),
 ('2001','DSKI150043',240,20400),
 ('2001','DSKI150052',200,9600),
 ('2001','DSKI150057',400,17200),
 ('2001','DSKI150058',48,6624),
 ('2001','DSKI150059',120,41520),
 ('2001','DSKI150063',120,6900),
 ('2001','DSKI150069',180,5400),
 ('2001','DSKI150070',100,7500),
 ('2001','DSKI150093',96,6240),
 ('2001','DSKI150099',360,12240),
 ('2001','DSKI150107',600,72000),
 ('2001','DSKI150120',20,5700),
 ('2001','DSKI150136',24,1032),
 ('2001','DSKI150144',24,16920),
 ('2001','DSKI150147',120,10080),
 ('2001','DSKI150156',1728,9504),
 ('2001','DSKI150166',200,5900),
 ('2001','DSKI150185',300,7110),
 ('2001','DSKI150186',10,4480),
 ('2001','DSKI150187',240,4152),
 ('2001','DSKI150191',240,9960),
 ('2001','DSKI150192',150,9337.5),
 ('2001','DSKI150193',160,13280);
INSERT INTO `grn` (`grn_no`,`iid`,`qty`,`amount`) VALUES 
 ('2001','DSKI150194',25,14250),
 ('2001','DSKI150195',48,2191.2),
 ('2001','DSKI150196',150,12450),
 ('2001','DSKI150197',48,2191.2),
 ('2001','DSKI150198',120,9960),
 ('2001','DSKI150199',200,8000),
 ('2001','DSKI150206',5,2240),
 ('2001','DSKI150212',15,5962.5),
 ('2001','DSKI150231',750,15000),
 ('2001','DSKI150232',24,1992),
 ('2001','DSKI150233',48,3984),
 ('2001','DSKI150243',864,34128),
 ('2001','DSKI150244',48,1992),
 ('2001','DSKI150245',96,6672),
 ('20131','DSKI150119',70,15400),
 ('2050','DSKI150012',36,10440),
 ('2050','DSKI150021',180,42300),
 ('2050','DSKI150022',72,16560),
 ('2050','DSKI150031',384,13632),
 ('2050','DSKI150035',144,5040),
 ('2050','DSKI150037',144,5832),
 ('2050','DSKI150038',1440,23040),
 ('2050','DSKI150054',384,9216),
 ('2050','DSKI150057',640,27520),
 ('2050','DSKI150058',48,6624),
 ('2050','DSKI150061',250,12000),
 ('2050','DSKI150080',144,5616),
 ('2050','DSKI150087',96,8160),
 ('2050','DSKI150092',336,15792),
 ('2050','DSKI150093',144,9360);
INSERT INTO `grn` (`grn_no`,`iid`,`qty`,`amount`) VALUES 
 ('2050','DSKI150099',360,11880),
 ('2050','DSKI150105',120,18480),
 ('2050','DSKI150136',72,3096),
 ('2050','DSKI150147',120,10080),
 ('2050','DSKI150163',120,5880),
 ('2050','DSKI150166',200,5900),
 ('2050','DSKI150170',192,3072),
 ('2050','DSKI150187',240,4152),
 ('2050','DSKI150191',288,11952),
 ('2050','DSKI150192',150,9337.5),
 ('2050','DSKI150193',120,9960),
 ('2050','DSKI150199',250,10000),
 ('2050','DSKI150200',5,3150),
 ('2050','DSKI150204',7,3955),
 ('2050','DSKI150205',72,2952),
 ('2050','DSKI150211',120,6960),
 ('2050','DSKI150221',2400,9600),
 ('2050','DSKI150229',120,10500),
 ('2050','DSKI150231',500,10000),
 ('2050','DSKI150241',300,37200),
 ('2050','DSKI150252',200,10700),
 ('2050','DSKI150253',400,6560),
 ('2050','DSKI150255',20,5400),
 ('2132','DSKI150135',1375,55000),
 ('2314','DSKI150033',144,2736),
 ('2451','DSKI150042',360,16200),
 ('2581','DSKI150049',240,9240),
 ('30001','DSKI150062',546,28938),
 ('3002','DSKI150140',252,9450),
 ('3011','DSKI150145',120,72000);
INSERT INTO `grn` (`grn_no`,`iid`,`qty`,`amount`) VALUES 
 ('3011','DSKI150250',50,12000),
 ('3011','DSKI150251',500,7000),
 ('302','DSKI150002',180,54810),
 ('302','DSKI150003',24,18168),
 ('302','DSKI150004',108,20196),
 ('302','DSKI150005',180,54810),
 ('302','DSKI150006',36,27270),
 ('302','DSKI150007',180,10080),
 ('3204','DSKI150128',60,9480),
 ('3204','DSKI150132',24,9456),
 ('3204','DSKI150140',420,15750),
 ('321','DSKI150183',48,5832),
 ('321','DSKI150185',420,9954),
 ('321','DSKI150189',144,4752),
 ('357','DSKI150011',360,5760),
 ('4010','DSKI150037',288,11664),
 ('4010','DSKI150085',1120,38080),
 ('4010','DSKI150086',280,16800),
 ('4010','DSKI150087',144,12240),
 ('4010','DSKI150088',48,5184),
 ('4010','DSKI150211',96,5568),
 ('4010','DSKI150235',48,6336),
 ('4010','DSKI150252',40,2200),
 ('4010','DSKI150253',100,1620),
 ('4010','DSKI150254',15,1800),
 ('4021','DSKI150149',150,50250),
 ('4561','DSKI150174',150,129000),
 ('500','DSKI150101',500,25000),
 ('500','DSKI150102',20,4100),
 ('5003','DSKI150002',180,54810);
INSERT INTO `grn` (`grn_no`,`iid`,`qty`,`amount`) VALUES 
 ('5003','DSKI150005',252,76734),
 ('5003','DSKI150007',180,10080),
 ('5003','DSKI150008',96,11673.6),
 ('5003','DSKI150046',720,30600),
 ('5003','DSKI150175',25,9825),
 ('523','DSKI150012',36,10440),
 ('523','DSKI150018',120,31200),
 ('523','DSKI150021',144,33840),
 ('523','DSKI150026',144,4536),
 ('523','DSKI150027',144,5472),
 ('523','DSKI150029',144,5400),
 ('523','DSKI150030',432,16848),
 ('523','DSKI150032',288,7848),
 ('523','DSKI150034',288,10224),
 ('523','DSKI150038',1440,23040),
 ('523','DSKI150043',180,15300),
 ('523','DSKI150052',300,14400),
 ('523','DSKI150205',72,2952),
 ('523','DSKI150233',24,1992),
 ('523','DSKI150240',5,2120),
 ('523','DSKI150243',1296,51192),
 ('523','DSKI150255',25,6750),
 ('523','DSKI150257',240,28560),
 ('601','DSKI150031',384,13632),
 ('601','DSKI150102',20,4100),
 ('601','DSKI150103',100,5600),
 ('601','DSKI150107',840,100800),
 ('601','DSKI150121',40,4200),
 ('601','DSKI150122',48,10176),
 ('601','DSKI150144',24,16920);
INSERT INTO `grn` (`grn_no`,`iid`,`qty`,`amount`) VALUES 
 ('601','DSKI150150',200,9600),
 ('601','DSKI150155',159,7473),
 ('601','DSKI150156',2304,12672),
 ('601','DSKI150159',24,2232),
 ('601','DSKI150161',1050,8610),
 ('601','DSKI150163',120,5880),
 ('601','DSKI150166',300,8850),
 ('601','DSKI150167',150,9300),
 ('601','DSKI150178',48,5040),
 ('601','DSKI150183',48,5832),
 ('601','DSKI150190',3,1590),
 ('601','DSKI150191',336,13944),
 ('601','DSKI150192',60,3735),
 ('601','DSKI150193',160,13280),
 ('601','DSKI150196',150,12450),
 ('601','DSKI150198',120,9960),
 ('601','DSKI150199',150,6000),
 ('601','DSKI150200',10,6300),
 ('601','DSKI150201',48,1752),
 ('601','DSKI150202',3,1659),
 ('601','DSKI150203',48,1752),
 ('601','DSKI150204',3,1695),
 ('601','DSKI150207',48,1992),
 ('601','DSKI150220',2304,9216),
 ('601','DSKI150231',350,7000),
 ('601','DSKI150232',96,7968),
 ('601','DSKI150237',18,1614.6),
 ('601','DSKI150241',105,13020),
 ('601','DSKI150258',735,30870),
 ('601','DSKI150259',24,2616),
 ('601','DSKI150260',48,4464);
INSERT INTO `grn` (`grn_no`,`iid`,`qty`,`amount`) VALUES 
 ('601','DSKI150261',60,9480),
 ('601','DSKI150262',24,9456),
 ('601','DSKI150263',106,5406),
 ('601','DSKI150267',24,2436),
 ('601','DSKI150268',36,1260),
 ('601','DSKI150269',36,1962),
 ('601','DSKI150270',159,7473),
 ('6010','DSKI150042',720,32760),
 ('6010','DSKI150051',150,3450),
 ('6010','DSKI150052',250,12000),
 ('6010','DSKI150081',100,14000),
 ('6010','DSKI150086',280,16800),
 ('6010','DSKI150088',48,5184),
 ('6010','DSKI150140',210,7875),
 ('6010','DSKI150161',2250,18450),
 ('6010','DSKI150185',600,14220),
 ('6010','DSKI150240',15,6360),
 ('6010','DSKI150271',720,27360),
 ('6021','DSKI150052',250,12000),
 ('6021','DSKI150061',82,37720),
 ('603','DSKI150057',240,10320),
 ('603','DSKI150058',72,9936),
 ('603','DSKI150059',120,41520),
 ('603','DSKI150097',540,18630),
 ('603','DSKI150099',360,11880),
 ('603','DSKI150109',850,63750),
 ('603','DSKI150112',13,3185),
 ('603','DSKI150115',80,10400),
 ('603','DSKI150116',120,27600),
 ('603','DSKI150117',187.5,33750);
INSERT INTO `grn` (`grn_no`,`iid`,`qty`,`amount`) VALUES 
 ('603','DSKI150264',144,5616),
 ('603','DSKI150265',240,8280),
 ('603','DSKI150266',240,14280),
 ('6214','DSKI150013',12,8700),
 ('6221','DSKI150003',48,36336),
 ('7020','DSKI150010',32,23200),
 ('921','DSKI150125',18,3294);
/*!40000 ALTER TABLE `grn` ENABLE KEYS */;


--
-- Table structure for table `dmk`.`grn_info`
--

DROP TABLE IF EXISTS `grn_info`;
CREATE TABLE `grn_info` (
  `grn_no` varchar(45) NOT NULL,
  `date` date NOT NULL default '0000-00-00',
  `item_count` double NOT NULL default '0',
  `total_amount` double NOT NULL default '0',
  `sid` varchar(45) NOT NULL,
  PRIMARY KEY  (`grn_no`,`sid`,`total_amount`,`item_count`,`date`),
  KEY `fk_grn_has_supplier_supplier1_idx` (`sid`),
  KEY `fk_grn_has_supplier_grn1_idx` (`grn_no`),
  CONSTRAINT `fk_grn_has_supplier_grn1` FOREIGN KEY (`grn_no`) REFERENCES `grn` (`grn_no`) ON DELETE NO ACTION ON UPDATE NO ACTION,
  CONSTRAINT `fk_grn_has_supplier_supplier1` FOREIGN KEY (`sid`) REFERENCES `supplier` (`sid`) ON DELETE NO ACTION ON UPDATE NO ACTION
) ENGINE=InnoDB DEFAULT CHARSET=utf8;

--
-- Dumping data for table `dmk`.`grn_info`
--

/*!40000 ALTER TABLE `grn_info` DISABLE KEYS */;
INSERT INTO `grn_info` (`grn_no`,`date`,`item_count`,`total_amount`,`sid`) VALUES 
 ('0001','2016-06-19',76,26448,'DSKS15000001'),
 ('0012','2016-06-26',264,22680,'DSKS15000001'),
 ('003','2016-06-18',1.5,540,'DSKS15000001'),
 ('01','2016-06-17',452,134994,'DSKS15000001'),
 ('011','2016-07-04',480,58560,'DSKS15000001'),
 ('021','2016-06-20',1800,14760,'DSKS15000001'),
 ('03','2016-06-18',573,33789,'DSKS15000001'),
 ('03','2016-06-18',1537,74695,'DSKS15000001'),
 ('04','2016-06-18',1545,67407,'DSKS15000001'),
 ('05','2016-06-17',7682,665485,'DSKS15000001'),
 ('06','2016-06-18',3504,133697,'DSKS15000001'),
 ('07','2016-06-18',1048,116912.5,'DSKS15000001'),
 ('100','2016-06-18',84,22354,'DSKS15000001'),
 ('1001','2016-06-18',5001,270049.2,'DSKS15000001'),
 ('1002','2016-06-18',1203,95162.2,'DSKS15000001'),
 ('1004','2016-06-18',245,30069,'DSKS15000001'),
 ('1007','2016-06-18',579,30181,'DSKS15000001'),
 ('101','2016-06-18',181,13213,'DSKS15000001'),
 ('102','2016-06-19',400,1720,'DSKS15000001'),
 ('110','2016-06-18',841,46865,'DSKS15000001');
INSERT INTO `grn_info` (`grn_no`,`date`,`item_count`,`total_amount`,`sid`) VALUES 
 ('1101','2016-06-29',360,15471,'DSKS15000001'),
 ('111','2016-06-18',1444,249008,'DSKS15000001'),
 ('112','2016-06-18',16849,285214.5,'DSKS15000001'),
 ('113','2016-06-18',5626,152011.5,'DSKS15000001'),
 ('114','2016-06-18',1367,83773.8,'DSKS15000001'),
 ('115','2016-06-20',190,26560,'DSKS15000001'),
 ('115','2016-06-18',881,58406.35,'DSKS15000001'),
 ('1211','2016-06-20',360,15720,'DSKS15000001'),
 ('2001','2016-06-21',11661,608184.4,'DSKS15000001'),
 ('2050','2016-07-02',10818,421898.5,'DSKS15000001'),
 ('2314','2016-07-03',144,2736,'DSKS15000001'),
 ('2451','2016-06-28',360,16200,'DSKS15000001'),
 ('2581','2016-07-04',240,9240,'DSKS15000001'),
 ('3002','2016-06-26',252,9450,'DSKS15000001'),
 ('3011','2016-06-24',670,91000,'DSKS15000001'),
 ('3204','2016-07-04',420,15750,'DSKS15000001'),
 ('3204','2016-07-01',84,18936,'DSKS15000001'),
 ('321','2016-06-26',612,20538,'DSKS15000001'),
 ('357','2016-07-03',360,5760,'DSKS15000001'),
 ('4010','2016-06-26',2179,101492,'DSKS15000001');
INSERT INTO `grn_info` (`grn_no`,`date`,`item_count`,`total_amount`,`sid`) VALUES 
 ('4021','2016-07-01',150,50250,'DSKS15000001'),
 ('523','2016-06-26',5322,272114,'DSKS15000001'),
 ('601','2016-06-27',11123,421267.6,'DSKS15000001'),
 ('6021','2016-07-02',332,49720,'DSKS15000001'),
 ('603','2016-06-27',3206.5,259147,'DSKS15000001'),
 ('6214','2016-07-02',12,8700,'DSKS15000001'),
 ('921','2016-07-03',18,3294,'DSKS15000001'),
 ('0003','2016-07-01',4668,481268,'DSKS15000002'),
 ('02','2016-06-18',4695,177630,'DSKS15000002'),
 ('1005','2016-06-18',1542,62184,'DSKS15000002'),
 ('1020','2016-06-20',120,4920,'DSKS15000002'),
 ('1020','2016-06-24',48,6336,'DSKS15000002'),
 ('105','2016-06-18',157,31527,'DSKS15000002'),
 ('106','2016-06-18',108,22352,'DSKS15000002'),
 ('117','2016-06-18',201,11423.25,'DSKS15000002'),
 ('118','2016-06-18',1051,168778.6,'DSKS15000002'),
 ('120','2016-06-18',20,820,'DSKS15000002'),
 ('125','2016-06-26',796,69840,'DSKS15000002'),
 ('1478','2016-07-02',32,23200,'DSKS15000002'),
 ('7020','2016-07-02',32,23200,'DSKS15000002');
INSERT INTO `grn_info` (`grn_no`,`date`,`item_count`,`total_amount`,`sid`) VALUES 
 ('00011','2016-06-20',48,3072,'DSKS15000003'),
 ('1005','2016-06-26',20820,847134,'DSKS15000003'),
 ('302','2016-06-22',708,185334,'DSKS15000003'),
 ('5003','2016-07-03',1453,193722.6,'DSKS15000003'),
 ('6221','2016-07-02',48,36336,'DSKS15000003'),
 ('1005','2016-06-22',782,48648,'DSKS15000005'),
 ('121','2016-06-18',4336,27657,'DSKS15000005'),
 ('2132','2016-07-03',1375,55000,'DSKS15000005'),
 ('30001','2016-06-24',546,28938,'DSKS15000005'),
 ('500','2016-06-27',520,29100,'DSKS15000005'),
 ('1144','2016-06-28',1405,78825,'DSKS15000006'),
 ('123','2016-06-19',924,102372,'DSKS15000006'),
 ('4561','2016-07-02',150,129000,'DSKS15000006'),
 ('6010','2016-07-01',5343,158459,'DSKS15000006'),
 ('0001','2016-06-20',48,4272,'DSKS15000007'),
 ('1020','2016-06-28',110,21100,'DSKS15000007'),
 ('112','2016-06-22',15,4050,'DSKS15000007'),
 ('1478','2016-06-26',20,4800,'DSKS15000007'),
 ('20131','2016-07-02',70,15400,'DSKS15000008');
/*!40000 ALTER TABLE `grn_info` ENABLE KEYS */;


--
-- Table structure for table `dmk`.`invoice`
--

DROP TABLE IF EXISTS `invoice`;
CREATE TABLE `invoice` (
  `invoice_no` varchar(255) NOT NULL,
  `iid` varchar(255) NOT NULL,
  `item_name` varchar(255) NOT NULL default '',
  `unit_price` double(10,0) NOT NULL default '0',
  `qty` double(10,0) NOT NULL default '0',
  `netamount` double NOT NULL default '0',
  `date` date NOT NULL default '0000-00-00',
  PRIMARY KEY  (`invoice_no`,`iid`,`item_name`,`unit_price`,`qty`,`netamount`,`date`)
) ENGINE=InnoDB DEFAULT CHARSET=utf8;

--
-- Dumping data for table `dmk`.`invoice`
--

/*!40000 ALTER TABLE `invoice` DISABLE KEYS */;
INSERT INTO `invoice` (`invoice_no`,`iid`,`item_name`,`unit_price`,`qty`,`netamount`,`date`) VALUES 
 ('DSKI15000047','DSKI150062','ASAMODAGAM',58,12,696,'2016-06-20'),
 ('DSKI15000047','DSKI150068','BIC EASY2',43,40,1720,'2016-06-20'),
 ('DSKI15000047','DSKI150080','GILLETTE',38,36,1368,'2016-06-20'),
 ('DSKI15000047','DSKI150091','CLOGURD 120g',88,6,528,'2016-06-20'),
 ('DSKI15000047','DSKI150093','SUDANTHA 80g',75,6,450,'2016-06-20'),
 ('DSKI15000047','DSKI150097','SIGNAL BRUSH',37,36,1314,'2016-06-20'),
 ('DSKI15000047','DSKI150102','NILMA LIQUID',215,1,215,'2016-06-20'),
 ('DSKI15000047','DSKI150109','BUDDY SHOPPIN',85,10,850,'2016-06-20'),
 ('DSKI15000047','DSKI150110','2/= SHOPPIN',150,5,750,'2016-06-20'),
 ('DSKI15000047','DSKI150122','CENTRE FRUIT',235,3,705,'2016-06-20'),
 ('DSKI15000047','DSKI150124','5/= PIECE (CA/MU/TM/KI/LAY/ID/POL)',160,4,640,'2016-06-20'),
 ('DSKI15000047','DSKI150132','CHOCALATE 50/=',470,3,1410,'2016-06-20'),
 ('DSKI15000047','DSKI150134','TIPI TIP 10/=',280,1,280,'2016-06-20'),
 ('DSKI15000047','DSKI150135','TIPI TIP 60/=',47,12,564,'2016-06-20');
INSERT INTO `invoice` (`invoice_no`,`iid`,`item_name`,`unit_price`,`qty`,`netamount`,`date`) VALUES 
 ('DSKI15000047','DSKI150140','MILLO',38,84,3192,'2016-06-20'),
 ('DSKI15000047','DSKI150142','SIX O CLOCK 20/=',170,2,340,'2016-06-20'),
 ('DSKI15000047','DSKI150144','AMRITHA 80/= (O/R/B/H/J)',730,1,730,'2016-06-20'),
 ('DSKI15000047','DSKI150149','AMEENS HAIR DIE',360,5,1800,'2016-06-20'),
 ('DSKI15000047','DSKI150156','SUNSILK SHAMPOO SH.(B/R/O/Y/BR)',6,144,864,'2016-06-20'),
 ('DSKI15000047','DSKI150167','SUNLIGHT WP 400g',64,12,768,'2016-06-20'),
 ('DSKI15000047','DSKI150168','SUNLIGHT WP 1kg',135,6,810,'2016-06-20'),
 ('DSKI15000047','DSKI150174','CHAMPIKA BEDI',860,1,860,'2016-06-20'),
 ('DSKI15000047','DSKI150193','CREAM CRACKER 100/=',85,8,680,'2016-06-20'),
 ('DSKI15000047','DSKI150196','LEMON PUFF (L)',85,16,1360,'2016-06-20'),
 ('DSKI15000047','DSKI150198','CHOCOLATE PUFF(L)',85,14,1190,'2016-06-20'),
 ('DSKI15000047','DSKI150200','CHOCALATE CREAM 400g',645,2,1290,'2016-06-20'),
 ('DSKI15000047','DSKI150213','SHORTIES 400g(D /MIC /LU)',280,10,2800,'2016-06-20');
INSERT INTO `invoice` (`invoice_no`,`iid`,`item_name`,`unit_price`,`qty`,`netamount`,`date`) VALUES 
 ('DSKI15000047','DSKI150220','LIFE BOUY SHAMPOO SH P 5/=',4,72,306,'2016-06-20'),
 ('DSKI15000047','DSKI150240','ONION BISCUT 20/=',480,1,480,'2016-06-20'),
 ('DSKI15000047','DSKI150242','HEAD PAST 75/=',66,6,396,'2016-06-20'),
 ('DSKI15000048','DSKI150011','NESPRAY SH.18/=',17,360,5940,'2016-06-21'),
 ('DSKI15000048','DSKI150020','NESTAMOLT SH.25/=',23,450,10350,'2016-06-21'),
 ('DSKI15000048','DSKI150021','VIVA 400g',245,36,8820,'2016-06-21'),
 ('DSKI15000048','DSKI150024','SUNLIGHT SOAP',38,720,27000,'2016-06-21'),
 ('DSKI15000048','DSKI150025','LIFE BOUY SOAP',43,735,31237.5,'2016-06-21'),
 ('DSKI15000048','DSKI150026','KHOMBA SOAP',33,288,9504,'2016-06-21'),
 ('DSKI15000048','DSKI150027','RANI SOAP',40,144,5760,'2016-06-21'),
 ('DSKI15000048','DSKI150035','KHOMBA BABY (R/W)',37,144,5328,'2016-06-21'),
 ('DSKI15000048','DSKI150038','VIM 100g',17,720,12240,'2016-06-21'),
 ('DSKI15000048','DSKI150042','LA O JEE 50g',47,120,5640,'2016-06-21'),
 ('DSKI15000048','DSKI150043','LA O JEE 100g',92,72,6624,'2016-06-21');
INSERT INTO `invoice` (`invoice_no`,`iid`,`item_name`,`unit_price`,`qty`,`netamount`,`date`) VALUES 
 ('DSKI15000048','DSKI150046','WATAWALA 50g',46,240,11040,'2016-06-21'),
 ('DSKI15000048','DSKI150052','SAMAPOSA 200g',51,75,3825,'2016-06-21'),
 ('DSKI15000048','DSKI150054','MAGGI NOODLES 30/=',26,192,4896,'2016-06-21'),
 ('DSKI15000048','DSKI150058','PRIMA NOODELES 168/=',143,24,3432,'2016-06-21'),
 ('DSKI15000048','DSKI150059','PANADOL',360,24,8640,'2016-06-21'),
 ('DSKI15000048','DSKI150061','SAMAHAN',490,10,4900,'2016-06-21'),
 ('DSKI15000048','DSKI150092','SUDANTHA 40g',50,48,2400,'2016-06-21'),
 ('DSKI15000048','DSKI150093','SUDANTHA 80g',70,48,3360,'2016-06-21'),
 ('DSKI15000048','DSKI150097','SIGNAL BRUSH',37,180,6660,'2016-06-21'),
 ('DSKI15000048','DSKI150101','NINJA COIL',53,100,5300,'2016-06-21'),
 ('DSKI15000048','DSKI150122','CENTRE FRUIT',230,6,1380,'2016-06-21'),
 ('DSKI15000048','DSKI150144','AMRITHA 80/= (O/R/B/H/J)',725,5,3625,'2016-06-21'),
 ('DSKI15000048','DSKI150151','REKHA PAPADAM',1300,5,6500,'2016-06-21'),
 ('DSKI15000048','DSKI150158','LIFE BOUY SHAMPOO SH.(B/P/G)',5,1728,9072,'2016-06-21');
INSERT INTO `invoice` (`invoice_no`,`iid`,`item_name`,`unit_price`,`qty`,`netamount`,`date`) VALUES 
 ('DSKI15000048','DSKI150161','DIVA WP 70g',9,300,2550,'2016-06-21'),
 ('DSKI15000048','DSKI150162','DIVA WP 200g',35,60,2100,'2016-06-21'),
 ('DSKI15000048','DSKI150163','DIVA WP 400g',52,40,2080,'2016-06-21'),
 ('DSKI15000048','DSKI150164','DIVA WP 1kg',130,45,5850,'2016-06-21'),
 ('DSKI15000048','DSKI150173','SURF EXEL 500g',125,32,4000,'2016-06-21'),
 ('DSKI15000048','DSKI150231','LANKA SOYA 30/=',22,250,5500,'2016-06-21'),
 ('DSKI15000049','DSKI150007','RATTHI SH.70/=',56,9,504,'2016-06-21'),
 ('DSKI15000049','DSKI150024','SUNLIGHT SOAP',38,12,450,'2016-06-21'),
 ('DSKI15000049','DSKI150029','VELVET SOAP',42,4,168,'2016-06-21'),
 ('DSKI15000049','DSKI150036','CHERAMY BABY (O/N)',40,3,120,'2016-06-21'),
 ('DSKI15000049','DSKI150134','TIPI TIP 10/=',280,1,280,'2016-06-21'),
 ('DSKI15000049','DSKI150161','DIVA WP 70g',9,30,270,'2016-06-21'),
 ('DSKI15000049','DSKI150165','SUNLIGHT WP 10/=',9,12,108,'2016-06-21'),
 ('DSKI15000049','DSKI150193','CREAM CRACKER 100/=',88,2,176,'2016-06-21');
INSERT INTO `invoice` (`invoice_no`,`iid`,`item_name`,`unit_price`,`qty`,`netamount`,`date`) VALUES 
 ('DSKI15000050','DSKI150002','ANCHOR 400g',307,3,921,'2016-06-21'),
 ('DSKI15000050','DSKI150024','SUNLIGHT SOAP',38,12,450,'2016-06-21'),
 ('DSKI15000050','DSKI150048','KOTAGALA SH.20/=',16,24,384,'2016-06-21'),
 ('DSKI15000050','DSKI150119','MYLADY',240,1,240,'2016-06-21'),
 ('DSKI15000050','DSKI150161','DIVA WP 70g',9,30,262.5,'2016-06-21'),
 ('DSKI15000050','DSKI150163','DIVA WP 400g',53,3,159,'2016-06-21'),
 ('DSKI15000050','DSKI150164','DIVA WP 1kg',125,3,375,'2016-06-21'),
 ('DSKI15000050','DSKI150167','SUNLIGHT WP 400g',63,3,189,'2016-06-21'),
 ('DSKI15000050','DSKI150168','SUNLIGHT WP 1kg',135,3,405,'2016-06-21'),
 ('DSKI15000050','DSKI150177','BABY CREAM 80/=',68,3,204,'2016-06-21'),
 ('DSKI15000050','DSKI150178','BABY CREAM 135/=',115,3,345,'2016-06-21'),
 ('DSKI15000050','DSKI150184','KESHA H/O',125,3,375,'2016-06-21'),
 ('DSKI15000050','DSKI150208','HAWAIN COKIES 95/=',83,6,498,'2016-06-21'),
 ('DSKI15000051','DSKI150018','NESTAMOLT 400g',265,3,795,'2016-06-21');
INSERT INTO `invoice` (`invoice_no`,`iid`,`item_name`,`unit_price`,`qty`,`netamount`,`date`) VALUES 
 ('DSKI15000051','DSKI150059','PANADOL',370,2,740,'2016-06-21'),
 ('DSKI15000052','DSKI150024','SUNLIGHT SOAP',38,15,562.5,'2016-06-21'),
 ('DSKI15000052','DSKI150122','CENTRE FRUIT',235,1,235,'2016-06-21'),
 ('DSKI15000052','DSKI150129','CHOCALATE 20/=',384,1,384,'2016-06-21'),
 ('DSKI15000052','DSKI150151','REKHA PAPADAM',35,6,210,'2016-06-21'),
 ('DSKI15000052','DSKI150158','LIFE BOUY SHAMPOO SH.(B/P/G)',5,36,189,'2016-06-21'),
 ('DSKI15000052','DSKI150174','CHAMPIKA BEDI',860,1,860,'2016-06-21'),
 ('DSKI15000052','DSKI150185','TIKIRI MARIE 100g',25,6,150,'2016-06-21'),
 ('DSKI15000052','DSKI150187','LITE MARIE 100g',18,6,105,'2016-06-21'),
 ('DSKI15000052','DSKI150191','CREAM CRACKER 50/=',44,6,264,'2016-06-21'),
 ('DSKI15000052','DSKI150199','CHOCALATE CREAM 100g',42,12,504,'2016-06-21'),
 ('DSKI15000053','DSKI150019','NESTAMOLT WEL 400g',253,40,10120,'2016-06-21'),
 ('DSKI15000053','DSKI150022','VIVA WEL 400g',240,36,8640,'2016-06-21'),
 ('DSKI15000053','DSKI150024','SUNLIGHT SOAP',37,120,4440,'2016-06-21');
INSERT INTO `invoice` (`invoice_no`,`iid`,`item_name`,`unit_price`,`qty`,`netamount`,`date`) VALUES 
 ('DSKI15000053','DSKI150052','SAMAPOSA 200g',50,25,1250,'2016-06-21'),
 ('DSKI15000053','DSKI150146','MATCHES',580,5,2900,'2016-06-21'),
 ('DSKI15000053','DSKI150149','AMEENS HAIR DIE',360,10,3600,'2016-06-21'),
 ('DSKI15000053','DSKI150243','VELVET 50/=',42,72,3024,'2016-06-21'),
 ('DSKI15000054','DSKI150004','RATTHI 250g',193,2,386,'2016-06-21'),
 ('DSKI15000054','DSKI150005','RATTHI 400g',310,4,1240,'2016-06-21'),
 ('DSKI15000054','DSKI150009','NESPRAY 400g',305,3,915,'2016-06-21'),
 ('DSKI15000054','DSKI150018','NESTAMOLT 400g',270,4,1080,'2016-06-21'),
 ('DSKI15000054','DSKI150043','LA O JEE 100g',95,6,570,'2016-06-21'),
 ('DSKI15000054','DSKI150052','SAMAPOSA 200g',53,6,318,'2016-06-21'),
 ('DSKI15000054','DSKI150057','KOTTU MEE',46,20,920,'2016-06-21'),
 ('DSKI15000054','DSKI150059','PANADOL',380,1,380,'2016-06-21'),
 ('DSKI15000054','DSKI150061','SAMAHAN',500,1,500,'2016-06-21'),
 ('DSKI15000054','DSKI150063','IDEX 70/=',62,3,186,'2016-06-21');
INSERT INTO `invoice` (`invoice_no`,`iid`,`item_name`,`unit_price`,`qty`,`netamount`,`date`) VALUES 
 ('DSKI15000054','DSKI150068','BIC EASY2',45,40,1800,'2016-06-21'),
 ('DSKI15000054','DSKI150089','CLOGURD 40g',36,12,432,'2016-06-21'),
 ('DSKI15000054','DSKI150101','NINJA COIL',57,6,342,'2016-06-21'),
 ('DSKI15000054','DSKI150102','NILMA LIQUID',220,1,220,'2016-06-21'),
 ('DSKI15000054','DSKI150107','RASAMALU SAMON',127,12,1524,'2016-06-21'),
 ('DSKI15000054','DSKI150118','TOFFIE 1/=',90,2,180,'2016-06-21'),
 ('DSKI15000054','DSKI150119','MYLADY',240,1,240,'2016-06-21'),
 ('DSKI15000054','DSKI150140','MILLO',39,15,585,'2016-06-21'),
 ('DSKI15000054','DSKI150141','HANDUNKURU 10/=',60,1,60,'2016-06-21'),
 ('DSKI15000054','DSKI150142','SIX O CLOCK 20/=',180,2,360,'2016-06-21'),
 ('DSKI15000054','DSKI150145','SOORYA MATCH',630,1,630,'2016-06-21'),
 ('DSKI15000054','DSKI150149','AMEENS HAIR DIE',380,1,380,'2016-06-21'),
 ('DSKI15000054','DSKI150156','SUNSILK SHAMPOO SH.(B/R/O/Y/BR)',6,60,375,'2016-06-21'),
 ('DSKI15000054','DSKI150158','LIFE BOUY SHAMPOO SH.(B/P/G)',6,60,330,'2016-06-21');
INSERT INTO `invoice` (`invoice_no`,`iid`,`item_name`,`unit_price`,`qty`,`netamount`,`date`) VALUES 
 ('DSKI15000054','DSKI150161','DIVA WP 70g',9,60,540,'2016-06-21'),
 ('DSKI15000054','DSKI150164','DIVA WP 1kg',128,3,384,'2016-06-21'),
 ('DSKI15000054','DSKI150174','CHAMPIKA BEDI',860,2,1720,'2016-06-21'),
 ('DSKI15000054','DSKI150176','PAHANTHIRA 5/=',230,1,230,'2016-06-21'),
 ('DSKI15000054','DSKI150185','TIKIRI MARIE 100g',26,20,520,'2016-06-21'),
 ('DSKI15000054','DSKI150187','LITE MARIE 100g',18,20,360,'2016-06-21'),
 ('DSKI15000054','DSKI150191','CREAM CRACKER 50/=',44,12,528,'2016-06-21'),
 ('DSKI15000054','DSKI150196','LEMON PUFF (L)',88,6,528,'2016-06-21'),
 ('DSKI15000054','DSKI150198','CHOCOLATE PUFF(L)',88,6,528,'2016-06-21'),
 ('DSKI15000054','DSKI150231','LANKA SOYA 30/=',24,25,600,'2016-06-21'),
 ('DSKI15000054','DSKI150235','NESTOMALT 175g',140,3,420,'2016-06-21'),
 ('DSKI15000054','DSKI150240','ONION BISCUT 20/=',480,1,480,'2016-06-21'),
 ('DSKI15000054','DSKI150242','HEAD PAST 75/=',67,3,201,'2016-06-21'),
 ('DSKI15000055','DSKI150002','ANCHOR 400g',310,3,930,'2016-06-21');
INSERT INTO `invoice` (`invoice_no`,`iid`,`item_name`,`unit_price`,`qty`,`netamount`,`date`) VALUES 
 ('DSKI15000055','DSKI150005','RATTHI 400g',310,6,1860,'2016-06-21'),
 ('DSKI15000055','DSKI150024','SUNLIGHT SOAP',38,120,4560,'2016-06-21'),
 ('DSKI15000055','DSKI150042','LA O JEE 50g',48,36,1728,'2016-06-21'),
 ('DSKI15000055','DSKI150048','KOTAGALA SH.20/=',17,24,408,'2016-06-21'),
 ('DSKI15000055','DSKI150082','PANASONIC BATTRY',60,24,1440,'2016-06-21'),
 ('DSKI15000055','DSKI150083','AA',28,24,672,'2016-06-21'),
 ('DSKI15000055','DSKI150092','SUDANTHA 40g',53,12,636,'2016-06-21'),
 ('DSKI15000055','DSKI150101','NINJA COIL',57,15,855,'2016-06-21'),
 ('DSKI15000055','DSKI150102','NILMA LIQUID',220,1,220,'2016-06-21'),
 ('DSKI15000055','DSKI150108','CAPTON SAMAN',270,6,1620,'2016-06-21'),
 ('DSKI15000055','DSKI150109','BUDDY SHOPPIN',85,5,425,'2016-06-21'),
 ('DSKI15000055','DSKI150110','2/= SHOPPIN',150,3,450,'2016-06-21'),
 ('DSKI15000055','DSKI150118','TOFFIE 1/=',90,2,180,'2016-06-21'),
 ('DSKI15000055','DSKI150121','BUBBLE GUM',130,1,130,'2016-06-21');
INSERT INTO `invoice` (`invoice_no`,`iid`,`item_name`,`unit_price`,`qty`,`netamount`,`date`) VALUES 
 ('DSKI15000055','DSKI150122','CENTRE FRUIT',240,1,240,'2016-06-21'),
 ('DSKI15000055','DSKI150139','PEPERMINT',170,1,170,'2016-06-21'),
 ('DSKI15000055','DSKI150141','HANDUNKURU 10/=',60,1,60,'2016-06-21'),
 ('DSKI15000055','DSKI150142','SIX O CLOCK 20/=',170,1,170,'2016-06-21'),
 ('DSKI15000055','DSKI150148','EVA PINK',95,6,570,'2016-06-21'),
 ('DSKI15000055','DSKI150149','AMEENS HAIR DIE',380,1,380,'2016-06-21'),
 ('DSKI15000055','DSKI150150','ORANGE BULB(40/60/75/100 W)',60,36,2160,'2016-06-21'),
 ('DSKI15000055','DSKI150156','SUNSILK SHAMPOO SH.(B/R/O/Y/BR)',6,60,375,'2016-06-21'),
 ('DSKI15000055','DSKI150178','BABY CREAM 135/=',115,6,690,'2016-06-21'),
 ('DSKI15000055','DSKI150179','BABY POWDER',75,3,225,'2016-06-21'),
 ('DSKI15000055','DSKI150180','BABY COLONE',115,6,690,'2016-06-21'),
 ('DSKI15000055','DSKI150184','KESHA H/O',130,3,390,'2016-06-21'),
 ('DSKI15000055','DSKI150185','TIKIRI MARIE 100g',25,30,750,'2016-06-21'),
 ('DSKI15000055','DSKI150194','CREAM CRACKER 175/=',600,1,600,'2016-06-21');
INSERT INTO `invoice` (`invoice_no`,`iid`,`item_name`,`unit_price`,`qty`,`netamount`,`date`) VALUES 
 ('DSKI15000055','DSKI150220','LIFE BOUY SHAMPOO SH P 5/=',5,72,324,'2016-06-21'),
 ('DSKI15000055','DSKI150226','BUTTER CAROL  175/=',145,4,580,'2016-06-21'),
 ('DSKI15000055','DSKI150234','KUMARIKA H/OIL 145/=',125,3,375,'2016-06-21'),
 ('DSKI15000055','DSKI150239','TREET BLAD',6,50,275,'2016-06-21'),
 ('DSKI15000056','DSKI150002','ANCHOR 400g',308,36,11088,'2016-06-21'),
 ('DSKI15000056','DSKI150005','RATTHI 400g',308,36,11088,'2016-06-21'),
 ('DSKI15000056','DSKI150009','NESPRAY 400g',300,40,12000,'2016-06-21'),
 ('DSKI15000056','DSKI150021','VIVA 400g',247,72,17784,'2016-06-21'),
 ('DSKI15000056','DSKI150029','VELVET SOAP',39,144,5616,'2016-06-21'),
 ('DSKI15000056','DSKI150031','DETOL SOAP',37,192,7104,'2016-06-21'),
 ('DSKI15000056','DSKI150054','MAGGI NOODLES 30/=',26,192,4944,'2016-06-21'),
 ('DSKI15000056','DSKI150057','KOTTU MEE',44,80,3520,'2016-06-21'),
 ('DSKI15000056','DSKI150059','PANADOL',365,12,4380,'2016-06-21'),
 ('DSKI15000056','DSKI150106','DIAMOND JACK',124,48,5952,'2016-06-21');
INSERT INTO `invoice` (`invoice_no`,`iid`,`item_name`,`unit_price`,`qty`,`netamount`,`date`) VALUES 
 ('DSKI15000056','DSKI150108','CAPTON SAMAN',270,12,3240,'2016-06-21'),
 ('DSKI15000056','DSKI150118','TOFFIE 1/=',85,20,1700,'2016-06-21'),
 ('DSKI15000056','DSKI150128','CHOCALATE 10/=',185,5,925,'2016-06-21'),
 ('DSKI15000056','DSKI150149','AMEENS HAIR DIE',360,5,1800,'2016-06-21'),
 ('DSKI15000056','DSKI150150','ORANGE BULB(40/60/75/100 W)',53,40,2120,'2016-06-21'),
 ('DSKI15000056','DSKI150185','TIKIRI MARIE 100g',25,240,5880,'2016-06-21'),
 ('DSKI15000056','DSKI150193','CREAM CRACKER 100/=',85,80,6800,'2016-06-21'),
 ('DSKI15000056','DSKI150196','LEMON PUFF (L)',85,90,7650,'2016-06-21'),
 ('DSKI15000056','DSKI150198','CHOCOLATE PUFF(L)',85,48,4080,'2016-06-21'),
 ('DSKI15000056','DSKI150199','CHOCALATE CREAM 100g',42,100,4200,'2016-06-21'),
 ('DSKI15000056','DSKI150241','DIVA W/P 1KG 150/=',130,30,3900,'2016-06-21'),
 ('DSKI15000056','DSKI150243','VELVET 50/=',41,144,5904,'2016-06-21'),
 ('DSKI15000057','DSKI150002','ANCHOR 400g',308,3,924,'2016-06-22');
INSERT INTO `invoice` (`invoice_no`,`iid`,`item_name`,`unit_price`,`qty`,`netamount`,`date`) VALUES 
 ('DSKI15000057','DSKI150004','RATTHI 250g',193,3,579,'2016-06-22'),
 ('DSKI15000057','DSKI150005','RATTHI 400g',308,10,3080,'2016-06-22'),
 ('DSKI15000057','DSKI150007','RATTHI SH.70/=',56,9,504,'2016-06-22'),
 ('DSKI15000057','DSKI150009','NESPRAY 400g',300,6,1800,'2016-06-22'),
 ('DSKI15000057','DSKI150011','NESPRAY SH.18/=',17,30,495,'2016-06-22'),
 ('DSKI15000057','DSKI150012','MALIBAN 400g',300,3,900,'2016-06-22'),
 ('DSKI15000057','DSKI150014','MALIBAN SH.18/=',17,20,330,'2016-06-22'),
 ('DSKI15000057','DSKI150018','NESTAMOLT 400g',270,5,1350,'2016-06-22'),
 ('DSKI15000057','DSKI150019','NESTAMOLT WEL 400g',260,5,1300,'2016-06-22'),
 ('DSKI15000057','DSKI150020','NESTAMOLT SH.25/=',23,30,690,'2016-06-22'),
 ('DSKI15000057','DSKI150021','VIVA 400g',260,3,780,'2016-06-22'),
 ('DSKI15000057','DSKI150023','VIVA SH.25/=',23,24,552,'2016-06-22'),
 ('DSKI15000057','DSKI150027','RANI SOAP',42,6,252,'2016-06-22'),
 ('DSKI15000057','DSKI150031','DETOL SOAP',42,12,504,'2016-06-22');
INSERT INTO `invoice` (`invoice_no`,`iid`,`item_name`,`unit_price`,`qty`,`netamount`,`date`) VALUES 
 ('DSKI15000057','DSKI150034','HAPPY BOUY',40,6,240,'2016-06-22'),
 ('DSKI15000057','DSKI150036','CHERAMY BABY (O/N)',39,10,390,'2016-06-22'),
 ('DSKI15000057','DSKI150038','VIM 100g',18,12,216,'2016-06-22'),
 ('DSKI15000057','DSKI150043','LA O JEE 100g',93,18,1674,'2016-06-22'),
 ('DSKI15000057','DSKI150046','WATAWALA 50g',48,24,1152,'2016-06-22'),
 ('DSKI15000057','DSKI150048','KOTAGALA SH.20/=',17,24,408,'2016-06-22'),
 ('DSKI15000057','DSKI150054','MAGGI NOODLES 30/=',26,6,156,'2016-06-22'),
 ('DSKI15000057','DSKI150057','KOTTU MEE',45,20,900,'2016-06-22'),
 ('DSKI15000057','DSKI150058','PRIMA NOODELES 168/=',148,3,444,'2016-06-22'),
 ('DSKI15000057','DSKI150060','PNADOL SYRUP',145,3,435,'2016-06-22'),
 ('DSKI15000057','DSKI150061','SAMAHAN',500,2,1000,'2016-06-22'),
 ('DSKI15000057','DSKI150062','ASAMODAGAM',58,3,174,'2016-06-22'),
 ('DSKI15000057','DSKI150065','SIDDALEPA 25/=',21,12,252,'2016-06-22'),
 ('DSKI15000057','DSKI150068','BIC EASY2',45,20,900,'2016-06-22');
INSERT INTO `invoice` (`invoice_no`,`iid`,`item_name`,`unit_price`,`qty`,`netamount`,`date`) VALUES 
 ('DSKI15000057','DSKI150080','GILLETTE',42,6,252,'2016-06-22'),
 ('DSKI15000057','DSKI150083','AA',27,12,324,'2016-06-22'),
 ('DSKI15000057','DSKI150094','SUPIRIVIKI 40g',38,6,228,'2016-06-22'),
 ('DSKI15000057','DSKI150100','DENTA JUNIOR',38,6,228,'2016-06-22'),
 ('DSKI15000057','DSKI150101','NINJA COIL',57,6,342,'2016-06-22'),
 ('DSKI15000057','DSKI150102','NILMA LIQUID',215,1,215,'2016-06-22'),
 ('DSKI15000057','DSKI150109','BUDDY SHOPPIN',85,6,510,'2016-06-22'),
 ('DSKI15000057','DSKI150110','2/= SHOPPIN',150,2,300,'2016-06-22'),
 ('DSKI15000057','DSKI150115','GROCERY (7x5)',200,1,200,'2016-06-22'),
 ('DSKI15000057','DSKI150116','GROCERY (7x10)',300,1,300,'2016-06-22'),
 ('DSKI15000057','DSKI150125','WAFER CHOCKS',200,1,200,'2016-06-22'),
 ('DSKI15000057','DSKI150126','JUJUBBS 2/=',380,1,380,'2016-06-22'),
 ('DSKI15000057','DSKI150145','SOORYA MATCH',630,1,630,'2016-06-22'),
 ('DSKI15000057','DSKI150149','AMEENS HAIR DIE',360,1,360,'2016-06-22'),
 ('DSKI15000057','DSKI150151','REKHA PAPADAM',35,10,350,'2016-06-22');
INSERT INTO `invoice` (`invoice_no`,`iid`,`item_name`,`unit_price`,`qty`,`netamount`,`date`) VALUES 
 ('DSKI15000057','DSKI150152','REKHA NOODELES 500g',70,10,700,'2016-06-22'),
 ('DSKI15000057','DSKI150161','DIVA WP 70g',9,60,540,'2016-06-22'),
 ('DSKI15000057','DSKI150165','SUNLIGHT WP 10/=',9,36,324,'2016-06-22'),
 ('DSKI15000057','DSKI150172','SURF EXEL 50/=',44,6,264,'2016-06-22'),
 ('DSKI15000057','DSKI150174','CHAMPIKA BEDI',860,1,860,'2016-06-22'),
 ('DSKI15000057','DSKI150175','A K SURUTTU',400,1,400,'2016-06-22'),
 ('DSKI15000057','DSKI150220','LIFE BOUY SHAMPOO SH P 5/=',5,48,216,'2016-06-22'),
 ('DSKI15000057','DSKI150221','DANDEX SHAMPOO SH 5/=',4,24,102,'2016-06-22'),
 ('DSKI15000057','DSKI150227','GINGER  COOKIES  100/=',80,6,480,'2016-06-22'),
 ('DSKI15000057','DSKI150228','VITA  COOKIES  100/=',80,6,480,'2016-06-22'),
 ('DSKI15000057','DSKI150235','NESTOMALT 175g',140,3,420,'2016-06-22'),
 ('DSKI15000057','DSKI150246','REAL COOKIES 100/=',82,4,328,'2016-06-22'),
 ('DSKI15000058','DSKI150005','RATTHI 400g',310,3,930,'2016-06-22'),
 ('DSKI15000058','DSKI150018','NESTAMOLT 400g',270,3,810,'2016-06-22');
INSERT INTO `invoice` (`invoice_no`,`iid`,`item_name`,`unit_price`,`qty`,`netamount`,`date`) VALUES 
 ('DSKI15000058','DSKI150021','VIVA 400g',265,3,795,'2016-06-22'),
 ('DSKI15000058','DSKI150038','VIM 100g',18,24,432,'2016-06-22'),
 ('DSKI15000058','DSKI150056','MAGGI NOODLES 50/=',45,12,540,'2016-06-22'),
 ('DSKI15000058','DSKI150057','KOTTU MEE',46,12,552,'2016-06-22'),
 ('DSKI15000058','DSKI150059','PANADOL',375,1,375,'2016-06-22'),
 ('DSKI15000058','DSKI150062','ASAMODAGAM',60,6,360,'2016-06-22'),
 ('DSKI15000058','DSKI150070','BIC BLAD',80,5,400,'2016-06-22'),
 ('DSKI15000058','DSKI150093','SUDANTHA 80g',75,6,450,'2016-06-22'),
 ('DSKI15000058','DSKI150107','RASAMALU SAMON',127,6,762,'2016-06-22'),
 ('DSKI15000058','DSKI150134','TIPI TIP 10/=',280,1,280,'2016-06-22'),
 ('DSKI15000058','DSKI150135','TIPI TIP 60/=',47,12,564,'2016-06-22'),
 ('DSKI15000058','DSKI150137','JELLY 10/=',370,1,370,'2016-06-22'),
 ('DSKI15000058','DSKI150140','MILLO',39,6,234,'2016-06-22'),
 ('DSKI15000058','DSKI150142','SIX O CLOCK 20/=',170,2,340,'2016-06-22'),
 ('DSKI15000058','DSKI150150','ORANGE BULB(40/60/75/100 W)',60,15,900,'2016-06-22');
INSERT INTO `invoice` (`invoice_no`,`iid`,`item_name`,`unit_price`,`qty`,`netamount`,`date`) VALUES 
 ('DSKI15000058','DSKI150151','REKHA PAPADAM',33,40,1300,'2016-06-22'),
 ('DSKI15000058','DSKI150184','KESHA H/O',130,3,390,'2016-06-22'),
 ('DSKI15000058','DSKI150187','LITE MARIE 100g',18,15,270,'2016-06-22'),
 ('DSKI15000058','DSKI150191','CREAM CRACKER 50/=',44,6,264,'2016-06-22'),
 ('DSKI15000058','DSKI150193','CREAM CRACKER 100/=',86,8,688,'2016-06-22'),
 ('DSKI15000058','DSKI150197','CHOCOLATE PUFF(S)',48,6,288,'2016-06-22'),
 ('DSKI15000058','DSKI150198','CHOCOLATE PUFF(L)',88,6,528,'2016-06-22'),
 ('DSKI15000058','DSKI150199','CHOCALATE CREAM 100g',43,15,645,'2016-06-22'),
 ('DSKI15000058','DSKI150214','SHORTIES 400g(CHE)',300,1,300,'2016-06-22'),
 ('DSKI15000058','DSKI150218','PEEPS 20/=(C / V )',17,20,340,'2016-06-22'),
 ('DSKI15000058','DSKI150229','EVA  PINK',100,6,600,'2016-06-22'),
 ('DSKI15000058','DSKI150235','NESTOMALT 175g',140,3,420,'2016-06-22'),
 ('DSKI15000059','DSKI150002','ANCHOR 400g',306,36,11016,'2016-06-22'),
 ('DSKI15000059','DSKI150005','RATTHI 400g',306,18,5508,'2016-06-22');
INSERT INTO `invoice` (`invoice_no`,`iid`,`item_name`,`unit_price`,`qty`,`netamount`,`date`) VALUES 
 ('DSKI15000059','DSKI150006','RATTHI 1kg',765,6,4590,'2016-06-22'),
 ('DSKI15000059','DSKI150008','RATTHI SH.130/=',123,12,1476,'2016-06-22'),
 ('DSKI15000059','DSKI150011','NESPRAY SH.18/=',17,30,495,'2016-06-22'),
 ('DSKI15000059','DSKI150012','MALIBAN 400g',300,12,3600,'2016-06-22'),
 ('DSKI15000059','DSKI150013','MALIBAN 1kg',745,3,2235,'2016-06-22'),
 ('DSKI15000059','DSKI150020','NESTAMOLT SH.25/=',23,30,690,'2016-06-22'),
 ('DSKI15000059','DSKI150029','VELVET SOAP',40,12,480,'2016-06-22'),
 ('DSKI15000059','DSKI150030','LUX SOAP',42,36,1512,'2016-06-22'),
 ('DSKI15000059','DSKI150031','DETOL SOAP',40,36,1440,'2016-06-22'),
 ('DSKI15000059','DSKI150033','DELMA LIGHT SOAP',20,24,480,'2016-06-22'),
 ('DSKI15000059','DSKI150054','MAGGI NOODLES 30/=',26,12,312,'2016-06-22'),
 ('DSKI15000059','DSKI150056','MAGGI NOODLES 50/=',45,12,540,'2016-06-22'),
 ('DSKI15000059','DSKI150057','KOTTU MEE',45,25,1125,'2016-06-22'),
 ('DSKI15000059','DSKI150058','PRIMA NOODELES 168/=',145,12,1740,'2016-06-22');
INSERT INTO `invoice` (`invoice_no`,`iid`,`item_name`,`unit_price`,`qty`,`netamount`,`date`) VALUES 
 ('DSKI15000059','DSKI150059','PANADOL',365,3,1095,'2016-06-22'),
 ('DSKI15000059','DSKI150060','PNADOL SYRUP',145,3,435,'2016-06-22'),
 ('DSKI15000059','DSKI150099','DENTA BRUSH',37,36,1332,'2016-06-22'),
 ('DSKI15000059','DSKI150101','NINJA COIL',54,20,1080,'2016-06-22'),
 ('DSKI15000059','DSKI150106','DIAMOND JACK',124,24,2976,'2016-06-22'),
 ('DSKI15000059','DSKI150107','RASAMALU SAMON',123,48,5904,'2016-06-22'),
 ('DSKI15000059','DSKI150108','CAPTON SAMAN',270,6,1620,'2016-06-22'),
 ('DSKI15000059','DSKI150120','HACKS',295,1,295,'2016-06-22'),
 ('DSKI15000059','DSKI150122','CENTRE FRUIT',235,2,470,'2016-06-22'),
 ('DSKI15000059','DSKI150135','TIPI TIP 60/=',47,24,1128,'2016-06-22'),
 ('DSKI15000059','DSKI150142','SIX O CLOCK 20/=',170,1,170,'2016-06-22'),
 ('DSKI15000059','DSKI150156','SUNSILK SHAMPOO SH.(B/R/O/Y/BR)',6,144,864,'2016-06-22'),
 ('DSKI15000059','DSKI150166','SUNLIGHT WP 200g',31,15,465,'2016-06-22'),
 ('DSKI15000059','DSKI150185','TIKIRI MARIE 100g',25,60,1470,'2016-06-22');
INSERT INTO `invoice` (`invoice_no`,`iid`,`item_name`,`unit_price`,`qty`,`netamount`,`date`) VALUES 
 ('DSKI15000059','DSKI150187','LITE MARIE 100g',18,48,840,'2016-06-22'),
 ('DSKI15000059','DSKI150189','CHOCOLATE MARIE 100g',35,25,875,'2016-06-22'),
 ('DSKI15000059','DSKI150190','CHOCOLATE MARIE 400g',545,2,1090,'2016-06-22'),
 ('DSKI15000059','DSKI150191','CREAM CRACKER 50/=',44,12,528,'2016-06-22'),
 ('DSKI15000059','DSKI150207','HAWAIN COKIES 50/=',43,6,258,'2016-06-22'),
 ('DSKI15000059','DSKI150219','TIPI TIP  50/=',35,24,840,'2016-06-22'),
 ('DSKI15000059','DSKI150220','LIFE BOUY SHAMPOO SH P 5/=',4,72,306,'2016-06-22'),
 ('DSKI15000059','DSKI150237','BABY SHAMPOO 115/=',95,6,570,'2016-06-22'),
 ('DSKI15000059','DSKI150241','DIVA W/P 1KG 150/=',130,15,1950,'2016-06-22'),
 ('DSKI15000059','DSKI150243','VELVET 50/=',42,36,1512,'2016-06-22'),
 ('DSKI15000060','DSKI150001','ANCHOR 250g',192,18,3456,'2016-06-22'),
 ('DSKI15000060','DSKI150002','ANCHOR 400g',306,36,11016,'2016-06-22'),
 ('DSKI15000060','DSKI150003','ANCHOR 1kg',765,24,18360,'2016-06-22');
INSERT INTO `invoice` (`invoice_no`,`iid`,`item_name`,`unit_price`,`qty`,`netamount`,`date`) VALUES 
 ('DSKI15000060','DSKI150004','RATTHI 250g',192,18,3456,'2016-06-22'),
 ('DSKI15000060','DSKI150005','RATTHI 400g',306,36,11016,'2016-06-22'),
 ('DSKI15000060','DSKI150008','RATTHI SH.130/=',123,18,2214,'2016-06-22'),
 ('DSKI15000060','DSKI150025','LIFE BOUY SOAP',42,294,12348,'2016-06-22'),
 ('DSKI15000060','DSKI150042','LA O JEE 50g',48,12,576,'2016-06-22'),
 ('DSKI15000060','DSKI150054','MAGGI NOODLES 30/=',26,24,624,'2016-06-22'),
 ('DSKI15000060','DSKI150056','MAGGI NOODLES 50/=',45,24,1080,'2016-06-22'),
 ('DSKI15000060','DSKI150058','PRIMA NOODELES 168/=',143,24,3432,'2016-06-22'),
 ('DSKI15000060','DSKI150060','PNADOL SYRUP',145,3,435,'2016-06-22'),
 ('DSKI15000060','DSKI150083','AA',25,48,1200,'2016-06-22'),
 ('DSKI15000060','DSKI150101','NINJA COIL',54,24,1296,'2016-06-22'),
 ('DSKI15000060','DSKI150107','RASAMALU SAMON',123,48,5904,'2016-06-22'),
 ('DSKI15000060','DSKI150143','HANDUNKURU 50/=(R/P)',420,1,420,'2016-06-22'),
 ('DSKI15000060','DSKI150144','AMRITHA 80/= (O/R/B/H/J)',730,1,730,'2016-06-22');
INSERT INTO `invoice` (`invoice_no`,`iid`,`item_name`,`unit_price`,`qty`,`netamount`,`date`) VALUES 
 ('DSKI15000060','DSKI150156','SUNSILK SHAMPOO SH.(B/R/O/Y/BR)',6,144,864,'2016-06-22'),
 ('DSKI15000060','DSKI150161','DIVA WP 70g',9,150,1275,'2016-06-22'),
 ('DSKI15000060','DSKI150168','SUNLIGHT WP 1kg',135,15,2025,'2016-06-22'),
 ('DSKI15000060','DSKI150174','CHAMPIKA BEDI',860,4,3440,'2016-06-22'),
 ('DSKI15000060','DSKI150185','TIKIRI MARIE 100g',25,60,1470,'2016-06-22'),
 ('DSKI15000060','DSKI150212','MUNCHEE SHORTIES 400g',405,3,1215,'2016-06-22'),
 ('DSKI15000060','DSKI150243','VELVET 50/=',42,72,3024,'2016-06-22'),
 ('DSKI15000061','DSKI150020','NESTAMOLT SH.25/=',23,30,690,'2016-06-22'),
 ('DSKI15000061','DSKI150061','SAMAHAN',500,1,500,'2016-06-22'),
 ('DSKI15000061','DSKI150097','SIGNAL BRUSH',37,36,1314,'2016-06-22'),
 ('DSKI15000061','DSKI150099','DENTA BRUSH',37,36,1332,'2016-06-22'),
 ('DSKI15000061','DSKI150135','TIPI TIP 60/=',47,12,564,'2016-06-22'),
 ('DSKI15000061','DSKI150156','SUNSILK SHAMPOO SH.(B/R/O/Y/BR)',6,144,864,'2016-06-22'),
 ('DSKI15000061','DSKI150161','DIVA WP 70g',9,150,1275,'2016-06-22');
INSERT INTO `invoice` (`invoice_no`,`iid`,`item_name`,`unit_price`,`qty`,`netamount`,`date`) VALUES 
 ('DSKI15000061','DSKI150165','SUNLIGHT WP 10/=',9,156,1365,'2016-06-22'),
 ('DSKI15000061','DSKI150166','SUNLIGHT WP 200g',31,20,620,'2016-06-22'),
 ('DSKI15000061','DSKI150168','SUNLIGHT WP 1kg',135,15,2025,'2016-06-22'),
 ('DSKI15000061','DSKI150185','TIKIRI MARIE 100g',25,60,1470,'2016-06-22'),
 ('DSKI15000061','DSKI150235','NESTOMALT 175g',140,6,840,'2016-06-22'),
 ('DSKI15000061','DSKI150241','DIVA W/P 1KG 150/=',130,15,1950,'2016-06-22'),
 ('DSKI15000062','DSKI150004','RATTHI 250g',191,36,6876,'2016-06-22'),
 ('DSKI15000062','DSKI150007','RATTHI SH.70/=',56,27,1512,'2016-06-22'),
 ('DSKI15000062','DSKI150008','RATTHI SH.130/=',123,18,2214,'2016-06-22'),
 ('DSKI15000062','DSKI150018','NESTAMOLT 400g',268,6,1608,'2016-06-22'),
 ('DSKI15000062','DSKI150022','VIVA WEL 400g',245,3,735,'2016-06-22'),
 ('DSKI15000062','DSKI150025','LIFE BOUY SOAP',42,147,6174,'2016-06-22'),
 ('DSKI15000062','DSKI150030','LUX SOAP',42,36,1512,'2016-06-22'),
 ('DSKI15000062','DSKI150037','PEARS BABY (P/R/H)',43,36,1548,'2016-06-22');
INSERT INTO `invoice` (`invoice_no`,`iid`,`item_name`,`unit_price`,`qty`,`netamount`,`date`) VALUES 
 ('DSKI15000062','DSKI150038','VIM 100g',17,432,7344,'2016-06-22'),
 ('DSKI15000062','DSKI150052','SAMAPOSA 200g',51,25,1275,'2016-06-22'),
 ('DSKI15000062','DSKI150054','MAGGI NOODLES 30/=',26,12,312,'2016-06-22'),
 ('DSKI15000062','DSKI150056','MAGGI NOODLES 50/=',45,12,540,'2016-06-22'),
 ('DSKI15000062','DSKI150059','PANADOL',365,2,730,'2016-06-22'),
 ('DSKI15000062','DSKI150060','PNADOL SYRUP',145,6,870,'2016-06-22'),
 ('DSKI15000062','DSKI150062','ASAMODAGAM',58,6,348,'2016-06-22'),
 ('DSKI15000062','DSKI150089','CLOGURD 40g',35,12,420,'2016-06-22'),
 ('DSKI15000062','DSKI150092','SUDANTHA 40g',53,12,636,'2016-06-22'),
 ('DSKI15000062','DSKI150109','BUDDY SHOPPIN',80,10,800,'2016-06-22'),
 ('DSKI15000062','DSKI150115','GROCERY (7x5)',190,2,380,'2016-06-22'),
 ('DSKI15000062','DSKI150118','TOFFIE 1/=',85,3,255,'2016-06-22'),
 ('DSKI15000062','DSKI150119','MYLADY',240,2,480,'2016-06-22'),
 ('DSKI15000062','DSKI150121','BUBBLE GUM',120,2,240,'2016-06-22');
INSERT INTO `invoice` (`invoice_no`,`iid`,`item_name`,`unit_price`,`qty`,`netamount`,`date`) VALUES 
 ('DSKI15000062','DSKI150122','CENTRE FRUIT',235,1,235,'2016-06-22'),
 ('DSKI15000062','DSKI150124','5/= PIECE (CA/MU/TM/KI/LAY/ID/POL)',150,7,1050,'2016-06-22'),
 ('DSKI15000062','DSKI150126','JUJUBBS 2/=',380,1,380,'2016-06-22'),
 ('DSKI15000062','DSKI150128','CHOCALATE 10/=',185,1,185,'2016-06-22'),
 ('DSKI15000062','DSKI150137','JELLY 10/=',350,1,350,'2016-06-22'),
 ('DSKI15000062','DSKI150138','MASMELOS 5/=',160,1,160,'2016-06-22'),
 ('DSKI15000062','DSKI150147','EVA ROSE',88,24,2112,'2016-06-22'),
 ('DSKI15000062','DSKI150150','ORANGE BULB(40/60/75/100 W)',55,36,1980,'2016-06-22'),
 ('DSKI15000062','DSKI150161','DIVA WP 70g',9,300,2550,'2016-06-22'),
 ('DSKI15000062','DSKI150164','DIVA WP 1kg',125,6,750,'2016-06-22'),
 ('DSKI15000062','DSKI150165','SUNLIGHT WP 10/=',9,156,1365,'2016-06-22'),
 ('DSKI15000062','DSKI150166','SUNLIGHT WP 200g',31,25,775,'2016-06-22'),
 ('DSKI15000062','DSKI150168','SUNLIGHT WP 1kg',135,12,1620,'2016-06-22'),
 ('DSKI15000062','DSKI150169','SURF EXEL 7/=',6,72,450,'2016-06-22');
INSERT INTO `invoice` (`invoice_no`,`iid`,`item_name`,`unit_price`,`qty`,`netamount`,`date`) VALUES 
 ('DSKI15000062','DSKI150170','SURF EXEL 20/=',17,24,396,'2016-06-22'),
 ('DSKI15000062','DSKI150172','SURF EXEL 50/=',44,12,528,'2016-06-22'),
 ('DSKI15000062','DSKI150173','SURF EXEL 500g',125,6,750,'2016-06-22'),
 ('DSKI15000062','DSKI150184','KESHA H/O',125,6,750,'2016-06-22'),
 ('DSKI15000062','DSKI150185','TIKIRI MARIE 100g',25,60,1470,'2016-06-22'),
 ('DSKI15000062','DSKI150189','CHOCOLATE MARIE 100g',35,12,420,'2016-06-22'),
 ('DSKI15000062','DSKI150193','CREAM CRACKER 100/=',85,8,680,'2016-06-22'),
 ('DSKI15000062','DSKI150195','LEMON PUFF (S)',48,12,576,'2016-06-22'),
 ('DSKI15000062','DSKI150197','CHOCOLATE PUFF(S)',48,12,576,'2016-06-22'),
 ('DSKI15000062','DSKI150199','CHOCALATE CREAM 100g',41,50,2050,'2016-06-22'),
 ('DSKI15000062','DSKI150201','GINGER 100g',39,6,234,'2016-06-22'),
 ('DSKI15000062','DSKI150208','HAWAIN COKIES 95/=',83,6,498,'2016-06-22'),
 ('DSKI15000062','DSKI150212','MUNCHEE SHORTIES 400g',400,3,1200,'2016-06-22'),
 ('DSKI15000062','DSKI150216','WAFERS 110/=(C / S / L / V)',510,1,510,'2016-06-22');
INSERT INTO `invoice` (`invoice_no`,`iid`,`item_name`,`unit_price`,`qty`,`netamount`,`date`) VALUES 
 ('DSKI15000062','DSKI150217','WAFERS 205/=(C / S / L / V)',495,1,495,'2016-06-22'),
 ('DSKI15000062','DSKI150220','LIFE BOUY SHAMPOO SH P 5/=',4,60,255,'2016-06-22'),
 ('DSKI15000062','DSKI150224','MSC 45/=',39,20,780,'2016-06-22'),
 ('DSKI15000062','DSKI150233','MSC  100/=',87,6,522,'2016-06-22'),
 ('DSKI15000062','DSKI150235','NESTOMALT 175g',140,6,840,'2016-06-22'),
 ('DSKI15000062','DSKI150242','HEAD PAST 75/=',66,6,396,'2016-06-22'),
 ('DSKI15000062','DSKI150248','BUTTER CAROL 45/=',38,15,570,'2016-06-22'),
 ('DSKI15000063','DSKI150002','ANCHOR 400g',307,6,1842,'2016-06-22'),
 ('DSKI15000063','DSKI150005','RATTHI 400g',307,6,1842,'2016-06-22'),
 ('DSKI15000063','DSKI150018','NESTAMOLT 400g',262,40,10480,'2016-06-22'),
 ('DSKI15000063','DSKI150024','SUNLIGHT SOAP',37,144,5328,'2016-06-22'),
 ('DSKI15000063','DSKI150025','LIFE BOUY SOAP',42,147,6174,'2016-06-22'),
 ('DSKI15000063','DSKI150036','CHERAMY BABY (O/N)',36,150,5325,'2016-06-22'),
 ('DSKI15000063','DSKI150037','PEARS BABY (P/R/H)',42,144,6048,'2016-06-22');
INSERT INTO `invoice` (`invoice_no`,`iid`,`item_name`,`unit_price`,`qty`,`netamount`,`date`) VALUES 
 ('DSKI15000063','DSKI150056','MAGGI NOODLES 50/=',45,12,540,'2016-06-22'),
 ('DSKI15000063','DSKI150057','KOTTU MEE',45,12,540,'2016-06-22'),
 ('DSKI15000063','DSKI150058','PRIMA NOODELES 168/=',143,24,3432,'2016-06-22'),
 ('DSKI15000063','DSKI150089','CLOGURD 40g',34,48,1632,'2016-06-22'),
 ('DSKI15000063','DSKI150090','CLOGURD 70g',61,48,2928,'2016-06-22'),
 ('DSKI15000063','DSKI150092','SUDANTHA 40g',50,48,2376,'2016-06-22'),
 ('DSKI15000063','DSKI150099','DENTA BRUSH',36,72,2592,'2016-06-22'),
 ('DSKI15000063','DSKI150102','NILMA LIQUID',215,2,430,'2016-06-22'),
 ('DSKI15000063','DSKI150106','DIAMOND JACK',124,24,2976,'2016-06-22'),
 ('DSKI15000063','DSKI150145','SOORYA MATCH',610,5,3050,'2016-06-22'),
 ('DSKI15000063','DSKI150151','REKHA PAPADAM',33,40,1300,'2016-06-22'),
 ('DSKI15000063','DSKI150158','LIFE BOUY SHAMPOO SH.(B/P/G)',5,60,315,'2016-06-22'),
 ('DSKI15000063','DSKI150162','DIVA WP 200g',35,25,875,'2016-06-22'),
 ('DSKI15000063','DSKI150163','DIVA WP 400g',53,25,1325,'2016-06-22');
INSERT INTO `invoice` (`invoice_no`,`iid`,`item_name`,`unit_price`,`qty`,`netamount`,`date`) VALUES 
 ('DSKI15000063','DSKI150166','SUNLIGHT WP 200g',31,25,775,'2016-06-22'),
 ('DSKI15000063','DSKI150168','SUNLIGHT WP 1kg',135,15,2025,'2016-06-22'),
 ('DSKI15000063','DSKI150220','LIFE BOUY SHAMPOO SH P 5/=',4,60,255,'2016-06-22'),
 ('DSKI15000063','DSKI150235','NESTOMALT 175g',140,6,840,'2016-06-22'),
 ('DSKI15000063','DSKI150241','DIVA W/P 1KG 150/=',130,15,1950,'2016-06-22'),
 ('DSKI15000064','DSKI150002','ANCHOR 400g',310,6,1860,'2016-06-22'),
 ('DSKI15000064','DSKI150005','RATTHI 400g',310,6,1860,'2016-06-22'),
 ('DSKI15000064','DSKI150007','RATTHI SH.70/=',56,18,1008,'2016-06-22'),
 ('DSKI15000064','DSKI150008','RATTHI SH.130/=',123,6,738,'2016-06-22'),
 ('DSKI15000064','DSKI150009','NESPRAY 400g',305,3,915,'2016-06-22'),
 ('DSKI15000064','DSKI150018','NESTAMOLT 400g',270,6,1620,'2016-06-22'),
 ('DSKI15000064','DSKI150020','NESTAMOLT SH.25/=',23,60,1380,'2016-06-22'),
 ('DSKI15000064','DSKI150021','VIVA 400g',260,3,780,'2016-06-22'),
 ('DSKI15000064','DSKI150024','SUNLIGHT SOAP',38,36,1350,'2016-06-22');
INSERT INTO `invoice` (`invoice_no`,`iid`,`item_name`,`unit_price`,`qty`,`netamount`,`date`) VALUES 
 ('DSKI15000064','DSKI150036','CHERAMY BABY (O/N)',39,6,234,'2016-06-22'),
 ('DSKI15000064','DSKI150038','VIM 100g',18,60,1080,'2016-06-22'),
 ('DSKI15000064','DSKI150052','SAMAPOSA 200g',52,6,312,'2016-06-22'),
 ('DSKI15000064','DSKI150054','MAGGI NOODLES 30/=',26,12,312,'2016-06-22'),
 ('DSKI15000064','DSKI150059','PANADOL',375,1,375,'2016-06-22'),
 ('DSKI15000064','DSKI150089','CLOGURD 40g',36,6,216,'2016-06-22'),
 ('DSKI15000064','DSKI150101','NINJA COIL',57,6,342,'2016-06-22'),
 ('DSKI15000064','DSKI150106','DIAMOND JACK',125,12,1500,'2016-06-22'),
 ('DSKI15000064','DSKI150108','CAPTON SAMAN',270,3,810,'2016-06-22'),
 ('DSKI15000064','DSKI150109','BUDDY SHOPPIN',85,12,1020,'2016-06-22'),
 ('DSKI15000064','DSKI150110','2/= SHOPPIN',150,2,300,'2016-06-22'),
 ('DSKI15000064','DSKI150119','MYLADY',240,1,240,'2016-06-22'),
 ('DSKI15000064','DSKI150121','BUBBLE GUM',130,1,130,'2016-06-22'),
 ('DSKI15000064','DSKI150122','CENTRE FRUIT',235,1,235,'2016-06-22');
INSERT INTO `invoice` (`invoice_no`,`iid`,`item_name`,`unit_price`,`qty`,`netamount`,`date`) VALUES 
 ('DSKI15000064','DSKI150125','WAFER CHOCKS',200,1,200,'2016-06-22'),
 ('DSKI15000064','DSKI150126','JUJUBBS 2/=',380,1,380,'2016-06-22'),
 ('DSKI15000064','DSKI150140','MILLO',39,20,780,'2016-06-22'),
 ('DSKI15000064','DSKI150145','SOORYA MATCH',630,1,630,'2016-06-22'),
 ('DSKI15000064','DSKI150149','AMEENS HAIR DIE',370,1,370,'2016-06-22'),
 ('DSKI15000064','DSKI150151','REKHA PAPADAM',35,20,700,'2016-06-22'),
 ('DSKI15000064','DSKI150156','SUNSILK SHAMPOO SH.(B/R/O/Y/BR)',6,36,216,'2016-06-22'),
 ('DSKI15000064','DSKI150157','SUNSILK SHAMPOO BOT.(B/R/O/Y/BR)',126,3,378,'2016-06-22'),
 ('DSKI15000064','DSKI150161','DIVA WP 70g',9,100,900,'2016-06-22'),
 ('DSKI15000064','DSKI150162','DIVA WP 200g',36,3,108,'2016-06-22'),
 ('DSKI15000064','DSKI150163','DIVA WP 400g',54,3,162,'2016-06-22'),
 ('DSKI15000064','DSKI150164','DIVA WP 1kg',128,3,384,'2016-06-22'),
 ('DSKI15000064','DSKI150174','CHAMPIKA BEDI',860,2,1720,'2016-06-22'),
 ('DSKI15000064','DSKI150175','A K SURUTTU',400,1,400,'2016-06-22');
INSERT INTO `invoice` (`invoice_no`,`iid`,`item_name`,`unit_price`,`qty`,`netamount`,`date`) VALUES 
 ('DSKI15000064','DSKI150185','TIKIRI MARIE 100g',26,15,390,'2016-06-22'),
 ('DSKI15000064','DSKI150187','LITE MARIE 100g',18,6,108,'2016-06-22'),
 ('DSKI15000064','DSKI150191','CREAM CRACKER 50/=',44,6,264,'2016-06-22'),
 ('DSKI15000064','DSKI150192','CREAM CRACKER 75/=',65,6,390,'2016-06-22'),
 ('DSKI15000064','DSKI150199','CHOCALATE CREAM 100g',43,6,258,'2016-06-22'),
 ('DSKI15000064','DSKI150220','LIFE BOUY SHAMPOO SH P 5/=',5,36,162,'2016-06-22'),
 ('DSKI15000064','DSKI150231','LANKA SOYA 30/=',24,15,360,'2016-06-22'),
 ('DSKI15000064','DSKI150235','NESTOMALT 175g',140,6,840,'2016-06-22'),
 ('DSKI15000064','DSKI150239','TREET BLAD',6,10,55,'2016-06-22'),
 ('DSKI15000064','DSKI150243','VELVET 50/=',44,12,528,'2016-06-22'),
 ('DSKI15000064','DSKI150249','LOLLY POP 5/=',350,1,350,'2016-06-22'),
 ('DSKI15000065','DSKI150001','ANCHOR 250g',193,6,1158,'2016-06-22'),
 ('DSKI15000065','DSKI150002','ANCHOR 400g',308,6,1848,'2016-06-22'),
 ('DSKI15000065','DSKI150004','RATTHI 250g',193,6,1158,'2016-06-22');
INSERT INTO `invoice` (`invoice_no`,`iid`,`item_name`,`unit_price`,`qty`,`netamount`,`date`) VALUES 
 ('DSKI15000065','DSKI150005','RATTHI 400g',308,6,1848,'2016-06-22'),
 ('DSKI15000065','DSKI150007','RATTHI SH.70/=',56,18,1008,'2016-06-22'),
 ('DSKI15000065','DSKI150008','RATTHI SH.130/=',124,6,744,'2016-06-22'),
 ('DSKI15000065','DSKI150012','MALIBAN 400g',300,3,900,'2016-06-22'),
 ('DSKI15000065','DSKI150018','NESTAMOLT 400g',270,3,810,'2016-06-22'),
 ('DSKI15000065','DSKI150021','VIVA 400g',260,2,520,'2016-06-22'),
 ('DSKI15000065','DSKI150024','SUNLIGHT SOAP',38,30,1125,'2016-06-22'),
 ('DSKI15000065','DSKI150038','VIM 100g',18,30,540,'2016-06-22'),
 ('DSKI15000065','DSKI150056','MAGGI NOODLES 50/=',45,12,540,'2016-06-22'),
 ('DSKI15000065','DSKI150057','KOTTU MEE',45,12,540,'2016-06-22'),
 ('DSKI15000065','DSKI150099','DENTA BRUSH',38,12,456,'2016-06-22'),
 ('DSKI15000065','DSKI150109','BUDDY SHOPPIN',80,3,240,'2016-06-22'),
 ('DSKI15000065','DSKI150110','2/= SHOPPIN',150,2,300,'2016-06-22'),
 ('DSKI15000065','DSKI150111','3/= SHOPPIN',210,1,210,'2016-06-22');
INSERT INTO `invoice` (`invoice_no`,`iid`,`item_name`,`unit_price`,`qty`,`netamount`,`date`) VALUES 
 ('DSKI15000065','DSKI150134','TIPI TIP 10/=',280,1,280,'2016-06-22'),
 ('DSKI15000065','DSKI150135','TIPI TIP 60/=',47,48,2256,'2016-06-22'),
 ('DSKI15000065','DSKI150140','MILLO',38,42,1596,'2016-06-22'),
 ('DSKI15000065','DSKI150158','LIFE BOUY SHAMPOO SH.(B/P/G)',5,72,378,'2016-06-22'),
 ('DSKI15000065','DSKI150161','DIVA WP 70g',9,50,450,'2016-06-22'),
 ('DSKI15000065','DSKI150165','SUNLIGHT WP 10/=',9,36,324,'2016-06-22'),
 ('DSKI15000065','DSKI150168','SUNLIGHT WP 1kg',135,6,810,'2016-06-22'),
 ('DSKI15000065','DSKI150174','CHAMPIKA BEDI',860,2,1720,'2016-06-22'),
 ('DSKI15000065','DSKI150185','TIKIRI MARIE 100g',25,20,500,'2016-06-22'),
 ('DSKI15000065','DSKI150189','CHOCOLATE MARIE 100g',35,10,350,'2016-06-22'),
 ('DSKI15000065','DSKI150191','CREAM CRACKER 50/=',44,12,528,'2016-06-22'),
 ('DSKI15000065','DSKI150193','CREAM CRACKER 100/=',85,8,680,'2016-06-22'),
 ('DSKI15000065','DSKI150194','CREAM CRACKER 175/=',590,1,590,'2016-06-22'),
 ('DSKI15000065','DSKI150198','CHOCOLATE PUFF(L)',88,3,264,'2016-06-22');
INSERT INTO `invoice` (`invoice_no`,`iid`,`item_name`,`unit_price`,`qty`,`netamount`,`date`) VALUES 
 ('DSKI15000065','DSKI150207','HAWAIN COKIES 50/=',43,6,258,'2016-06-22'),
 ('DSKI15000065','DSKI150208','HAWAIN COKIES 95/=',83,6,498,'2016-06-22'),
 ('DSKI15000065','DSKI150220','LIFE BOUY SHAMPOO SH P 5/=',4,36,153,'2016-06-22'),
 ('DSKI15000065','DSKI150241','DIVA W/P 1KG 150/=',130,6,780,'2016-06-22'),
 ('DSKI15000065','DSKI150243','VELVET 50/=',43,30,1290,'2016-06-22'),
 ('DSKI15000066','DSKI150005','RATTHI 400g',307,12,3684,'2016-06-22'),
 ('DSKI15000066','DSKI150059','PANADOL',370,2,740,'2016-06-22'),
 ('DSKI15000066','DSKI150102','NILMA LIQUID',215,1,215,'2016-06-22'),
 ('DSKI15000066','DSKI150115','GROCERY (7x5)',200,1,200,'2016-06-22'),
 ('DSKI15000066','DSKI150116','GROCERY (7x10)',300,1,300,'2016-06-22'),
 ('DSKI15000066','DSKI150140','MILLO',38,42,1596,'2016-06-22'),
 ('DSKI15000066','DSKI150162','DIVA WP 200g',35,12,420,'2016-06-22'),
 ('DSKI15000066','DSKI150168','SUNLIGHT WP 1kg',135,15,2025,'2016-06-22'),
 ('DSKI15000066','DSKI150200','CHOCALATE CREAM 400g',645,1,645,'2016-06-22');
INSERT INTO `invoice` (`invoice_no`,`iid`,`item_name`,`unit_price`,`qty`,`netamount`,`date`) VALUES 
 ('DSKI15000066','DSKI150206','WAFERS 400g(C/V/L)',460,2,920,'2016-06-22'),
 ('DSKI15000066','DSKI150225','BUTTER  CAROL  120/=',100,12,1200,'2016-06-22'),
 ('DSKI15000066','DSKI150226','BUTTER CAROL  175/=',140,8,1120,'2016-06-22'),
 ('DSKI15000066','DSKI150227','GINGER  COOKIES  100/=',80,6,480,'2016-06-22'),
 ('DSKI15000066','DSKI150228','VITA  COOKIES  100/=',80,4,320,'2016-06-22'),
 ('DSKI15000066','DSKI150229','EVA  PINK',94,18,1692,'2016-06-22'),
 ('DSKI15000066','DSKI150241','DIVA W/P 1KG 150/=',130,6,780,'2016-06-22'),
 ('DSKI15000066','DSKI150246','REAL COOKIES 100/=',85,6,510,'2016-06-22'),
 ('DSKI15000066','DSKI150247','COOKIE RING 120/=',90,6,540,'2016-06-22'),
 ('DSKI15000066','DSKI150248','BUTTER CAROL 45/=',39,15,585,'2016-06-22'),
 ('DSKI15000067','DSKI150005','RATTHI 400g',310,6,1860,'2016-06-24'),
 ('DSKI15000067','DSKI150009','NESPRAY 400g',305,3,915,'2016-06-24'),
 ('DSKI15000067','DSKI150011','NESPRAY SH.18/=',17,30,510,'2016-06-24'),
 ('DSKI15000067','DSKI150012','MALIBAN 400g',300,3,900,'2016-06-24');
INSERT INTO `invoice` (`invoice_no`,`iid`,`item_name`,`unit_price`,`qty`,`netamount`,`date`) VALUES 
 ('DSKI15000067','DSKI150014','MALIBAN SH.18/=',17,40,680,'2016-06-24'),
 ('DSKI15000067','DSKI150018','NESTAMOLT 400g',270,6,1620,'2016-06-24'),
 ('DSKI15000067','DSKI150020','NESTAMOLT SH.25/=',23,30,690,'2016-06-24'),
 ('DSKI15000067','DSKI150021','VIVA 400g',265,3,795,'2016-06-24'),
 ('DSKI15000067','DSKI150023','VIVA SH.25/=',23,48,1104,'2016-06-24'),
 ('DSKI15000067','DSKI150024','SUNLIGHT SOAP',38,12,456,'2016-06-24'),
 ('DSKI15000067','DSKI150036','CHERAMY BABY (O/N)',40,12,480,'2016-06-24'),
 ('DSKI15000067','DSKI150038','VIM 100g',18,12,216,'2016-06-24'),
 ('DSKI15000067','DSKI150042','LA O JEE 50g',48,12,576,'2016-06-24'),
 ('DSKI15000067','DSKI150043','LA O JEE 100g',95,6,570,'2016-06-24'),
 ('DSKI15000067','DSKI150044','CEYLONTA 50g',50,12,600,'2016-06-24'),
 ('DSKI15000067','DSKI150048','KOTAGALA SH.20/=',17,24,408,'2016-06-24'),
 ('DSKI15000067','DSKI150056','MAGGI NOODLES 50/=',45,12,540,'2016-06-24'),
 ('DSKI15000067','DSKI150058','PRIMA NOODELES 168/=',148,3,444,'2016-06-24');
INSERT INTO `invoice` (`invoice_no`,`iid`,`item_name`,`unit_price`,`qty`,`netamount`,`date`) VALUES 
 ('DSKI15000067','DSKI150059','PANADOL',370,1,370,'2016-06-24'),
 ('DSKI15000067','DSKI150062','ASAMODAGAM',60,3,180,'2016-06-24'),
 ('DSKI15000067','DSKI150066','SIDDALEPA 40/=',35,12,420,'2016-06-24'),
 ('DSKI15000067','DSKI150099','DENTA BRUSH',40,12,480,'2016-06-24'),
 ('DSKI15000067','DSKI150107','RASAMALU SAMON',127,6,762,'2016-06-24'),
 ('DSKI15000067','DSKI150108','CAPTON SAMAN',270,3,810,'2016-06-24'),
 ('DSKI15000067','DSKI150109','BUDDY SHOPPIN',85,5,425,'2016-06-24'),
 ('DSKI15000067','DSKI150110','2/= SHOPPIN',150,2,300,'2016-06-24'),
 ('DSKI15000067','DSKI150124','5/= PIECE (CA/MU/TM/KI/LAY/ID/POL)',170,8,1360,'2016-06-24'),
 ('DSKI15000067','DSKI150125','WAFER CHOCKS',200,1,200,'2016-06-24'),
 ('DSKI15000067','DSKI150126','JUJUBBS 2/=',380,1,380,'2016-06-24'),
 ('DSKI15000067','DSKI150129','CHOCALATE 20/=',396,1,396,'2016-06-24'),
 ('DSKI15000067','DSKI150132','CHOCALATE 50/=',480,2,960,'2016-06-24'),
 ('DSKI15000067','DSKI150134','TIPI TIP 10/=',280,1,280,'2016-06-24');
INSERT INTO `invoice` (`invoice_no`,`iid`,`item_name`,`unit_price`,`qty`,`netamount`,`date`) VALUES 
 ('DSKI15000067','DSKI150136','JELLY 5/=',55,2,110,'2016-06-24'),
 ('DSKI15000067','DSKI150137','JELLY 10/=',360,1,360,'2016-06-24'),
 ('DSKI15000067','DSKI150138','MASMELOS 5/=',170,1,170,'2016-06-24'),
 ('DSKI15000067','DSKI150139','PEPERMINT',170,1,170,'2016-06-24'),
 ('DSKI15000067','DSKI150144','AMRITHA 80/= (O/R/B/H/J)',750,1,750,'2016-06-24'),
 ('DSKI15000067','DSKI150145','SOORYA MATCH',630,1,630,'2016-06-24'),
 ('DSKI15000067','DSKI150155','LANKA SOYA 65/=',53,12,636,'2016-06-24'),
 ('DSKI15000067','DSKI150191','CREAM CRACKER 50/=',44,20,880,'2016-06-24'),
 ('DSKI15000067','DSKI150192','CREAM CRACKER 75/=',65,10,650,'2016-06-24'),
 ('DSKI15000067','DSKI150193','CREAM CRACKER 100/=',85,8,680,'2016-06-24'),
 ('DSKI15000067','DSKI150194','CREAM CRACKER 175/=',600,1,600,'2016-06-24'),
 ('DSKI15000067','DSKI150195','LEMON PUFF (S)',48,6,288,'2016-06-24'),
 ('DSKI15000067','DSKI150196','LEMON PUFF (L)',88,15,1320,'2016-06-24'),
 ('DSKI15000067','DSKI150199','CHOCALATE CREAM 100g',41,50,2050,'2016-06-24');
INSERT INTO `invoice` (`invoice_no`,`iid`,`item_name`,`unit_price`,`qty`,`netamount`,`date`) VALUES 
 ('DSKI15000067','DSKI150200','CHOCALATE CREAM 400g',650,1,650,'2016-06-24'),
 ('DSKI15000067','DSKI150205','WAFERS 100g(C/V/L)',43,12,516,'2016-06-24'),
 ('DSKI15000067','DSKI150208','HAWAIN COKIES 95/=',85,6,510,'2016-06-24'),
 ('DSKI15000067','DSKI150216','WAFERS 110/=(C / S / L / V)',540,2,1080,'2016-06-24'),
 ('DSKI15000067','DSKI150217','WAFERS 205/=(C / S / L / V)',495,2,990,'2016-06-24'),
 ('DSKI15000067','DSKI150218','PEEPS 20/=(C / V )',17,50,850,'2016-06-24'),
 ('DSKI15000067','DSKI150219','TIPI TIP  50/=',36,24,864,'2016-06-24'),
 ('DSKI15000067','DSKI150231','LANKA SOYA 30/=',23,50,1125,'2016-06-24'),
 ('DSKI15000067','DSKI150235','NESTOMALT 175g',140,3,420,'2016-06-24'),
 ('DSKI15000067','DSKI150240','ONION BISCUT 20/=',480,1,480,'2016-06-24'),
 ('DSKI15000067','DSKI150249','LOLLY POP 5/=',350,1,350,'2016-06-24'),
 ('DSKI15000068','DSKI150009','NESPRAY 400g',300,12,3600,'2016-06-24'),
 ('DSKI15000068','DSKI150011','NESPRAY SH.18/=',17,30,495,'2016-06-24');
INSERT INTO `invoice` (`invoice_no`,`iid`,`item_name`,`unit_price`,`qty`,`netamount`,`date`) VALUES 
 ('DSKI15000068','DSKI150019','NESTAMOLT WEL 400g',253,40,10120,'2016-06-24'),
 ('DSKI15000068','DSKI150020','NESTAMOLT SH.25/=',23,30,690,'2016-06-24'),
 ('DSKI15000068','DSKI150024','SUNLIGHT SOAP',37,120,4440,'2016-06-24'),
 ('DSKI15000068','DSKI150038','VIM 100g',17,144,2448,'2016-06-24'),
 ('DSKI15000068','DSKI150042','LA O JEE 50g',47,24,1128,'2016-06-24'),
 ('DSKI15000068','DSKI150056','MAGGI NOODLES 50/=',45,60,2670,'2016-06-24'),
 ('DSKI15000068','DSKI150107','RASAMALU SAMON',123,48,5904,'2016-06-24'),
 ('DSKI15000068','DSKI150109','BUDDY SHOPPIN',80,20,1600,'2016-06-24'),
 ('DSKI15000068','DSKI150118','TOFFIE 1/=',80,10,800,'2016-06-24'),
 ('DSKI15000068','DSKI150122','CENTRE FRUIT',235,2,470,'2016-06-24'),
 ('DSKI15000068','DSKI150134','TIPI TIP 10/=',280,1,280,'2016-06-24'),
 ('DSKI15000068','DSKI150151','REKHA PAPADAM',33,40,1300,'2016-06-24'),
 ('DSKI15000068','DSKI150235','NESTOMALT 175g',140,9,1260,'2016-06-24'),
 ('DSKI15000068','DSKI150243','VELVET 50/=',42,48,2016,'2016-06-24');
INSERT INTO `invoice` (`invoice_no`,`iid`,`item_name`,`unit_price`,`qty`,`netamount`,`date`) VALUES 
 ('DSKI15000069','DSKI150005','RATTHI 400g',310,6,1860,'2016-06-24'),
 ('DSKI15000069','DSKI150018','NESTAMOLT 400g',270,6,1620,'2016-06-24'),
 ('DSKI15000069','DSKI150022','VIVA WEL 400g',255,3,765,'2016-06-24'),
 ('DSKI15000069','DSKI150024','SUNLIGHT SOAP',38,24,912,'2016-06-24'),
 ('DSKI15000069','DSKI150025','LIFE BOUY SOAP',43,24,1032,'2016-06-24'),
 ('DSKI15000069','DSKI150029','VELVET SOAP',43,12,516,'2016-06-24'),
 ('DSKI15000069','DSKI150036','CHERAMY BABY (O/N)',39,24,936,'2016-06-24'),
 ('DSKI15000069','DSKI150038','VIM 100g',18,12,216,'2016-06-24'),
 ('DSKI15000069','DSKI150042','LA O JEE 50g',48,12,576,'2016-06-24'),
 ('DSKI15000069','DSKI150052','SAMAPOSA 200g',52,12,624,'2016-06-24'),
 ('DSKI15000069','DSKI150056','MAGGI NOODLES 50/=',45,12,540,'2016-06-24'),
 ('DSKI15000069','DSKI150059','PANADOL',370,1,370,'2016-06-24'),
 ('DSKI15000069','DSKI150070','BIC BLAD',80,5,400,'2016-06-24'),
 ('DSKI15000069','DSKI150083','AA',28,12,336,'2016-06-24');
INSERT INTO `invoice` (`invoice_no`,`iid`,`item_name`,`unit_price`,`qty`,`netamount`,`date`) VALUES 
 ('DSKI15000069','DSKI150092','SUDANTHA 40g',53,6,318,'2016-06-24'),
 ('DSKI15000069','DSKI150097','SIGNAL BRUSH',38,12,456,'2016-06-24'),
 ('DSKI15000069','DSKI150120','HACKS',300,1,300,'2016-06-24'),
 ('DSKI15000069','DSKI150121','BUBBLE GUM',130,1,130,'2016-06-24'),
 ('DSKI15000069','DSKI150144','AMRITHA 80/= (O/R/B/H/J)',740,1,740,'2016-06-24'),
 ('DSKI15000069','DSKI150156','SUNSILK SHAMPOO SH.(B/R/O/Y/BR)',6,48,300,'2016-06-24'),
 ('DSKI15000069','DSKI150158','LIFE BOUY SHAMPOO SH.(B/P/G)',5,48,252,'2016-06-24'),
 ('DSKI15000069','DSKI150161','DIVA WP 70g',9,40,360,'2016-06-24'),
 ('DSKI15000069','DSKI150165','SUNLIGHT WP 10/=',9,24,216,'2016-06-24'),
 ('DSKI15000069','DSKI150219','TIPI TIP  50/=',36,24,864,'2016-06-24'),
 ('DSKI15000070','DSKI150002','ANCHOR 400g',308,6,1848,'2016-06-24'),
 ('DSKI15000070','DSKI150009','NESPRAY 400g',300,6,1800,'2016-06-24'),
 ('DSKI15000070','DSKI150018','NESTAMOLT 400g',263,40,10520,'2016-06-24'),
 ('DSKI15000070','DSKI150018','NESTAMOLT 400g',265,15,3975,'2016-06-24');
INSERT INTO `invoice` (`invoice_no`,`iid`,`item_name`,`unit_price`,`qty`,`netamount`,`date`) VALUES 
 ('DSKI15000070','DSKI150021','VIVA 400g',255,10,2550,'2016-06-24'),
 ('DSKI15000070','DSKI150021','VIVA 400g',255,12,3060,'2016-06-24'),
 ('DSKI15000070','DSKI150024','SUNLIGHT SOAP',37,72,2664,'2016-06-24'),
 ('DSKI15000070','DSKI150025','LIFE BOUY SOAP',42,72,3024,'2016-06-24'),
 ('DSKI15000070','DSKI150026','KHOMBA SOAP',34,24,816,'2016-06-24'),
 ('DSKI15000070','DSKI150038','VIM 100g',17,72,1224,'2016-06-24'),
 ('DSKI15000070','DSKI150038','VIM 100g',18,12,216,'2016-06-24'),
 ('DSKI15000070','DSKI150042','LA O JEE 50g',48,24,1152,'2016-06-24'),
 ('DSKI15000070','DSKI150046','WATAWALA 50g',47,48,2256,'2016-06-24'),
 ('DSKI15000070','DSKI150050','ZENRA 100g',92,12,1104,'2016-06-24'),
 ('DSKI15000070','DSKI150052','SAMAPOSA 200g',51,25,1275,'2016-06-24'),
 ('DSKI15000070','DSKI150054','MAGGI NOODLES 30/=',26,18,468,'2016-06-24'),
 ('DSKI15000070','DSKI150054','MAGGI NOODLES 30/=',26,24,624,'2016-06-24'),
 ('DSKI15000070','DSKI150056','MAGGI NOODLES 50/=',44,25,1100,'2016-06-24');
INSERT INTO `invoice` (`invoice_no`,`iid`,`item_name`,`unit_price`,`qty`,`netamount`,`date`) VALUES 
 ('DSKI15000070','DSKI150057','KOTTU MEE',45,15,675,'2016-06-24'),
 ('DSKI15000070','DSKI150057','KOTTU MEE',45,25,1125,'2016-06-24'),
 ('DSKI15000070','DSKI150059','PANADOL',360,2,720,'2016-06-24'),
 ('DSKI15000070','DSKI150059','PANADOL',370,2,740,'2016-06-24'),
 ('DSKI15000070','DSKI150060','PNADOL SYRUP',145,6,870,'2016-06-24'),
 ('DSKI15000070','DSKI150060','PNADOL SYRUP',145,12,1740,'2016-06-24'),
 ('DSKI15000070','DSKI150069','BIC ORANGE',32,18,576,'2016-06-24'),
 ('DSKI15000070','DSKI150070','BIC BLAD',80,20,1600,'2016-06-24'),
 ('DSKI15000070','DSKI150092','SUDANTHA 40g',50,24,1200,'2016-06-24'),
 ('DSKI15000070','DSKI150097','SIGNAL BRUSH',37,36,1314,'2016-06-24'),
 ('DSKI15000070','DSKI150101','NINJA COIL',55,15,825,'2016-06-24'),
 ('DSKI15000070','DSKI150107','RASAMALU SAMON',123,24,2952,'2016-06-24'),
 ('DSKI15000070','DSKI150107','RASAMALU SAMON',123,240,29520,'2016-06-24'),
 ('DSKI15000070','DSKI150109','BUDDY SHOPPIN',80,4,320,'2016-06-24');
INSERT INTO `invoice` (`invoice_no`,`iid`,`item_name`,`unit_price`,`qty`,`netamount`,`date`) VALUES 
 ('DSKI15000070','DSKI150110','2/= SHOPPIN',150,4,600,'2016-06-24'),
 ('DSKI15000070','DSKI150122','CENTRE FRUIT',230,2,460,'2016-06-24'),
 ('DSKI15000070','DSKI150124','5/= PIECE (CA/MU/TM/KI/LAY/ID/POL)',160,4,640,'2016-06-24'),
 ('DSKI15000070','DSKI150138','MASMELOS 5/=',160,3,480,'2016-06-24'),
 ('DSKI15000070','DSKI150149','AMEENS HAIR DIE',360,2,720,'2016-06-24'),
 ('DSKI15000070','DSKI150150','ORANGE BULB(40/60/75/100 W)',55,25,1375,'2016-06-24'),
 ('DSKI15000070','DSKI150151','REKHA PAPADAM',33,40,1300,'2016-06-24'),
 ('DSKI15000070','DSKI150162','DIVA WP 200g',35,6,210,'2016-06-24'),
 ('DSKI15000070','DSKI150163','DIVA WP 400g',53,6,318,'2016-06-24'),
 ('DSKI15000070','DSKI150163','DIVA WP 400g',54,12,648,'2016-06-24'),
 ('DSKI15000070','DSKI150166','SUNLIGHT WP 200g',31,15,457.5,'2016-06-24'),
 ('DSKI15000070','DSKI150168','SUNLIGHT WP 1kg',135,15,2025,'2016-06-24'),
 ('DSKI15000070','DSKI150172','SURF EXEL 50/=',44,12,528,'2016-06-24'),
 ('DSKI15000070','DSKI150172','SURF EXEL 50/=',44,18,792,'2016-06-24');
INSERT INTO `invoice` (`invoice_no`,`iid`,`item_name`,`unit_price`,`qty`,`netamount`,`date`) VALUES 
 ('DSKI15000070','DSKI150173','SURF EXEL 500g',125,6,750,'2016-06-24'),
 ('DSKI15000070','DSKI150187','LITE MARIE 100g',18,48,840,'2016-06-24'),
 ('DSKI15000070','DSKI150189','CHOCOLATE MARIE 100g',35,19,665,'2016-06-24'),
 ('DSKI15000070','DSKI150191','CREAM CRACKER 50/=',43,48,2040,'2016-06-24'),
 ('DSKI15000070','DSKI150192','CREAM CRACKER 75/=',64,30,1920,'2016-06-24'),
 ('DSKI15000070','DSKI150220','LIFE BOUY SHAMPOO SH P 5/=',4,36,153,'2016-06-24'),
 ('DSKI15000070','DSKI150221','DANDEX SHAMPOO SH 5/=',4,36,153,'2016-06-24'),
 ('DSKI15000070','DSKI150232','HAWAIN COOKIES 100/=',86,12,1032,'2016-06-24'),
 ('DSKI15000070','DSKI150235','NESTOMALT 175g',140,6,840,'2016-06-24'),
 ('DSKI15000070','DSKI150240','ONION BISCUT 20/=',480,1,480,'2016-06-24'),
 ('DSKI15000070','DSKI150241','DIVA W/P 1KG 150/=',130,6,780,'2016-06-24'),
 ('DSKI15000070','DSKI150246','REAL COOKIES 100/=',82,12,984,'2016-06-24'),
 ('DSKI15000071','DSKI150024','SUNLIGHT SOAP',38,24,912,'2016-06-24');
INSERT INTO `invoice` (`invoice_no`,`iid`,`item_name`,`unit_price`,`qty`,`netamount`,`date`) VALUES 
 ('DSKI15000071','DSKI150029','VELVET SOAP',43,12,516,'2016-06-24'),
 ('DSKI15000071','DSKI150042','LA O JEE 50g',49,24,1176,'2016-06-24'),
 ('DSKI15000071','DSKI150118','TOFFIE 1/=',100,1,100,'2016-06-24'),
 ('DSKI15000071','DSKI150120','HACKS',305,1,305,'2016-06-24'),
 ('DSKI15000071','DSKI150141','HANDUNKURU 10/=',60,1,60,'2016-06-24'),
 ('DSKI15000071','DSKI150145','SOORYA MATCH',630,1,630,'2016-06-24'),
 ('DSKI15000071','DSKI150150','ORANGE BULB(40/60/75/100 W)',60,12,720,'2016-06-24'),
 ('DSKI15000071','DSKI150166','SUNLIGHT WP 200g',31,5,155,'2016-06-24'),
 ('DSKI15000071','DSKI150168','SUNLIGHT WP 1kg',140,6,840,'2016-06-24'),
 ('DSKI15000071','DSKI150175','A K SURUTTU',410,1,410,'2016-06-24'),
 ('DSKI15000071','DSKI150185','TIKIRI MARIE 100g',26,4,104,'2016-06-24'),
 ('DSKI15000071','DSKI150191','CREAM CRACKER 50/=',45,6,270,'2016-06-24'),
 ('DSKI15000071','DSKI150192','CREAM CRACKER 75/=',67,6,402,'2016-06-24'),
 ('DSKI15000071','DSKI150199','CHOCALATE CREAM 100g',43,6,258,'2016-06-24');
INSERT INTO `invoice` (`invoice_no`,`iid`,`item_name`,`unit_price`,`qty`,`netamount`,`date`) VALUES 
 ('DSKI15000071','DSKI150231','LANKA SOYA 30/=',24,25,600,'2016-06-24'),
 ('DSKI15000071','DSKI150248','BUTTER CAROL 45/=',40,12,480,'2016-06-24'),
 ('DSKI15000071','DSKI150251','CHOCOLATE SHO. 20/=',17,25,425,'2016-06-24'),
 ('DSKI15000072','DSKI150024','SUNLIGHT SOAP',37,36,1332,'2016-06-24'),
 ('DSKI15000072','DSKI150025','LIFE BOUY SOAP',42,36,1512,'2016-06-24'),
 ('DSKI15000072','DSKI150099','DENTA BRUSH',36,36,1296,'2016-06-24'),
 ('DSKI15000072','DSKI150144','AMRITHA 80/= (O/R/B/H/J)',725,1,725,'2016-06-24'),
 ('DSKI15000072','DSKI150177','BABY CREAM 80/=',67,6,402,'2016-06-24'),
 ('DSKI15000072','DSKI150178','BABY CREAM 135/=',115,6,690,'2016-06-24'),
 ('DSKI15000072','DSKI150179','BABY POWDER',72,6,432,'2016-06-24'),
 ('DSKI15000072','DSKI150180','BABY COLONE',115,6,690,'2016-06-24'),
 ('DSKI15000072','DSKI150184','KESHA H/O',125,6,750,'2016-06-24'),
 ('DSKI15000072','DSKI150234','KUMARIKA H/OIL 145/=',123,6,738,'2016-06-24'),
 ('DSKI15000072','DSKI150236','BABY OIL 85/=',71,6,426,'2016-06-24');
INSERT INTO `invoice` (`invoice_no`,`iid`,`item_name`,`unit_price`,`qty`,`netamount`,`date`) VALUES 
 ('DSKI15000072','DSKI150237','BABY SHAMPOO 115/=',95,6,570,'2016-06-24'),
 ('DSKI15000073','DSKI150005','RATTHI 400g',310,6,1860,'2016-06-24'),
 ('DSKI15000073','DSKI150007','RATTHI SH.70/=',57,9,513,'2016-06-24'),
 ('DSKI15000073','DSKI150008','RATTHI SH.130/=',124,6,744,'2016-06-24'),
 ('DSKI15000073','DSKI150018','NESTAMOLT 400g',270,6,1620,'2016-06-24'),
 ('DSKI15000073','DSKI150021','VIVA 400g',265,6,1590,'2016-06-24'),
 ('DSKI15000073','DSKI150025','LIFE BOUY SOAP',43,36,1548,'2016-06-24'),
 ('DSKI15000073','DSKI150030','LUX SOAP',43,24,1032,'2016-06-24'),
 ('DSKI15000073','DSKI150033','DELMA LIGHT SOAP',21,24,504,'2016-06-24'),
 ('DSKI15000073','DSKI150038','VIM 100g',18,50,900,'2016-06-24'),
 ('DSKI15000073','DSKI150046','WATAWALA 50g',48,24,1152,'2016-06-24'),
 ('DSKI15000073','DSKI150116','GROCERY (7x10)',300,1,300,'2016-06-24'),
 ('DSKI15000073','DSKI150119','MYLADY',240,1,240,'2016-06-24'),
 ('DSKI15000073','DSKI150120','HACKS',305,1,305,'2016-06-24');
INSERT INTO `invoice` (`invoice_no`,`iid`,`item_name`,`unit_price`,`qty`,`netamount`,`date`) VALUES 
 ('DSKI15000073','DSKI150121','BUBBLE GUM',130,1,130,'2016-06-24'),
 ('DSKI15000073','DSKI150122','CENTRE FRUIT',240,1,240,'2016-06-24'),
 ('DSKI15000073','DSKI150124','5/= PIECE (CA/MU/TM/KI/LAY/ID/POL)',170,4,680,'2016-06-24'),
 ('DSKI15000073','DSKI150125','WAFER CHOCKS',200,1,200,'2016-06-24'),
 ('DSKI15000073','DSKI150126','JUJUBBS 2/=',380,1,380,'2016-06-24'),
 ('DSKI15000073','DSKI150134','TIPI TIP 10/=',290,1,290,'2016-06-24'),
 ('DSKI15000073','DSKI150135','TIPI TIP 60/=',48,12,576,'2016-06-24'),
 ('DSKI15000073','DSKI150140','MILLO',40,42,1680,'2016-06-24'),
 ('DSKI15000073','DSKI150141','HANDUNKURU 10/=',60,3,180,'2016-06-24'),
 ('DSKI15000073','DSKI150145','SOORYA MATCH',630,1,630,'2016-06-24'),
 ('DSKI15000073','DSKI150174','CHAMPIKA BEDI',870,2,1740,'2016-06-24'),
 ('DSKI15000073','DSKI150219','TIPI TIP  50/=',38,24,912,'2016-06-24'),
 ('DSKI15000074','DSKI150042','LA O JEE 50g',48,12,576,'2016-06-24'),
 ('DSKI15000074','DSKI150046','WATAWALA 50g',48,12,576,'2016-06-24');
INSERT INTO `invoice` (`invoice_no`,`iid`,`item_name`,`unit_price`,`qty`,`netamount`,`date`) VALUES 
 ('DSKI15000074','DSKI150068','BIC EASY2',47,6,282,'2016-06-24'),
 ('DSKI15000074','DSKI150069','BIC ORANGE',34,6,204,'2016-06-24'),
 ('DSKI15000074','DSKI150089','CLOGURD 40g',36,3,108,'2016-06-24'),
 ('DSKI15000074','DSKI150090','CLOGURD 70g',63,3,189,'2016-06-24'),
 ('DSKI15000074','DSKI150092','SUDANTHA 40g',53,3,159,'2016-06-24'),
 ('DSKI15000074','DSKI150097','SIGNAL BRUSH',38,6,228,'2016-06-24'),
 ('DSKI15000074','DSKI150145','SOORYA MATCH',630,1,630,'2016-06-24'),
 ('DSKI15000074','DSKI150152','REKHA NOODELES 500g',70,6,420,'2016-06-24'),
 ('DSKI15000074','DSKI150155','LANKA SOYA 65/=',53,6,318,'2016-06-24'),
 ('DSKI15000074','DSKI150161','DIVA WP 70g',9,6,54,'2016-06-24'),
 ('DSKI15000074','DSKI150165','SUNLIGHT WP 10/=',9,18,162,'2016-06-24'),
 ('DSKI15000074','DSKI150231','LANKA SOYA 30/=',24,6,144,'2016-06-24'),
 ('DSKI15000075','DSKI150009','NESPRAY 400g',303,3,909,'2016-06-24'),
 ('DSKI15000075','DSKI150018','NESTAMOLT 400g',270,3,810,'2016-06-24');
INSERT INTO `invoice` (`invoice_no`,`iid`,`item_name`,`unit_price`,`qty`,`netamount`,`date`) VALUES 
 ('DSKI15000075','DSKI150021','VIVA 400g',260,3,780,'2016-06-24'),
 ('DSKI15000075','DSKI150026','KHOMBA SOAP',35,12,420,'2016-06-24'),
 ('DSKI15000075','DSKI150027','RANI SOAP',42,6,252,'2016-06-24'),
 ('DSKI15000075','DSKI150030','LUX SOAP',42,12,504,'2016-06-24'),
 ('DSKI15000075','DSKI150032','DELMA SOAP (S/A)',29,12,348,'2016-06-24'),
 ('DSKI15000075','DSKI150033','DELMA LIGHT SOAP',20,24,480,'2016-06-24'),
 ('DSKI15000075','DSKI150036','CHERAMY BABY (O/N)',39,12,468,'2016-06-24'),
 ('DSKI15000075','DSKI150037','PEARS BABY (P/R/H)',43,24,1032,'2016-06-24'),
 ('DSKI15000075','DSKI150042','LA O JEE 50g',48,12,576,'2016-06-24'),
 ('DSKI15000075','DSKI150043','LA O JEE 100g',93,6,558,'2016-06-24'),
 ('DSKI15000075','DSKI150044','CEYLONTA 50g',50,12,600,'2016-06-24'),
 ('DSKI15000075','DSKI150046','WATAWALA 50g',48,12,576,'2016-06-24'),
 ('DSKI15000075','DSKI150052','SAMAPOSA 200g',52,12,624,'2016-06-24'),
 ('DSKI15000075','DSKI150059','PANADOL',370,2,740,'2016-06-24');
INSERT INTO `invoice` (`invoice_no`,`iid`,`item_name`,`unit_price`,`qty`,`netamount`,`date`) VALUES 
 ('DSKI15000075','DSKI150062','ASAMODAGAM',55,24,1320,'2016-06-24'),
 ('DSKI15000075','DSKI150069','BIC ORANGE',34,6,204,'2016-06-24'),
 ('DSKI15000075','DSKI150070','BIC BLAD',80,3,240,'2016-06-24'),
 ('DSKI15000075','DSKI150091','CLOGURD 120g',88,6,528,'2016-06-24'),
 ('DSKI15000075','DSKI150094','SUPIRIVIKI 40g',38,12,456,'2016-06-24'),
 ('DSKI15000075','DSKI150096','SUPIRIVIKI 110g',80,6,480,'2016-06-24'),
 ('DSKI15000075','DSKI150097','SIGNAL BRUSH',38,12,456,'2016-06-24'),
 ('DSKI15000075','DSKI150101','NINJA COIL',56,12,672,'2016-06-24'),
 ('DSKI15000075','DSKI150105','DIAMOND(L)',165,12,1980,'2016-06-24'),
 ('DSKI15000075','DSKI150109','BUDDY SHOPPIN',85,3,255,'2016-06-24'),
 ('DSKI15000075','DSKI150110','2/= SHOPPIN',150,2,300,'2016-06-24'),
 ('DSKI15000075','DSKI150120','HACKS',300,1,300,'2016-06-24'),
 ('DSKI15000075','DSKI150147','EVA ROSE',92,6,552,'2016-06-24'),
 ('DSKI15000075','DSKI150150','ORANGE BULB(40/60/75/100 W)',60,12,720,'2016-06-24'),
 ('DSKI15000075','DSKI150151','REKHA PAPADAM',33,40,1300,'2016-06-24');
INSERT INTO `invoice` (`invoice_no`,`iid`,`item_name`,`unit_price`,`qty`,`netamount`,`date`) VALUES 
 ('DSKI15000075','DSKI150155','LANKA SOYA 65/=',53,12,636,'2016-06-24'),
 ('DSKI15000075','DSKI150156','SUNSILK SHAMPOO SH.(B/R/O/Y/BR)',6,36,216,'2016-06-24'),
 ('DSKI15000075','DSKI150157','SUNSILK SHAMPOO BOT.(B/R/O/Y/BR)',126,3,378,'2016-06-24'),
 ('DSKI15000075','DSKI150158','LIFE BOUY SHAMPOO SH.(B/P/G)',5,36,189,'2016-06-24'),
 ('DSKI15000075','DSKI150160','LIFE BOUY SHAMPOO BOT.(P)',100,3,300,'2016-06-24'),
 ('DSKI15000075','DSKI150161','DIVA WP 70g',9,50,450,'2016-06-24'),
 ('DSKI15000075','DSKI150166','SUNLIGHT WP 200g',31,6,186,'2016-06-24'),
 ('DSKI15000075','DSKI150172','SURF EXEL 50/=',44,6,264,'2016-06-24'),
 ('DSKI15000075','DSKI150177','BABY CREAM 80/=',68,3,204,'2016-06-24'),
 ('DSKI15000075','DSKI150184','KESHA H/O',127,3,381,'2016-06-24'),
 ('DSKI15000075','DSKI150220','LIFE BOUY SHAMPOO SH P 5/=',4,36,153,'2016-06-24'),
 ('DSKI15000075','DSKI150221','DANDEX SHAMPOO SH 5/=',4,36,153,'2016-06-24'),
 ('DSKI15000075','DSKI150231','LANKA SOYA 30/=',23,25,575,'2016-06-24');
INSERT INTO `invoice` (`invoice_no`,`iid`,`item_name`,`unit_price`,`qty`,`netamount`,`date`) VALUES 
 ('DSKI15000075','DSKI150234','KUMARIKA H/OIL 145/=',125,3,375,'2016-06-24'),
 ('DSKI15000075','DSKI150240','ONION BISCUT 20/=',480,1,480,'2016-06-24'),
 ('DSKI15000075','DSKI150241','DIVA W/P 1KG 150/=',130,6,780,'2016-06-24'),
 ('DSKI15000075','DSKI150243','VELVET 50/=',44,12,528,'2016-06-24'),
 ('DSKI15000075','DSKI150245','BABY POWDER 89/=',77,3,231,'2016-06-24'),
 ('DSKI15000076','DSKI150009','NESPRAY 400g',300,6,1800,'2016-06-26'),
 ('DSKI15000076','DSKI150018','NESTAMOLT 400g',265,6,1590,'2016-06-26'),
 ('DSKI15000076','DSKI150019','NESTAMOLT WEL 400g',255,25,6375,'2016-06-26'),
 ('DSKI15000076','DSKI150022','VIVA WEL 400g',245,15,3675,'2016-06-26'),
 ('DSKI15000076','DSKI150033','DELMA LIGHT SOAP',20,24,480,'2016-06-26'),
 ('DSKI15000076','DSKI150036','CHERAMY BABY (O/N)',38,36,1368,'2016-06-26'),
 ('DSKI15000076','DSKI150038','VIM 100g',18,48,864,'2016-06-26'),
 ('DSKI15000076','DSKI150042','LA O JEE 50g',48,36,1728,'2016-06-26'),
 ('DSKI15000076','DSKI150043','LA O JEE 100g',92,24,2208,'2016-06-26');
INSERT INTO `invoice` (`invoice_no`,`iid`,`item_name`,`unit_price`,`qty`,`netamount`,`date`) VALUES 
 ('DSKI15000076','DSKI150052','SAMAPOSA 200g',51,25,1275,'2016-06-26'),
 ('DSKI15000076','DSKI150057','KOTTU MEE',45,36,1602,'2016-06-26'),
 ('DSKI15000076','DSKI150060','PNADOL SYRUP',145,6,870,'2016-06-26'),
 ('DSKI15000076','DSKI150093','SUDANTHA 80g',73,15,1095,'2016-06-26'),
 ('DSKI15000076','DSKI150106','DIAMOND JACK',124,24,2976,'2016-06-26'),
 ('DSKI15000076','DSKI150107','RASAMALU SAMON',123,24,2952,'2016-06-26'),
 ('DSKI15000076','DSKI150140','MILLO',39,84,3276,'2016-06-26'),
 ('DSKI15000076','DSKI150146','MATCHES',590,2,1180,'2016-06-26'),
 ('DSKI15000076','DSKI150149','AMEENS HAIR DIE',360,6,2160,'2016-06-26'),
 ('DSKI15000076','DSKI150156','SUNSILK SHAMPOO SH.(B/R/O/Y/BR)',6,72,432,'2016-06-26'),
 ('DSKI15000076','DSKI150158','LIFE BOUY SHAMPOO SH.(B/P/G)',5,72,378,'2016-06-26'),
 ('DSKI15000076','DSKI150174','CHAMPIKA BEDI',860,3,2580,'2016-06-26'),
 ('DSKI15000076','DSKI150220','LIFE BOUY SHAMPOO SH P 5/=',4,72,306,'2016-06-26'),
 ('DSKI15000076','DSKI150243','VELVET 50/=',43,24,1032,'2016-06-26');
INSERT INTO `invoice` (`invoice_no`,`iid`,`item_name`,`unit_price`,`qty`,`netamount`,`date`) VALUES 
 ('DSKI15000077','DSKI150002','ANCHOR 400g',307,3,921,'2016-06-26'),
 ('DSKI15000077','DSKI150005','RATTHI 400g',307,3,921,'2016-06-26'),
 ('DSKI15000077','DSKI150012','MALIBAN 400g',300,3,900,'2016-06-26'),
 ('DSKI15000077','DSKI150013','MALIBAN 1kg',745,2,1490,'2016-06-26'),
 ('DSKI15000077','DSKI150018','NESTAMOLT 400g',270,3,810,'2016-06-26'),
 ('DSKI15000077','DSKI150038','VIM 100g',18,12,216,'2016-06-26'),
 ('DSKI15000077','DSKI150061','SAMAHAN',490,1,490,'2016-06-26'),
 ('DSKI15000077','DSKI150099','DENTA BRUSH',38,12,456,'2016-06-26'),
 ('DSKI15000077','DSKI150101','NINJA COIL',55,12,660,'2016-06-26'),
 ('DSKI15000077','DSKI150159','LIFE BOUY SHAMPOO BOT.(B/G)',95,3,285,'2016-06-26'),
 ('DSKI15000077','DSKI150222','DANDEX SHAMPOO BOTTLE',105,3,315,'2016-06-26'),
 ('DSKI15000077','DSKI150231','LANKA SOYA 30/=',23,15,345,'2016-06-26'),
 ('DSKI15000077','DSKI150253','DIVA 130g 20/=',18,20,350,'2016-06-26'),
 ('DSKI15000078','DSKI150023','VIVA SH.25/=',23,24,552,'2016-06-26');
INSERT INTO `invoice` (`invoice_no`,`iid`,`item_name`,`unit_price`,`qty`,`netamount`,`date`) VALUES 
 ('DSKI15000078','DSKI150024','SUNLIGHT SOAP',38,12,456,'2016-06-26'),
 ('DSKI15000078','DSKI150025','LIFE BOUY SOAP',43,12,516,'2016-06-26'),
 ('DSKI15000078','DSKI150038','VIM 100g',18,12,216,'2016-06-26'),
 ('DSKI15000078','DSKI150068','BIC EASY2',47,12,564,'2016-06-26'),
 ('DSKI15000078','DSKI150070','BIC BLAD',80,5,400,'2016-06-26'),
 ('DSKI15000078','DSKI150085','SIGNAL 40g',36,10,360,'2016-06-26'),
 ('DSKI15000078','DSKI150097','SIGNAL BRUSH',38,12,456,'2016-06-26'),
 ('DSKI15000078','DSKI150107','RASAMALU SAMON',127,8,1016,'2016-06-26'),
 ('DSKI15000078','DSKI150151','REKHA PAPADAM',35,12,420,'2016-06-26'),
 ('DSKI15000078','DSKI150156','SUNSILK SHAMPOO SH.(B/R/O/Y/BR)',6,24,144,'2016-06-26'),
 ('DSKI15000078','DSKI150161','DIVA WP 70g',9,40,360,'2016-06-26'),
 ('DSKI15000078','DSKI150165','SUNLIGHT WP 10/=',9,18,162,'2016-06-26'),
 ('DSKI15000078','DSKI150185','TIKIRI MARIE 100g',25,12,300,'2016-06-26'),
 ('DSKI15000078','DSKI150187','LITE MARIE 100g',18,12,216,'2016-06-26');
INSERT INTO `invoice` (`invoice_no`,`iid`,`item_name`,`unit_price`,`qty`,`netamount`,`date`) VALUES 
 ('DSKI15000078','DSKI150191','CREAM CRACKER 50/=',44,12,528,'2016-06-26'),
 ('DSKI15000078','DSKI150192','CREAM CRACKER 75/=',65,10,650,'2016-06-26'),
 ('DSKI15000078','DSKI150196','LEMON PUFF (L)',88,6,528,'2016-06-26'),
 ('DSKI15000078','DSKI150198','CHOCOLATE PUFF(L)',88,6,528,'2016-06-26'),
 ('DSKI15000078','DSKI150211','TIPPIN 70/=(G / B)',62,6,372,'2016-06-26'),
 ('DSKI15000078','DSKI150231','LANKA SOYA 30/=',24,25,600,'2016-06-26'),
 ('DSKI15000078','DSKI150235','NESTOMALT 175g',140,5,700,'2016-06-26'),
 ('DSKI15000078','DSKI150240','ONION BISCUT 20/=',480,1,480,'2016-06-26'),
 ('DSKI15000078','DSKI150248','BUTTER CAROL 45/=',39,6,234,'2016-06-26'),
 ('DSKI15000079','DSKI150002','ANCHOR 400g',307,6,1842,'2016-06-26'),
 ('DSKI15000079','DSKI150005','RATTHI 400g',307,6,1842,'2016-06-26'),
 ('DSKI15000079','DSKI150008','RATTHI SH.130/=',124,6,744,'2016-06-26'),
 ('DSKI15000079','DSKI150011','NESPRAY SH.18/=',17,30,495,'2016-06-26'),
 ('DSKI15000079','DSKI150012','MALIBAN 400g',300,3,900,'2016-06-26');
INSERT INTO `invoice` (`invoice_no`,`iid`,`item_name`,`unit_price`,`qty`,`netamount`,`date`) VALUES 
 ('DSKI15000079','DSKI150014','MALIBAN SH.18/=',17,10,165,'2016-06-26'),
 ('DSKI15000079','DSKI150021','VIVA 400g',255,3,765,'2016-06-26'),
 ('DSKI15000079','DSKI150024','SUNLIGHT SOAP',38,20,760,'2016-06-26'),
 ('DSKI15000079','DSKI150025','LIFE BOUY SOAP',43,12,516,'2016-06-26'),
 ('DSKI15000079','DSKI150027','RANI SOAP',42,6,252,'2016-06-26'),
 ('DSKI15000079','DSKI150052','SAMAPOSA 200g',52,6,312,'2016-06-26'),
 ('DSKI15000079','DSKI150056','MAGGI NOODLES 50/=',45,12,540,'2016-06-26'),
 ('DSKI15000079','DSKI150068','BIC EASY2',47,6,282,'2016-06-26'),
 ('DSKI15000079','DSKI150070','BIC BLAD',80,3,240,'2016-06-26'),
 ('DSKI15000079','DSKI150084','AAA',25,24,600,'2016-06-26'),
 ('DSKI15000079','DSKI150089','CLOGURD 40g',36,3,108,'2016-06-26'),
 ('DSKI15000079','DSKI150090','CLOGURD 70g',63,3,189,'2016-06-26'),
 ('DSKI15000079','DSKI150091','CLOGURD 120g',90,3,270,'2016-06-26'),
 ('DSKI15000079','DSKI150099','DENTA BRUSH',36,36,1296,'2016-06-26'),
 ('DSKI15000079','DSKI150101','NINJA COIL',56,10,560,'2016-06-26');
INSERT INTO `invoice` (`invoice_no`,`iid`,`item_name`,`unit_price`,`qty`,`netamount`,`date`) VALUES 
 ('DSKI15000079','DSKI150106','DIAMOND JACK',127,3,381,'2016-06-26'),
 ('DSKI15000079','DSKI150107','RASAMALU SAMON',127,3,381,'2016-06-26'),
 ('DSKI15000079','DSKI150109','BUDDY SHOPPIN',80,5,400,'2016-06-26'),
 ('DSKI15000079','DSKI150125','WAFER CHOCKS',200,1,200,'2016-06-26'),
 ('DSKI15000079','DSKI150147','EVA ROSE',90,6,540,'2016-06-26'),
 ('DSKI15000079','DSKI150191','CREAM CRACKER 50/=',44,6,264,'2016-06-26'),
 ('DSKI15000079','DSKI150230','CLOGARD BRUSH',33,12,396,'2016-06-26'),
 ('DSKI15000079','DSKI150239','TREET BLAD',5,50,250,'2016-06-26'),
 ('DSKI15000079','DSKI150243','VELVET 50/=',43,12,516,'2016-06-26'),
 ('DSKI15000079','DSKI150255','GODRIJ HAIR DIE',325,1,325,'2016-06-26'),
 ('DSKI15000079','DSKI150256','HANDUNKURU 30/=',260,1,260,'2016-06-26'),
 ('DSKI15000080','DSKI150061','SAMAHAN',490,1,490,'2016-06-26'),
 ('DSKI15000080','DSKI150062','ASAMODAGAM',58,3,174,'2016-06-26'),
 ('DSKI15000080','DSKI150063','IDEX 70/=',60,6,360,'2016-06-26');
INSERT INTO `invoice` (`invoice_no`,`iid`,`item_name`,`unit_price`,`qty`,`netamount`,`date`) VALUES 
 ('DSKI15000080','DSKI150080','GILLETTE',40,12,480,'2016-06-26'),
 ('DSKI15000080','DSKI150093','SUDANTHA 80g',75,6,450,'2016-06-26'),
 ('DSKI15000080','DSKI150143','HANDUNKURU 50/=(R/P)',420,2,840,'2016-06-26'),
 ('DSKI15000080','DSKI150144','AMRITHA 80/= (O/R/B/H/J)',725,1,725,'2016-06-26'),
 ('DSKI15000080','DSKI150146','MATCHES',590,1,295,'2016-06-26'),
 ('DSKI15000080','DSKI150184','KESHA H/O',125,3,375,'2016-06-26'),
 ('DSKI15000080','DSKI150220','LIFE BOUY SHAMPOO SH P 5/=',4,36,153,'2016-06-26'),
 ('DSKI15000080','DSKI150242','HEAD PAST 75/=',66,3,198,'2016-06-26'),
 ('DSKI15000081','DSKI150002','ANCHOR 400g',306,6,1836,'2016-06-26'),
 ('DSKI15000081','DSKI150005','RATTHI 400g',306,6,1836,'2016-06-26'),
 ('DSKI15000081','DSKI150007','RATTHI SH.70/=',56,9,504,'2016-06-26'),
 ('DSKI15000081','DSKI150012','MALIBAN 400g',300,3,900,'2016-06-26'),
 ('DSKI15000081','DSKI150018','NESTAMOLT 400g',270,3,810,'2016-06-26'),
 ('DSKI15000081','DSKI150019','NESTAMOLT WEL 400g',260,3,780,'2016-06-26');
INSERT INTO `invoice` (`invoice_no`,`iid`,`item_name`,`unit_price`,`qty`,`netamount`,`date`) VALUES 
 ('DSKI15000081','DSKI150021','VIVA 400g',255,3,765,'2016-06-26'),
 ('DSKI15000081','DSKI150024','SUNLIGHT SOAP',38,18,675,'2016-06-26'),
 ('DSKI15000081','DSKI150025','LIFE BOUY SOAP',43,12,516,'2016-06-26'),
 ('DSKI15000081','DSKI150032','DELMA SOAP (S/A)',30,12,360,'2016-06-26'),
 ('DSKI15000081','DSKI150056','MAGGI NOODLES 50/=',45,12,540,'2016-06-26'),
 ('DSKI15000081','DSKI150057','KOTTU MEE',45,12,540,'2016-06-26'),
 ('DSKI15000081','DSKI150061','SAMAHAN',500,1,500,'2016-06-26'),
 ('DSKI15000081','DSKI150082','PANASONIC BATTRY',60,12,720,'2016-06-26'),
 ('DSKI15000081','DSKI150101','NINJA COIL',55,24,1320,'2016-06-26'),
 ('DSKI15000081','DSKI150103','DIAMOND(S)',65,6,390,'2016-06-26'),
 ('DSKI15000081','DSKI150107','RASAMALU SAMON',125,12,1500,'2016-06-26'),
 ('DSKI15000081','DSKI150124','5/= PIECE (CA/MU/TM/KI/LAY/ID/POL)',160,1,160,'2016-06-26'),
 ('DSKI15000081','DSKI150140','MILLO',40,12,480,'2016-06-26'),
 ('DSKI15000081','DSKI150145','SOORYA MATCH',630,1,630,'2016-06-26');
INSERT INTO `invoice` (`invoice_no`,`iid`,`item_name`,`unit_price`,`qty`,`netamount`,`date`) VALUES 
 ('DSKI15000081','DSKI150155','LANKA SOYA 65/=',53,12,636,'2016-06-26'),
 ('DSKI15000081','DSKI150161','DIVA WP 70g',9,20,180,'2016-06-26'),
 ('DSKI15000081','DSKI150185','TIKIRI MARIE 100g',25,12,300,'2016-06-26'),
 ('DSKI15000081','DSKI150196','LEMON PUFF (L)',88,6,528,'2016-06-26'),
 ('DSKI15000081','DSKI150198','CHOCOLATE PUFF(L)',88,3,264,'2016-06-26'),
 ('DSKI15000081','DSKI150199','CHOCALATE CREAM 100g',42,12,504,'2016-06-26'),
 ('DSKI15000081','DSKI150211','TIPPIN 70/=(G / B)',61,6,366,'2016-06-26'),
 ('DSKI15000081','DSKI150213','SHORTIES 400g(D /MIC /LU)',290,3,870,'2016-06-26'),
 ('DSKI15000081','DSKI150250','TIPI TIP (MIC) 10/=',280,1,280,'2016-06-26'),
 ('DSKI15000082','DSKI150005','RATTHI 400g',308,3,924,'2016-06-26'),
 ('DSKI15000082','DSKI150024','SUNLIGHT SOAP',38,15,570,'2016-06-26'),
 ('DSKI15000082','DSKI150025','LIFE BOUY SOAP',43,10,430,'2016-06-26'),
 ('DSKI15000082','DSKI150029','VELVET SOAP',43,6,258,'2016-06-26'),
 ('DSKI15000082','DSKI150038','VIM 100g',18,12,216,'2016-06-26');
INSERT INTO `invoice` (`invoice_no`,`iid`,`item_name`,`unit_price`,`qty`,`netamount`,`date`) VALUES 
 ('DSKI15000082','DSKI150056','MAGGI NOODLES 50/=',45,10,450,'2016-06-26'),
 ('DSKI15000082','DSKI150057','KOTTU MEE',46,10,460,'2016-06-26'),
 ('DSKI15000082','DSKI150059','PANADOL',380,2,760,'2016-06-26'),
 ('DSKI15000082','DSKI150068','BIC EASY2',47,6,282,'2016-06-26'),
 ('DSKI15000082','DSKI150082','PANASONIC BATTRY',65,6,390,'2016-06-26'),
 ('DSKI15000082','DSKI150085','SIGNAL 40g',37,6,219,'2016-06-26'),
 ('DSKI15000082','DSKI150086','SIGNAL 70g',64,6,384,'2016-06-26'),
 ('DSKI15000082','DSKI150092','SUDANTHA 40g',53,3,159,'2016-06-26'),
 ('DSKI15000082','DSKI150104','DIAMOND(M)',98,6,588,'2016-06-26'),
 ('DSKI15000082','DSKI150106','DIAMOND JACK',127,6,762,'2016-06-26'),
 ('DSKI15000082','DSKI150140','MILLO',40,10,400,'2016-06-26'),
 ('DSKI15000082','DSKI150147','EVA ROSE',95,6,570,'2016-06-26'),
 ('DSKI15000082','DSKI150156','SUNSILK SHAMPOO SH.(B/R/O/Y/BR)',6,24,150,'2016-06-26'),
 ('DSKI15000082','DSKI150165','SUNLIGHT WP 10/=',9,12,108,'2016-06-26');
INSERT INTO `invoice` (`invoice_no`,`iid`,`item_name`,`unit_price`,`qty`,`netamount`,`date`) VALUES 
 ('DSKI15000082','DSKI150253','DIVA 130g 20/=',18,30,525,'2016-06-26'),
 ('DSKI15000083','DSKI150018','NESTAMOLT 400g',270,3,810,'2016-06-26'),
 ('DSKI15000083','DSKI150024','SUNLIGHT SOAP',38,12,456,'2016-06-26'),
 ('DSKI15000083','DSKI150052','SAMAPOSA 200g',52,6,312,'2016-06-26'),
 ('DSKI15000083','DSKI150056','MAGGI NOODLES 50/=',45,12,540,'2016-06-26'),
 ('DSKI15000083','DSKI150057','KOTTU MEE',46,12,552,'2016-06-26'),
 ('DSKI15000083','DSKI150059','PANADOL',370,1,370,'2016-06-26'),
 ('DSKI15000083','DSKI150061','SAMAHAN',500,1,500,'2016-06-26'),
 ('DSKI15000083','DSKI150070','BIC BLAD',80,2,160,'2016-06-26'),
 ('DSKI15000083','DSKI150082','PANASONIC BATTRY',63,6,378,'2016-06-26'),
 ('DSKI15000083','DSKI150084','AAA',25,24,600,'2016-06-26'),
 ('DSKI15000083','DSKI150102','NILMA LIQUID',220,1,220,'2016-06-26'),
 ('DSKI15000083','DSKI150118','TOFFIE 1/=',90,2,180,'2016-06-26'),
 ('DSKI15000083','DSKI150138','MASMELOS 5/=',170,1,170,'2016-06-26'),
 ('DSKI15000083','DSKI150144','AMRITHA 80/= (O/R/B/H/J)',740,1,740,'2016-06-26');
INSERT INTO `invoice` (`invoice_no`,`iid`,`item_name`,`unit_price`,`qty`,`netamount`,`date`) VALUES 
 ('DSKI15000083','DSKI150150','ORANGE BULB(40/60/75/100 W)',60,12,720,'2016-06-26'),
 ('DSKI15000083','DSKI150156','SUNSILK SHAMPOO SH.(B/R/O/Y/BR)',6,36,216,'2016-06-26'),
 ('DSKI15000083','DSKI150167','SUNLIGHT WP 400g',64,6,384,'2016-06-26'),
 ('DSKI15000083','DSKI150189','CHOCOLATE MARIE 100g',35,6,210,'2016-06-26'),
 ('DSKI15000083','DSKI150196','LEMON PUFF (L)',88,6,528,'2016-06-26'),
 ('DSKI15000083','DSKI150198','CHOCOLATE PUFF(L)',88,6,528,'2016-06-26'),
 ('DSKI15000083','DSKI150208','HAWAIN COKIES 95/=',85,6,510,'2016-06-26'),
 ('DSKI15000083','DSKI150211','TIPPIN 70/=(G / B)',61,6,366,'2016-06-26'),
 ('DSKI15000083','DSKI150213','SHORTIES 400g(D /MIC /LU)',290,3,870,'2016-06-26'),
 ('DSKI15000083','DSKI150227','GINGER  COOKIES  100/=',80,5,400,'2016-06-26'),
 ('DSKI15000083','DSKI150235','NESTOMALT 175g',140,3,420,'2016-06-26'),
 ('DSKI15000083','DSKI150247','COOKIE RING 120/=',90,4,360,'2016-06-26'),
 ('DSKI15000083','DSKI150248','BUTTER CAROL 45/=',39,15,585,'2016-06-26');
INSERT INTO `invoice` (`invoice_no`,`iid`,`item_name`,`unit_price`,`qty`,`netamount`,`date`) VALUES 
 ('DSKI15000084','DSKI150002','ANCHOR 400g',308,8,2464,'2016-06-26'),
 ('DSKI15000084','DSKI150011','NESPRAY SH.18/=',17,15,247.5,'2016-06-26'),
 ('DSKI15000084','DSKI150012','MALIBAN 400g',300,3,900,'2016-06-26'),
 ('DSKI15000084','DSKI150024','SUNLIGHT SOAP',38,12,456,'2016-06-26'),
 ('DSKI15000084','DSKI150025','LIFE BOUY SOAP',43,12,516,'2016-06-26'),
 ('DSKI15000084','DSKI150052','SAMAPOSA 200g',52,6,312,'2016-06-26'),
 ('DSKI15000084','DSKI150056','MAGGI NOODLES 50/=',45,12,540,'2016-06-26'),
 ('DSKI15000084','DSKI150068','BIC EASY2',45,20,900,'2016-06-26'),
 ('DSKI15000084','DSKI150104','DIAMOND(M)',98,6,588,'2016-06-26'),
 ('DSKI15000084','DSKI150109','BUDDY SHOPPIN',85,2,170,'2016-06-26'),
 ('DSKI15000084','DSKI150117','LUNCH SHEET',240,2,480,'2016-06-26'),
 ('DSKI15000084','DSKI150122','CENTRE FRUIT',235,1,235,'2016-06-26'),
 ('DSKI15000084','DSKI150140','MILLO',40,15,600,'2016-06-26'),
 ('DSKI15000084','DSKI150149','AMEENS HAIR DIE',360,1,360,'2016-06-26');
INSERT INTO `invoice` (`invoice_no`,`iid`,`item_name`,`unit_price`,`qty`,`netamount`,`date`) VALUES 
 ('DSKI15000084','DSKI150168','SUNLIGHT WP 1kg',135,3,405,'2016-06-26'),
 ('DSKI15000084','DSKI150185','TIKIRI MARIE 100g',25,12,300,'2016-06-26'),
 ('DSKI15000084','DSKI150189','CHOCOLATE MARIE 100g',35,12,420,'2016-06-26'),
 ('DSKI15000084','DSKI150216','WAFERS 110/=(C / S / L / V)',540,1,540,'2016-06-26'),
 ('DSKI15000085','DSKI150007','RATTHI SH.70/=',56,18,1008,'2016-06-26'),
 ('DSKI15000085','DSKI150012','MALIBAN 400g',300,12,3600,'2016-06-26'),
 ('DSKI15000085','DSKI150018','NESTAMOLT 400g',265,20,5300,'2016-06-26'),
 ('DSKI15000085','DSKI150025','LIFE BOUY SOAP',42,147,6174,'2016-06-26'),
 ('DSKI15000085','DSKI150035','KHOMBA BABY (R/W)',37,72,2664,'2016-06-26'),
 ('DSKI15000085','DSKI150038','VIM 100g',18,72,1260,'2016-06-26'),
 ('DSKI15000085','DSKI150043','LA O JEE 100g',92,18,1656,'2016-06-26'),
 ('DSKI15000085','DSKI150046','WATAWALA 50g',47,24,1128,'2016-06-26'),
 ('DSKI15000085','DSKI150047','WATAWALA 100g',95,12,1140,'2016-06-26'),
 ('DSKI15000085','DSKI150059','PANADOL',365,5,1825,'2016-06-26');
INSERT INTO `invoice` (`invoice_no`,`iid`,`item_name`,`unit_price`,`qty`,`netamount`,`date`) VALUES 
 ('DSKI15000085','DSKI150061','SAMAHAN',490,3,1470,'2016-06-26'),
 ('DSKI15000085','DSKI150094','SUPIRIVIKI 40g',38,12,456,'2016-06-26'),
 ('DSKI15000085','DSKI150102','NILMA LIQUID',215,3,645,'2016-06-26'),
 ('DSKI15000085','DSKI150116','GROCERY (7x10)',290,1,290,'2016-06-26'),
 ('DSKI15000085','DSKI150117','LUNCH SHEET',225,10,2250,'2016-06-26'),
 ('DSKI15000085','DSKI150140','MILLO',39,42,1638,'2016-06-26'),
 ('DSKI15000085','DSKI150192','CREAM CRACKER 75/=',64,15,960,'2016-06-26'),
 ('DSKI15000085','DSKI150193','CREAM CRACKER 100/=',85,8,680,'2016-06-26'),
 ('DSKI15000085','DSKI150196','LEMON PUFF (L)',85,20,1700,'2016-06-26'),
 ('DSKI15000085','DSKI150198','CHOCOLATE PUFF(L)',85,10,850,'2016-06-26'),
 ('DSKI15000085','DSKI150227','GINGER  COOKIES  100/=',80,12,960,'2016-06-26'),
 ('DSKI15000085','DSKI150228','VITA  COOKIES  100/=',80,20,1600,'2016-06-26'),
 ('DSKI15000085','DSKI150231','LANKA SOYA 30/=',22,50,1100,'2016-06-26'),
 ('DSKI15000085','DSKI150235','NESTOMALT 175g',140,10,1400,'2016-06-26');
INSERT INTO `invoice` (`invoice_no`,`iid`,`item_name`,`unit_price`,`qty`,`netamount`,`date`) VALUES 
 ('DSKI15000085','DSKI150248','BUTTER CAROL 45/=',38,50,1875,'2016-06-26'),
 ('DSKI15000085','DSKI150256','HANDUNKURU 30/=',260,1,260,'2016-06-26'),
 ('DSKI15000086','DSKI150018','NESTAMOLT 400g',270,3,810,'2016-06-26'),
 ('DSKI15000086','DSKI150019','NESTAMOLT WEL 400g',260,3,780,'2016-06-26'),
 ('DSKI15000086','DSKI150021','VIVA 400g',265,3,795,'2016-06-26'),
 ('DSKI15000086','DSKI150022','VIVA WEL 400g',255,3,765,'2016-06-26'),
 ('DSKI15000086','DSKI150038','VIM 100g',18,12,216,'2016-06-26'),
 ('DSKI15000086','DSKI150042','LA O JEE 50g',48,12,576,'2016-06-26'),
 ('DSKI15000086','DSKI150052','SAMAPOSA 200g',53,6,318,'2016-06-26'),
 ('DSKI15000086','DSKI150059','PANADOL',370,1,370,'2016-06-26'),
 ('DSKI15000086','DSKI150061','SAMAHAN',500,1,500,'2016-06-26'),
 ('DSKI15000086','DSKI150083','AA',28,12,336,'2016-06-26'),
 ('DSKI15000086','DSKI150089','CLOGURD 40g',36,6,216,'2016-06-26'),
 ('DSKI15000086','DSKI150093','SUDANTHA 80g',75,6,450,'2016-06-26');
INSERT INTO `invoice` (`invoice_no`,`iid`,`item_name`,`unit_price`,`qty`,`netamount`,`date`) VALUES 
 ('DSKI15000086','DSKI150101','NINJA COIL',57,12,684,'2016-06-26'),
 ('DSKI15000086','DSKI150107','RASAMALU SAMON',127,6,762,'2016-06-26'),
 ('DSKI15000086','DSKI150117','LUNCH SHEET',225,2,450,'2016-06-26'),
 ('DSKI15000086','DSKI150119','MYLADY',240,1,240,'2016-06-26'),
 ('DSKI15000086','DSKI150122','CENTRE FRUIT',235,1,235,'2016-06-26'),
 ('DSKI15000086','DSKI150124','5/= PIECE (CA/MU/TM/KI/LAY/ID/POL)',160,4,640,'2016-06-26'),
 ('DSKI15000086','DSKI150140','MILLO',40,15,600,'2016-06-26'),
 ('DSKI15000086','DSKI150142','SIX O CLOCK 20/=',170,2,340,'2016-06-26'),
 ('DSKI15000086','DSKI150146','MATCHES',600,1,600,'2016-06-26'),
 ('DSKI15000086','DSKI150147','EVA ROSE',92,6,552,'2016-06-26'),
 ('DSKI15000086','DSKI150149','AMEENS HAIR DIE',370,1,370,'2016-06-26'),
 ('DSKI15000086','DSKI150152','REKHA NOODELES 500g',72,10,720,'2016-06-26'),
 ('DSKI15000086','DSKI150185','TIKIRI MARIE 100g',25,6,150,'2016-06-26'),
 ('DSKI15000086','DSKI150187','LITE MARIE 100g',18,12,210,'2016-06-26');
INSERT INTO `invoice` (`invoice_no`,`iid`,`item_name`,`unit_price`,`qty`,`netamount`,`date`) VALUES 
 ('DSKI15000086','DSKI150189','CHOCOLATE MARIE 100g',35,6,210,'2016-06-26'),
 ('DSKI15000086','DSKI150193','CREAM CRACKER 100/=',85,8,680,'2016-06-26'),
 ('DSKI15000086','DSKI150194','CREAM CRACKER 175/=',590,1,590,'2016-06-26'),
 ('DSKI15000086','DSKI150196','LEMON PUFF (L)',88,6,528,'2016-06-26'),
 ('DSKI15000086','DSKI150198','CHOCOLATE PUFF(L)',88,3,264,'2016-06-26'),
 ('DSKI15000086','DSKI150213','SHORTIES 400g(D /MIC /LU)',290,1,290,'2016-06-26'),
 ('DSKI15000086','DSKI150225','BUTTER  CAROL  120/=',102,6,612,'2016-06-26'),
 ('DSKI15000086','DSKI150229','EVA  PINK',97,6,582,'2016-06-26'),
 ('DSKI15000086','DSKI150231','LANKA SOYA 30/=',24,15,360,'2016-06-26'),
 ('DSKI15000087','DSKI150007','RATTHI SH.70/=',56,9,504,'2016-06-26'),
 ('DSKI15000087','DSKI150008','RATTHI SH.130/=',124,6,744,'2016-06-26'),
 ('DSKI15000087','DSKI150011','NESPRAY SH.18/=',17,30,495,'2016-06-26'),
 ('DSKI15000087','DSKI150062','ASAMODAGAM',58,12,696,'2016-06-26'),
 ('DSKI15000087','DSKI150085','SIGNAL 40g',36,12,432,'2016-06-26');
INSERT INTO `invoice` (`invoice_no`,`iid`,`item_name`,`unit_price`,`qty`,`netamount`,`date`) VALUES 
 ('DSKI15000087','DSKI150099','DENTA BRUSH',36,36,1296,'2016-06-26'),
 ('DSKI15000087','DSKI150156','SUNSILK SHAMPOO SH.(B/R/O/Y/BR)',6,60,360,'2016-06-26'),
 ('DSKI15000087','DSKI150161','DIVA WP 70g',9,100,875,'2016-06-26'),
 ('DSKI15000087','DSKI150169','SURF EXEL 7/=',6,60,375,'2016-06-26'),
 ('DSKI15000087','DSKI150172','SURF EXEL 50/=',44,12,528,'2016-06-26'),
 ('DSKI15000087','DSKI150220','LIFE BOUY SHAMPOO SH P 5/=',4,60,255,'2016-06-26'),
 ('DSKI15000087','DSKI150221','DANDEX SHAMPOO SH 5/=',4,60,255,'2016-06-26'),
 ('DSKI15000088','DSKI150012','MALIBAN 400g',297,20,5940,'2016-06-26'),
 ('DSKI15000088','DSKI150024','SUNLIGHT SOAP',37,360,13320,'2016-06-26'),
 ('DSKI15000088','DSKI150025','LIFE BOUY SOAP',42,147,6174,'2016-06-26'),
 ('DSKI15000088','DSKI150026','KHOMBA SOAP',34,36,1224,'2016-06-26'),
 ('DSKI15000088','DSKI150027','RANI SOAP',41,36,1476,'2016-06-26'),
 ('DSKI15000088','DSKI150030','LUX SOAP',41,144,5904,'2016-06-26'),
 ('DSKI15000088','DSKI150031','DETOL SOAP',40,48,1920,'2016-06-26');
INSERT INTO `invoice` (`invoice_no`,`iid`,`item_name`,`unit_price`,`qty`,`netamount`,`date`) VALUES 
 ('DSKI15000088','DSKI150032','DELMA SOAP (S/A)',29,72,2088,'2016-06-26'),
 ('DSKI15000088','DSKI150037','PEARS BABY (P/R/H)',42,144,6048,'2016-06-26'),
 ('DSKI15000088','DSKI150038','VIM 100g',17,144,2448,'2016-06-26'),
 ('DSKI15000088','DSKI150042','LA O JEE 50g',48,12,576,'2016-06-26'),
 ('DSKI15000088','DSKI150043','LA O JEE 100g',93,12,1116,'2016-06-26'),
 ('DSKI15000088','DSKI150052','SAMAPOSA 200g',50,25,1250,'2016-06-26'),
 ('DSKI15000088','DSKI150056','MAGGI NOODLES 50/=',45,12,540,'2016-06-26'),
 ('DSKI15000088','DSKI150057','KOTTU MEE',45,12,540,'2016-06-26'),
 ('DSKI15000088','DSKI150058','PRIMA NOODELES 168/=',146,12,1752,'2016-06-26'),
 ('DSKI15000088','DSKI150063','IDEX 70/=',60,24,1440,'2016-06-26'),
 ('DSKI15000088','DSKI150083','AA',25,24,600,'2016-06-26'),
 ('DSKI15000088','DSKI150085','SIGNAL 40g',36,24,864,'2016-06-26'),
 ('DSKI15000088','DSKI150086','SIGNAL 70g',62,15,930,'2016-06-26'),
 ('DSKI15000088','DSKI150087','SIGNAL 120g',90,12,1080,'2016-06-26');
INSERT INTO `invoice` (`invoice_no`,`iid`,`item_name`,`unit_price`,`qty`,`netamount`,`date`) VALUES 
 ('DSKI15000088','DSKI150088','SIGNAL 160g',113,12,1356,'2016-06-26'),
 ('DSKI15000088','DSKI150089','CLOGURD 40g',35,24,840,'2016-06-26'),
 ('DSKI15000088','DSKI150092','SUDANTHA 40g',51,24,1224,'2016-06-26'),
 ('DSKI15000088','DSKI150093','SUDANTHA 80g',70,24,1680,'2016-06-26'),
 ('DSKI15000088','DSKI150097','SIGNAL BRUSH',37,12,444,'2016-06-26'),
 ('DSKI15000088','DSKI150102','NILMA LIQUID',215,1,215,'2016-06-26'),
 ('DSKI15000088','DSKI150145','SOORYA MATCH',620,5,3100,'2016-06-26'),
 ('DSKI15000088','DSKI150149','AMEENS HAIR DIE',360,1,360,'2016-06-26'),
 ('DSKI15000088','DSKI150157','SUNSILK SHAMPOO BOT.(B/R/O/Y/BR)',125,6,750,'2016-06-26'),
 ('DSKI15000088','DSKI150159','LIFE BOUY SHAMPOO BOT.(B/G)',95,6,570,'2016-06-26'),
 ('DSKI15000088','DSKI150160','LIFE BOUY SHAMPOO BOT.(P)',100,6,600,'2016-06-26'),
 ('DSKI15000088','DSKI150168','SUNLIGHT WP 1kg',135,30,4050,'2016-06-26'),
 ('DSKI15000088','DSKI150243','VELVET 50/=',41,144,5832,'2016-06-26'),
 ('DSKI15000089','DSKI150024','SUNLIGHT SOAP',38,6,228,'2016-06-26');
INSERT INTO `invoice` (`invoice_no`,`iid`,`item_name`,`unit_price`,`qty`,`netamount`,`date`) VALUES 
 ('DSKI15000089','DSKI150025','LIFE BOUY SOAP',43,6,258,'2016-06-26'),
 ('DSKI15000089','DSKI150031','DETOL SOAP',42,6,252,'2016-06-26'),
 ('DSKI15000089','DSKI150038','VIM 100g',18,6,108,'2016-06-26'),
 ('DSKI15000089','DSKI150054','MAGGI NOODLES 30/=',26,6,156,'2016-06-26'),
 ('DSKI15000089','DSKI150057','KOTTU MEE',45,10,450,'2016-06-26'),
 ('DSKI15000089','DSKI150085','SIGNAL 40g',36,6,216,'2016-06-26'),
 ('DSKI15000089','DSKI150089','CLOGURD 40g',36,6,216,'2016-06-26'),
 ('DSKI15000089','DSKI150103','DIAMOND(S)',65,6,390,'2016-06-26'),
 ('DSKI15000089','DSKI150106','DIAMOND JACK',127,4,508,'2016-06-26'),
 ('DSKI15000089','DSKI150109','BUDDY SHOPPIN',85,2,170,'2016-06-26'),
 ('DSKI15000089','DSKI150117','LUNCH SHEET',225,1,225,'2016-06-26'),
 ('DSKI15000089','DSKI150118','TOFFIE 1/=',90,2,180,'2016-06-26'),
 ('DSKI15000089','DSKI150121','BUBBLE GUM',130,1,130,'2016-06-26'),
 ('DSKI15000089','DSKI150122','CENTRE FRUIT',235,1,235,'2016-06-26'),
 ('DSKI15000089','DSKI150165','SUNLIGHT WP 10/=',9,30,270,'2016-06-26');
INSERT INTO `invoice` (`invoice_no`,`iid`,`item_name`,`unit_price`,`qty`,`netamount`,`date`) VALUES 
 ('DSKI15000089','DSKI150229','EVA  PINK',100,3,300,'2016-06-26'),
 ('DSKI15000090','DSKI150002','ANCHOR 400g',308,6,1848,'2016-06-26'),
 ('DSKI15000090','DSKI150019','NESTAMOLT WEL 400g',260,6,1560,'2016-06-26'),
 ('DSKI15000090','DSKI150052','SAMAPOSA 200g',52,6,312,'2016-06-26'),
 ('DSKI15000090','DSKI150105','DIAMOND(L)',165,12,1980,'2016-06-26'),
 ('DSKI15000090','DSKI150106','DIAMOND JACK',127,6,762,'2016-06-26'),
 ('DSKI15000090','DSKI150140','MILLO',39,42,1638,'2016-06-26'),
 ('DSKI15000090','DSKI150231','LANKA SOYA 30/=',23,30,690,'2016-06-26'),
 ('DSKI15000090','DSKI150252','DIVA W/P 400g (SEP)',128,3,384,'2016-06-26'),
 ('DSKI15000091','DSKI150004','RATTHI 250g',192,6,1152,'2016-06-26'),
 ('DSKI15000091','DSKI150005','RATTHI 400g',306,36,11016,'2016-06-26'),
 ('DSKI15000091','DSKI150008','RATTHI SH.130/=',123,6,738,'2016-06-26'),
 ('DSKI15000091','DSKI150009','NESPRAY 400g',298,40,11920,'2016-06-26'),
 ('DSKI15000091','DSKI150012','MALIBAN 400g',295,36,10620,'2016-06-26');
INSERT INTO `invoice` (`invoice_no`,`iid`,`item_name`,`unit_price`,`qty`,`netamount`,`date`) VALUES 
 ('DSKI15000091','DSKI150018','NESTAMOLT 400g',265,40,10600,'2016-06-26'),
 ('DSKI15000091','DSKI150021','VIVA 400g',250,36,9000,'2016-06-26'),
 ('DSKI15000091','DSKI150036','CHERAMY BABY (O/N)',36,150,5400,'2016-06-26'),
 ('DSKI15000091','DSKI150038','VIM 100g',17,144,2448,'2016-06-26'),
 ('DSKI15000091','DSKI150045','CEYLONTA 100g',100,12,1200,'2016-06-26'),
 ('DSKI15000091','DSKI150052','SAMAPOSA 200g',51,25,1275,'2016-06-26'),
 ('DSKI15000091','DSKI150056','MAGGI NOODLES 50/=',45,120,5340,'2016-06-26'),
 ('DSKI15000091','DSKI150068','BIC EASY2',43,80,3400,'2016-06-26'),
 ('DSKI15000091','DSKI150085','SIGNAL 40g',35,56,1960,'2016-06-26'),
 ('DSKI15000091','DSKI150086','SIGNAL 70g',62,56,3472,'2016-06-26'),
 ('DSKI15000091','DSKI150087','SIGNAL 120g',90,15,1350,'2016-06-26'),
 ('DSKI15000091','DSKI150088','SIGNAL 160g',113,15,1695,'2016-06-26'),
 ('DSKI15000091','DSKI150101','NINJA COIL',53,76,4028,'2016-06-26'),
 ('DSKI15000091','DSKI150106','DIAMOND JACK',124,48,5952,'2016-06-26');
INSERT INTO `invoice` (`invoice_no`,`iid`,`item_name`,`unit_price`,`qty`,`netamount`,`date`) VALUES 
 ('DSKI15000091','DSKI150119','MYLADY',225,10,2250,'2016-06-26'),
 ('DSKI15000091','DSKI150144','AMRITHA 80/= (O/R/B/H/J)',730,6,4380,'2016-06-26'),
 ('DSKI15000091','DSKI150146','MATCHES',2900,1,2900,'2016-06-26'),
 ('DSKI15000091','DSKI150156','SUNSILK SHAMPOO SH.(B/R/O/Y/BR)',6,216,1296,'2016-06-26'),
 ('DSKI15000091','DSKI150158','LIFE BOUY SHAMPOO SH.(B/P/G)',5,120,630,'2016-06-26'),
 ('DSKI15000091','DSKI150220','LIFE BOUY SHAMPOO SH P 5/=',4,60,255,'2016-06-26'),
 ('DSKI15000091','DSKI150221','DANDEX SHAMPOO SH 5/=',4,144,612,'2016-06-26'),
 ('DSKI15000091','DSKI150231','LANKA SOYA 30/=',22,50,1100,'2016-06-26'),
 ('DSKI15000092','DSKI150011','NESPRAY SH.18/=',17,30,495,'2016-06-27'),
 ('DSKI15000092','DSKI150020','NESTAMOLT SH.25/=',23,15,345,'2016-06-27'),
 ('DSKI15000092','DSKI150023','VIVA SH.25/=',23,24,552,'2016-06-27'),
 ('DSKI15000092','DSKI150025','LIFE BOUY SOAP',43,6,258,'2016-06-27'),
 ('DSKI15000092','DSKI150059','PANADOL',370,1,370,'2016-06-27');
INSERT INTO `invoice` (`invoice_no`,`iid`,`item_name`,`unit_price`,`qty`,`netamount`,`date`) VALUES 
 ('DSKI15000092','DSKI150068','BIC EASY2',47,6,282,'2016-06-27'),
 ('DSKI15000092','DSKI150069','BIC ORANGE',35,6,210,'2016-06-27'),
 ('DSKI15000092','DSKI150097','SIGNAL BRUSH',38,6,228,'2016-06-27'),
 ('DSKI15000092','DSKI150100','DENTA JUNIOR',38,6,228,'2016-06-27'),
 ('DSKI15000092','DSKI150109','BUDDY SHOPPIN',85,2,170,'2016-06-27'),
 ('DSKI15000092','DSKI150111','3/= SHOPPIN',210,1,210,'2016-06-27'),
 ('DSKI15000092','DSKI150161','DIVA WP 70g',9,40,360,'2016-06-27'),
 ('DSKI15000092','DSKI150185','TIKIRI MARIE 100g',25,6,150,'2016-06-27'),
 ('DSKI15000092','DSKI150191','CREAM CRACKER 50/=',44,6,264,'2016-06-27'),
 ('DSKI15000092','DSKI150192','CREAM CRACKER 75/=',65,6,390,'2016-06-27'),
 ('DSKI15000092','DSKI150196','LEMON PUFF (L)',88,3,264,'2016-06-27'),
 ('DSKI15000092','DSKI150198','CHOCOLATE PUFF(L)',88,3,264,'2016-06-27'),
 ('DSKI15000092','DSKI150199','CHOCALATE CREAM 100g',42,12,504,'2016-06-27'),
 ('DSKI15000093','DSKI150005','RATTHI 400g',310,3,930,'2016-06-27');
INSERT INTO `invoice` (`invoice_no`,`iid`,`item_name`,`unit_price`,`qty`,`netamount`,`date`) VALUES 
 ('DSKI15000093','DSKI150018','NESTAMOLT 400g',270,3,810,'2016-06-27'),
 ('DSKI15000093','DSKI150024','SUNLIGHT SOAP',38,12,456,'2016-06-27'),
 ('DSKI15000093','DSKI150035','KHOMBA BABY (R/W)',40,12,480,'2016-06-27'),
 ('DSKI15000093','DSKI150038','VIM 100g',18,12,216,'2016-06-27'),
 ('DSKI15000093','DSKI150057','KOTTU MEE',46,12,552,'2016-06-27'),
 ('DSKI15000093','DSKI150059','PANADOL',375,1,375,'2016-06-27'),
 ('DSKI15000093','DSKI150061','SAMAHAN',500,1,500,'2016-06-27'),
 ('DSKI15000093','DSKI150062','ASAMODAGAM',60,6,360,'2016-06-27'),
 ('DSKI15000093','DSKI150068','BIC EASY2',48,6,288,'2016-06-27'),
 ('DSKI15000093','DSKI150080','GILLETTE',43,6,258,'2016-06-27'),
 ('DSKI15000093','DSKI150083','AA',28,12,336,'2016-06-27'),
 ('DSKI15000093','DSKI150089','CLOGURD 40g',36,6,216,'2016-06-27'),
 ('DSKI15000093','DSKI150106','DIAMOND JACK',127,6,762,'2016-06-27'),
 ('DSKI15000093','DSKI150109','BUDDY SHOPPIN',85,3,255,'2016-06-27'),
 ('DSKI15000093','DSKI150115','GROCERY (7x5)',200,1,200,'2016-06-27');
INSERT INTO `invoice` (`invoice_no`,`iid`,`item_name`,`unit_price`,`qty`,`netamount`,`date`) VALUES 
 ('DSKI15000093','DSKI150118','TOFFIE 1/=',90,1,90,'2016-06-27'),
 ('DSKI15000093','DSKI150122','CENTRE FRUIT',240,1,240,'2016-06-27'),
 ('DSKI15000093','DSKI150135','TIPI TIP 60/=',48,12,576,'2016-06-27'),
 ('DSKI15000093','DSKI150136','JELLY 5/=',55,2,110,'2016-06-27'),
 ('DSKI15000093','DSKI150141','HANDUNKURU 10/=',60,2,120,'2016-06-27'),
 ('DSKI15000093','DSKI150142','SIX O CLOCK 20/=',180,1,180,'2016-06-27'),
 ('DSKI15000093','DSKI150145','SOORYA MATCH',630,1,630,'2016-06-27'),
 ('DSKI15000093','DSKI150151','REKHA PAPADAM',35,20,700,'2016-06-27'),
 ('DSKI15000093','DSKI150152','REKHA NOODELES 500g',72,10,720,'2016-06-27'),
 ('DSKI15000093','DSKI150161','DIVA WP 70g',9,10,90,'2016-06-27'),
 ('DSKI15000093','DSKI150175','A K SURUTTU',400,1,400,'2016-06-27'),
 ('DSKI15000093','DSKI150185','TIKIRI MARIE 100g',26,15,390,'2016-06-27'),
 ('DSKI15000093','DSKI150187','LITE MARIE 100g',18,15,270,'2016-06-27'),
 ('DSKI15000093','DSKI150193','CREAM CRACKER 100/=',87,8,696,'2016-06-27');
INSERT INTO `invoice` (`invoice_no`,`iid`,`item_name`,`unit_price`,`qty`,`netamount`,`date`) VALUES 
 ('DSKI15000093','DSKI150194','CREAM CRACKER 175/=',600,1,600,'2016-06-27'),
 ('DSKI15000093','DSKI150240','ONION BISCUT 20/=',480,1,480,'2016-06-27'),
 ('DSKI15000093','DSKI150254','DIVA 1kg (SEP)',130,3,390,'2016-06-27'),
 ('DSKI15000094','DSKI150018','NESTAMOLT 400g',270,6,1620,'2016-06-27'),
 ('DSKI15000094','DSKI150102','NILMA LIQUID',215,2,430,'2016-06-27'),
 ('DSKI15000094','DSKI150111','3/= SHOPPIN',210,1,210,'2016-06-27'),
 ('DSKI15000094','DSKI150117','LUNCH SHEET',220,2,440,'2016-06-27'),
 ('DSKI15000094','DSKI150118','TOFFIE 1/=',85,2,170,'2016-06-27'),
 ('DSKI15000094','DSKI150119','MYLADY',240,2,480,'2016-06-27'),
 ('DSKI15000094','DSKI150146','MATCHES',590,2,1180,'2016-06-27'),
 ('DSKI15000094','DSKI150168','SUNLIGHT WP 1kg',135,15,2025,'2016-06-27'),
 ('DSKI15000094','DSKI150231','LANKA SOYA 30/=',22,50,1100,'2016-06-27'),
 ('DSKI15000094','DSKI150235','NESTOMALT 175g',140,6,840,'2016-06-27'),
 ('DSKI15000095','DSKI150002','ANCHOR 400g',307,2,614,'2016-06-27');
INSERT INTO `invoice` (`invoice_no`,`iid`,`item_name`,`unit_price`,`qty`,`netamount`,`date`) VALUES 
 ('DSKI15000095','DSKI150005','RATTHI 400g',307,2,614,'2016-06-27'),
 ('DSKI15000095','DSKI150011','NESPRAY SH.18/=',17,30,495,'2016-06-27'),
 ('DSKI15000095','DSKI150020','NESTAMOLT SH.25/=',23,30,690,'2016-06-27'),
 ('DSKI15000095','DSKI150024','SUNLIGHT SOAP',38,6,228,'2016-06-27'),
 ('DSKI15000095','DSKI150038','VIM 100g',18,4,72,'2016-06-27'),
 ('DSKI15000095','DSKI150059','PANADOL',375,1,375,'2016-06-27'),
 ('DSKI15000095','DSKI150068','BIC EASY2',45,20,900,'2016-06-27'),
 ('DSKI15000095','DSKI150106','DIAMOND JACK',127,5,635,'2016-06-27'),
 ('DSKI15000095','DSKI150121','BUBBLE GUM',125,1,125,'2016-06-27'),
 ('DSKI15000095','DSKI150122','CENTRE FRUIT',235,1,235,'2016-06-27'),
 ('DSKI15000095','DSKI150125','WAFER CHOCKS',200,1,200,'2016-06-27'),
 ('DSKI15000095','DSKI150135','TIPI TIP 60/=',46,12,552,'2016-06-27'),
 ('DSKI15000095','DSKI150140','MILLO',39,20,780,'2016-06-27'),
 ('DSKI15000095','DSKI150145','SOORYA MATCH',620,1,620,'2016-06-27'),
 ('DSKI15000095','DSKI150185','TIKIRI MARIE 100g',25,12,300,'2016-06-27');
INSERT INTO `invoice` (`invoice_no`,`iid`,`item_name`,`unit_price`,`qty`,`netamount`,`date`) VALUES 
 ('DSKI15000095','DSKI150191','CREAM CRACKER 50/=',44,6,264,'2016-06-27'),
 ('DSKI15000095','DSKI150192','CREAM CRACKER 75/=',65,6,390,'2016-06-27'),
 ('DSKI15000095','DSKI150250','TIPI TIP (MIC) 10/=',280,1,280,'2016-06-27'),
 ('DSKI15000095','DSKI150255','GODRIJ HAIR DIE',325,1,325,'2016-06-27'),
 ('DSKI15000096','DSKI150002','ANCHOR 400g',308,3,924,'2016-06-27'),
 ('DSKI15000096','DSKI150005','RATTHI 400g',308,6,1848,'2016-06-27'),
 ('DSKI15000096','DSKI150012','MALIBAN 400g',300,3,900,'2016-06-27'),
 ('DSKI15000096','DSKI150018','NESTAMOLT 400g',270,3,810,'2016-06-27'),
 ('DSKI15000096','DSKI150019','NESTAMOLT WEL 400g',260,6,1560,'2016-06-27'),
 ('DSKI15000096','DSKI150022','VIVA WEL 400g',260,6,1560,'2016-06-27'),
 ('DSKI15000096','DSKI150043','LA O JEE 100g',95,24,2280,'2016-06-27'),
 ('DSKI15000096','DSKI150049','ZENRA 50g',47,12,564,'2016-06-27'),
 ('DSKI15000096','DSKI150052','SAMAPOSA 200g',52,12,624,'2016-06-27'),
 ('DSKI15000096','DSKI150062','ASAMODAGAM',58,6,348,'2016-06-27');
INSERT INTO `invoice` (`invoice_no`,`iid`,`item_name`,`unit_price`,`qty`,`netamount`,`date`) VALUES 
 ('DSKI15000096','DSKI150070','BIC BLAD',80,3,240,'2016-06-27'),
 ('DSKI15000096','DSKI150107','RASAMALU SAMON',125,12,1500,'2016-06-27'),
 ('DSKI15000096','DSKI150141','HANDUNKURU 10/=',60,1,60,'2016-06-27'),
 ('DSKI15000096','DSKI150142','SIX O CLOCK 20/=',170,1,170,'2016-06-27'),
 ('DSKI15000096','DSKI150144','AMRITHA 80/= (O/R/B/H/J)',750,1,750,'2016-06-27'),
 ('DSKI15000096','DSKI150149','AMEENS HAIR DIE',370,1,370,'2016-06-27'),
 ('DSKI15000096','DSKI150158','LIFE BOUY SHAMPOO SH.(B/P/G)',5,48,252,'2016-06-27'),
 ('DSKI15000096','DSKI150163','DIVA WP 400g',54,3,162,'2016-06-27'),
 ('DSKI15000096','DSKI150185','TIKIRI MARIE 100g',25,12,300,'2016-06-27'),
 ('DSKI15000096','DSKI150191','CREAM CRACKER 50/=',44,12,528,'2016-06-27'),
 ('DSKI15000096','DSKI150192','CREAM CRACKER 75/=',65,12,780,'2016-06-27'),
 ('DSKI15000096','DSKI150199','CHOCALATE CREAM 100g',42,6,252,'2016-06-27'),
 ('DSKI15000096','DSKI150201','GINGER 100g',39,6,234,'2016-06-27'),
 ('DSKI15000096','DSKI150228','VITA  COOKIES  100/=',80,4,320,'2016-06-27');
INSERT INTO `invoice` (`invoice_no`,`iid`,`item_name`,`unit_price`,`qty`,`netamount`,`date`) VALUES 
 ('DSKI15000096','DSKI150231','LANKA SOYA 30/=',23,30,690,'2016-06-27'),
 ('DSKI15000097','DSKI150001','ANCHOR 250g',250,2,500,'2016-06-27'),
 ('DSKI15000097','DSKI150018','NESTAMOLT 400g',270,3,810,'2016-06-27'),
 ('DSKI15000097','DSKI150020','NESTAMOLT SH.25/=',23,15,345,'2016-06-27'),
 ('DSKI15000097','DSKI150059','PANADOL',370,1,370,'2016-06-27'),
 ('DSKI15000097','DSKI150062','ASAMODAGAM',58,6,348,'2016-06-27'),
 ('DSKI15000097','DSKI150070','BIC BLAD',80,3,240,'2016-06-27'),
 ('DSKI15000097','DSKI150158','LIFE BOUY SHAMPOO SH.(B/P/G)',5,48,252,'2016-06-27'),
 ('DSKI15000097','DSKI150185','TIKIRI MARIE 100g',25,12,300,'2016-06-27'),
 ('DSKI15000097','DSKI150191','CREAM CRACKER 50/=',44,12,528,'2016-06-27'),
 ('DSKI15000097','DSKI150192','CREAM CRACKER 75/=',65,12,780,'2016-06-27'),
 ('DSKI15000097','DSKI150196','LEMON PUFF (L)',88,6,528,'2016-06-27'),
 ('DSKI15000097','DSKI150199','CHOCALATE CREAM 100g',42,6,252,'2016-06-27'),
 ('DSKI15000097','DSKI150201','GINGER 100g',39,6,234,'2016-06-27');
INSERT INTO `invoice` (`invoice_no`,`iid`,`item_name`,`unit_price`,`qty`,`netamount`,`date`) VALUES 
 ('DSKI15000097','DSKI150228','VITA  COOKIES  100/=',80,4,320,'2016-06-27'),
 ('DSKI15000098','DSKI150005','RATTHI 400g',307,3,921,'2016-06-27'),
 ('DSKI15000098','DSKI150011','NESPRAY SH.18/=',17,30,495,'2016-06-27'),
 ('DSKI15000098','DSKI150020','NESTAMOLT SH.25/=',23,30,690,'2016-06-27'),
 ('DSKI15000098','DSKI150059','PANADOL',370,1,370,'2016-06-27'),
 ('DSKI15000098','DSKI150106','DIAMOND JACK',127,6,762,'2016-06-27'),
 ('DSKI15000098','DSKI150109','BUDDY SHOPPIN',85,2,170,'2016-06-27'),
 ('DSKI15000098','DSKI150110','2/= SHOPPIN',150,3,450,'2016-06-27'),
 ('DSKI15000098','DSKI150118','TOFFIE 1/=',90,2,180,'2016-06-27'),
 ('DSKI15000098','DSKI150142','SIX O CLOCK 20/=',170,1,170,'2016-06-27'),
 ('DSKI15000098','DSKI150187','LITE MARIE 100g',18,24,420,'2016-06-27'),
 ('DSKI15000098','DSKI150189','CHOCOLATE MARIE 100g',35,12,420,'2016-06-27'),
 ('DSKI15000098','DSKI150191','CREAM CRACKER 50/=',44,6,264,'2016-06-27'),
 ('DSKI15000098','DSKI150199','CHOCALATE CREAM 100g',42,12,504,'2016-06-27');
INSERT INTO `invoice` (`invoice_no`,`iid`,`item_name`,`unit_price`,`qty`,`netamount`,`date`) VALUES 
 ('DSKI15000098','DSKI150213','SHORTIES 400g(D /MIC /LU)',290,2,580,'2016-06-27'),
 ('DSKI15000098','DSKI150228','VITA  COOKIES  100/=',80,4,320,'2016-06-27'),
 ('DSKI15000098','DSKI150240','ONION BISCUT 20/=',480,1,480,'2016-06-27'),
 ('DSKI15000099','DSKI150005','RATTHI 400g',307,12,3684,'2016-06-27'),
 ('DSKI15000099','DSKI150025','LIFE BOUY SOAP',43,36,1548,'2016-06-27'),
 ('DSKI15000099','DSKI150029','VELVET SOAP',41,24,984,'2016-06-27'),
 ('DSKI15000099','DSKI150052','SAMAPOSA 200g',51,25,1275,'2016-06-27'),
 ('DSKI15000099','DSKI150057','KOTTU MEE',45,12,540,'2016-06-27'),
 ('DSKI15000099','DSKI150103','DIAMOND(S)',65,6,390,'2016-06-27'),
 ('DSKI15000099','DSKI150109','BUDDY SHOPPIN',85,3,255,'2016-06-27'),
 ('DSKI15000099','DSKI150110','2/= SHOPPIN',150,3,450,'2016-06-27'),
 ('DSKI15000099','DSKI150161','DIVA WP 70g',9,30,270,'2016-06-27'),
 ('DSKI15000099','DSKI150194','CREAM CRACKER 175/=',590,1,590,'2016-06-27'),
 ('DSKI15000099','DSKI150213','SHORTIES 400g(D /MIC /LU)',290,3,870,'2016-06-27');
INSERT INTO `invoice` (`invoice_no`,`iid`,`item_name`,`unit_price`,`qty`,`netamount`,`date`) VALUES 
 ('DSKI15000099','DSKI150229','EVA  PINK',95,12,1140,'2016-06-27'),
 ('DSKI15000100','DSKI150018','NESTAMOLT 400g',270,2,540,'2016-06-27'),
 ('DSKI15000100','DSKI150021','VIVA 400g',265,2,530,'2016-06-27'),
 ('DSKI15000100','DSKI150025','LIFE BOUY SOAP',43,24,1032,'2016-06-27'),
 ('DSKI15000100','DSKI150057','KOTTU MEE',45,12,540,'2016-06-27'),
 ('DSKI15000100','DSKI150106','DIAMOND JACK',125,12,1500,'2016-06-27'),
 ('DSKI15000100','DSKI150193','CREAM CRACKER 100/=',85,8,680,'2016-06-27'),
 ('DSKI15000100','DSKI150196','LEMON PUFF (L)',88,6,528,'2016-06-27'),
 ('DSKI15000100','DSKI150198','CHOCOLATE PUFF(L)',88,6,528,'2016-06-27'),
 ('DSKI15000100','DSKI150211','TIPPIN 70/=(G / B)',61,6,366,'2016-06-27'),
 ('DSKI15000101','DSKI150002','ANCHOR 400g',307,3,921,'2016-06-27'),
 ('DSKI15000101','DSKI150005','RATTHI 400g',307,18,5526,'2016-06-27'),
 ('DSKI15000101','DSKI150011','NESPRAY SH.18/=',17,30,495,'2016-06-27'),
 ('DSKI15000101','DSKI150018','NESTAMOLT 400g',268,18,4824,'2016-06-27');
INSERT INTO `invoice` (`invoice_no`,`iid`,`item_name`,`unit_price`,`qty`,`netamount`,`date`) VALUES 
 ('DSKI15000101','DSKI150020','NESTAMOLT SH.25/=',23,30,690,'2016-06-27'),
 ('DSKI15000101','DSKI150021','VIVA 400g',255,3,765,'2016-06-27'),
 ('DSKI15000101','DSKI150030','LUX SOAP',42,12,504,'2016-06-27'),
 ('DSKI15000101','DSKI150033','DELMA LIGHT SOAP',20,12,240,'2016-06-27'),
 ('DSKI15000101','DSKI150036','CHERAMY BABY (O/N)',38,18,684,'2016-06-27'),
 ('DSKI15000101','DSKI150037','PEARS BABY (P/R/H)',43,12,516,'2016-06-27'),
 ('DSKI15000101','DSKI150038','VIM 100g',18,24,432,'2016-06-27'),
 ('DSKI15000101','DSKI150043','LA O JEE 100g',92,12,1104,'2016-06-27'),
 ('DSKI15000101','DSKI150047','WATAWALA 100g',93,12,1116,'2016-06-27'),
 ('DSKI15000101','DSKI150052','SAMAPOSA 200g',51,12,612,'2016-06-27'),
 ('DSKI15000101','DSKI150054','MAGGI NOODLES 30/=',26,12,312,'2016-06-27'),
 ('DSKI15000101','DSKI150057','KOTTU MEE',45,24,1080,'2016-06-27'),
 ('DSKI15000101','DSKI150068','BIC EASY2',45,20,900,'2016-06-27'),
 ('DSKI15000101','DSKI150080','GILLETTE',40,18,720,'2016-06-27');
INSERT INTO `invoice` (`invoice_no`,`iid`,`item_name`,`unit_price`,`qty`,`netamount`,`date`) VALUES 
 ('DSKI15000101','DSKI150085','SIGNAL 40g',36,18,648,'2016-06-27'),
 ('DSKI15000101','DSKI150086','SIGNAL 70g',62,12,744,'2016-06-27'),
 ('DSKI15000101','DSKI150089','CLOGURD 40g',35,6,210,'2016-06-27'),
 ('DSKI15000101','DSKI150090','CLOGURD 70g',62,6,372,'2016-06-27'),
 ('DSKI15000101','DSKI150092','SUDANTHA 40g',52,12,624,'2016-06-27'),
 ('DSKI15000101','DSKI150093','SUDANTHA 80g',73,12,876,'2016-06-27'),
 ('DSKI15000101','DSKI150099','DENTA BRUSH',38,12,456,'2016-06-27'),
 ('DSKI15000101','DSKI150101','NINJA COIL',55,12,660,'2016-06-27'),
 ('DSKI15000101','DSKI150102','NILMA LIQUID',215,1,215,'2016-06-27'),
 ('DSKI15000101','DSKI150105','DIAMOND(L)',160,12,1920,'2016-06-27'),
 ('DSKI15000101','DSKI150109','BUDDY SHOPPIN',80,5,400,'2016-06-27'),
 ('DSKI15000101','DSKI150110','2/= SHOPPIN',140,2,280,'2016-06-27'),
 ('DSKI15000101','DSKI150111','3/= SHOPPIN',200,1,200,'2016-06-27'),
 ('DSKI15000101','DSKI150120','HACKS',295,1,295,'2016-06-27'),
 ('DSKI15000101','DSKI150128','CHOCALATE 10/=',185,2,370,'2016-06-27');
INSERT INTO `invoice` (`invoice_no`,`iid`,`item_name`,`unit_price`,`qty`,`netamount`,`date`) VALUES 
 ('DSKI15000101','DSKI150137','JELLY 10/=',350,1,350,'2016-06-27'),
 ('DSKI15000101','DSKI150142','SIX O CLOCK 20/=',160,5,800,'2016-06-27'),
 ('DSKI15000101','DSKI150146','MATCHES',590,1,590,'2016-06-27'),
 ('DSKI15000101','DSKI150151','REKHA PAPADAM',32,40,1280,'2016-06-27'),
 ('DSKI15000101','DSKI150158','LIFE BOUY SHAMPOO SH.(B/P/G)',5,144,756,'2016-06-27'),
 ('DSKI15000101','DSKI150166','SUNLIGHT WP 200g',31,6,186,'2016-06-27'),
 ('DSKI15000101','DSKI150167','SUNLIGHT WP 400g',64,6,384,'2016-06-27'),
 ('DSKI15000101','DSKI150168','SUNLIGHT WP 1kg',135,6,810,'2016-06-27'),
 ('DSKI15000101','DSKI150178','BABY CREAM 135/=',115,6,690,'2016-06-27'),
 ('DSKI15000101','DSKI150186','TIKIRI MARIE 400g',460,1,460,'2016-06-27'),
 ('DSKI15000101','DSKI150193','CREAM CRACKER 100/=',85,8,680,'2016-06-27'),
 ('DSKI15000101','DSKI150194','CREAM CRACKER 175/=',590,1,590,'2016-06-27'),
 ('DSKI15000101','DSKI150199','CHOCALATE CREAM 100g',42,12,504,'2016-06-27'),
 ('DSKI15000101','DSKI150200','CHOCALATE CREAM 400g',645,1,645,'2016-06-27');
INSERT INTO `invoice` (`invoice_no`,`iid`,`item_name`,`unit_price`,`qty`,`netamount`,`date`) VALUES 
 ('DSKI15000101','DSKI150207','HAWAIN COKIES 50/=',43,6,258,'2016-06-27'),
 ('DSKI15000101','DSKI150214','SHORTIES 400g(CHE)',290,5,1450,'2016-06-27'),
 ('DSKI15000101','DSKI150216','WAFERS 110/=(C / S / L / V)',510,1,510,'2016-06-27'),
 ('DSKI15000101','DSKI150221','DANDEX SHAMPOO SH 5/=',4,60,255,'2016-06-27'),
 ('DSKI15000101','DSKI150232','HAWAIN COOKIES 100/=',87,6,522,'2016-06-27'),
 ('DSKI15000101','DSKI150235','NESTOMALT 175g',140,10,1400,'2016-06-27'),
 ('DSKI15000101','DSKI150245','BABY POWDER 89/=',76,6,456,'2016-06-27'),
 ('DSKI15000101','DSKI150250','TIPI TIP (MIC) 10/=',270,1,270,'2016-06-27'),
 ('DSKI15000101','DSKI150253','DIVA 130g 20/=',17,30,510,'2016-06-27'),
 ('DSKI15000101','DSKI150255','GODRIJ HAIR DIE',325,2,650,'2016-06-27'),
 ('DSKI15000101','DSKI150257','SUPIRI SAMAN',120,24,2880,'2016-06-27'),
 ('DSKI15000102','DSKI150019','NESTAMOLT WEL 400g',260,2,520,'2016-06-27'),
 ('DSKI15000102','DSKI150136','JELLY 5/=',55,2,110,'2016-06-27');
INSERT INTO `invoice` (`invoice_no`,`iid`,`item_name`,`unit_price`,`qty`,`netamount`,`date`) VALUES 
 ('DSKI15000102','DSKI150145','SOORYA MATCH',630,1,630,'2016-06-27'),
 ('DSKI15000102','DSKI150161','DIVA WP 70g',9,30,270,'2016-06-27'),
 ('DSKI15000102','DSKI150174','CHAMPIKA BEDI',860,2,1720,'2016-06-27'),
 ('DSKI15000102','DSKI150221','DANDEX SHAMPOO SH 5/=',4,36,153,'2016-06-27'),
 ('DSKI15000102','DSKI150231','LANKA SOYA 30/=',24,15,360,'2016-06-27'),
 ('DSKI15000103','DSKI150019','NESTAMOLT WEL 400g',260,6,1560,'2016-06-27'),
 ('DSKI15000103','DSKI150024','SUNLIGHT SOAP',37,120,4440,'2016-06-27'),
 ('DSKI15000103','DSKI150025','LIFE BOUY SOAP',43,24,1032,'2016-06-27'),
 ('DSKI15000103','DSKI150038','VIM 100g',18,24,432,'2016-06-27'),
 ('DSKI15000103','DSKI150054','MAGGI NOODLES 30/=',26,12,312,'2016-06-27'),
 ('DSKI15000103','DSKI150056','MAGGI NOODLES 50/=',45,12,540,'2016-06-27'),
 ('DSKI15000103','DSKI150057','KOTTU MEE',45,12,540,'2016-06-27'),
 ('DSKI15000103','DSKI150089','CLOGURD 40g',35,12,420,'2016-06-27'),
 ('DSKI15000103','DSKI150107','RASAMALU SAMON',123,24,2952,'2016-06-27');
INSERT INTO `invoice` (`invoice_no`,`iid`,`item_name`,`unit_price`,`qty`,`netamount`,`date`) VALUES 
 ('DSKI15000103','DSKI150119','MYLADY',240,1,240,'2016-06-27'),
 ('DSKI15000103','DSKI150174','CHAMPIKA BEDI',860,1,860,'2016-06-27'),
 ('DSKI15000103','DSKI150176','PAHANTHIRA 5/=',230,1,230,'2016-06-27'),
 ('DSKI15000103','DSKI150185','TIKIRI MARIE 100g',25,12,300,'2016-06-27'),
 ('DSKI15000103','DSKI150191','CREAM CRACKER 50/=',44,12,528,'2016-06-27'),
 ('DSKI15000103','DSKI150199','CHOCALATE CREAM 100g',42,12,504,'2016-06-27'),
 ('DSKI15000103','DSKI150220','LIFE BOUY SHAMPOO SH P 5/=',5,24,108,'2016-06-27'),
 ('DSKI15000103','DSKI150221','DANDEX SHAMPOO SH 5/=',5,24,108,'2016-06-27'),
 ('DSKI15000103','DSKI150229','EVA  PINK',95,12,1140,'2016-06-27'),
 ('DSKI15000103','DSKI150235','NESTOMALT 175g',140,3,420,'2016-06-27'),
 ('DSKI15000103','DSKI150251','CHOCOLATE SHO. 20/=',16,15,240,'2016-06-27'),
 ('DSKI15000104','DSKI150019','NESTAMOLT WEL 400g',262,3,786,'2016-06-27'),
 ('DSKI15000104','DSKI150022','VIVA WEL 400g',260,3,780,'2016-06-27'),
 ('DSKI15000104','DSKI150024','SUNLIGHT SOAP',38,12,456,'2016-06-27');
INSERT INTO `invoice` (`invoice_no`,`iid`,`item_name`,`unit_price`,`qty`,`netamount`,`date`) VALUES 
 ('DSKI15000104','DSKI150032','DELMA SOAP (S/A)',30,12,360,'2016-06-27'),
 ('DSKI15000104','DSKI150048','KOTAGALA SH.20/=',17,24,408,'2016-06-27'),
 ('DSKI15000104','DSKI150056','MAGGI NOODLES 50/=',45,6,270,'2016-06-27'),
 ('DSKI15000104','DSKI150057','KOTTU MEE',46,6,276,'2016-06-27'),
 ('DSKI15000104','DSKI150085','SIGNAL 40g',37,6,219,'2016-06-27'),
 ('DSKI15000104','DSKI150109','BUDDY SHOPPIN',85,5,425,'2016-06-27'),
 ('DSKI15000104','DSKI150126','JUJUBBS 2/=',380,1,380,'2016-06-27'),
 ('DSKI15000104','DSKI150142','SIX O CLOCK 20/=',170,1,170,'2016-06-27'),
 ('DSKI15000104','DSKI150152','REKHA NOODELES 500g',72,3,216,'2016-06-27'),
 ('DSKI15000104','DSKI150231','LANKA SOYA 30/=',24,25,600,'2016-06-27'),
 ('DSKI15000105','DSKI150002','ANCHOR 400g',308,6,1848,'2016-06-27'),
 ('DSKI15000106','DSKI150002','ANCHOR 400g',308,6,1848,'2016-06-27'),
 ('DSKI15000106','DSKI150012','MALIBAN 400g',300,3,900,'2016-06-27'),
 ('DSKI15000106','DSKI150018','NESTAMOLT 400g',270,6,1620,'2016-06-27');
INSERT INTO `invoice` (`invoice_no`,`iid`,`item_name`,`unit_price`,`qty`,`netamount`,`date`) VALUES 
 ('DSKI15000106','DSKI150019','NESTAMOLT WEL 400g',260,6,1560,'2016-06-27'),
 ('DSKI15000106','DSKI150024','SUNLIGHT SOAP',37,120,4440,'2016-06-27'),
 ('DSKI15000106','DSKI150026','KHOMBA SOAP',35,12,420,'2016-06-27'),
 ('DSKI15000106','DSKI150038','VIM 100g',18,24,432,'2016-06-27'),
 ('DSKI15000106','DSKI150052','SAMAPOSA 200g',51,25,1275,'2016-06-27'),
 ('DSKI15000106','DSKI150056','MAGGI NOODLES 50/=',45,12,540,'2016-06-27'),
 ('DSKI15000106','DSKI150057','KOTTU MEE',45,12,540,'2016-06-27'),
 ('DSKI15000106','DSKI150059','PANADOL',370,1,370,'2016-06-27'),
 ('DSKI15000106','DSKI150085','SIGNAL 40g',36,12,432,'2016-06-27'),
 ('DSKI15000106','DSKI150088','SIGNAL 160g',113,3,339,'2016-06-27'),
 ('DSKI15000106','DSKI150099','DENTA BRUSH',36,36,1296,'2016-06-27'),
 ('DSKI15000106','DSKI150102','NILMA LIQUID',215,1,215,'2016-06-27'),
 ('DSKI15000106','DSKI150118','TOFFIE 1/=',85,3,255,'2016-06-27'),
 ('DSKI15000106','DSKI150122','CENTRE FRUIT',235,1,235,'2016-06-27');
INSERT INTO `invoice` (`invoice_no`,`iid`,`item_name`,`unit_price`,`qty`,`netamount`,`date`) VALUES 
 ('DSKI15000106','DSKI150135','TIPI TIP 60/=',46,24,1104,'2016-06-27'),
 ('DSKI15000106','DSKI150141','HANDUNKURU 10/=',60,3,180,'2016-06-27'),
 ('DSKI15000106','DSKI150145','SOORYA MATCH',630,1,630,'2016-06-27'),
 ('DSKI15000106','DSKI150147','EVA ROSE',88,12,1056,'2016-06-27'),
 ('DSKI15000106','DSKI150151','REKHA PAPADAM',33,40,1300,'2016-06-27'),
 ('DSKI15000106','DSKI150152','REKHA NOODELES 500g',70,20,1400,'2016-06-27'),
 ('DSKI15000106','DSKI150174','CHAMPIKA BEDI',860,2,1720,'2016-06-27'),
 ('DSKI15000106','DSKI150185','TIKIRI MARIE 100g',25,60,1470,'2016-06-27'),
 ('DSKI15000106','DSKI150192','CREAM CRACKER 75/=',65,12,780,'2016-06-27'),
 ('DSKI15000106','DSKI150193','CREAM CRACKER 100/=',85,8,680,'2016-06-27'),
 ('DSKI15000106','DSKI150194','CREAM CRACKER 175/=',590,1,590,'2016-06-27'),
 ('DSKI15000106','DSKI150213','SHORTIES 400g(D /MIC /LU)',280,5,1400,'2016-06-27'),
 ('DSKI15000106','DSKI150217','WAFERS 205/=(C / S / L / V)',495,2,990,'2016-06-27'),
 ('DSKI15000106','DSKI150225','BUTTER  CAROL  120/=',102,6,612,'2016-06-27');
INSERT INTO `invoice` (`invoice_no`,`iid`,`item_name`,`unit_price`,`qty`,`netamount`,`date`) VALUES 
 ('DSKI15000106','DSKI150226','BUTTER CAROL  175/=',138,4,552,'2016-06-27'),
 ('DSKI15000106','DSKI150229','EVA  PINK',93,12,1116,'2016-06-27'),
 ('DSKI15000106','DSKI150235','NESTOMALT 175g',140,6,840,'2016-06-27'),
 ('DSKI15000106','DSKI150240','ONION BISCUT 20/=',480,1,480,'2016-06-27'),
 ('DSKI15000106','DSKI150251','CHOCOLATE SHO. 20/=',15,50,750,'2016-06-27'),
 ('DSKI15000107','DSKI150020','NESTAMOLT SH.25/=',23,30,690,'2016-06-27'),
 ('DSKI15000107','DSKI150024','SUNLIGHT SOAP',37,120,4440,'2016-06-27'),
 ('DSKI15000107','DSKI150025','LIFE BOUY SOAP',42,50,2100,'2016-06-27'),
 ('DSKI15000107','DSKI150043','LA O JEE 100g',92,6,552,'2016-06-27'),
 ('DSKI15000107','DSKI150057','KOTTU MEE',45,15,675,'2016-06-27'),
 ('DSKI15000107','DSKI150059','PANADOL',370,4,1480,'2016-06-27'),
 ('DSKI15000107','DSKI150063','IDEX 70/=',60,6,360,'2016-06-27'),
 ('DSKI15000107','DSKI150082','PANASONIC BATTRY',60,12,720,'2016-06-27'),
 ('DSKI15000107','DSKI150083','AA',27,12,324,'2016-06-27');
INSERT INTO `invoice` (`invoice_no`,`iid`,`item_name`,`unit_price`,`qty`,`netamount`,`date`) VALUES 
 ('DSKI15000107','DSKI150084','AAA',25,24,600,'2016-06-27'),
 ('DSKI15000107','DSKI150087','SIGNAL 120g',90,12,1080,'2016-06-27'),
 ('DSKI15000107','DSKI150096','SUPIRIVIKI 110g',80,12,960,'2016-06-27'),
 ('DSKI15000107','DSKI150099','DENTA BRUSH',36,36,1296,'2016-06-27'),
 ('DSKI15000107','DSKI150101','NINJA COIL',55,15,825,'2016-06-27'),
 ('DSKI15000107','DSKI150102','NILMA LIQUID',215,1,215,'2016-06-27'),
 ('DSKI15000107','DSKI150103','DIAMOND(S)',60,6,360,'2016-06-27'),
 ('DSKI15000107','DSKI150105','DIAMOND(L)',160,24,3840,'2016-06-27'),
 ('DSKI15000107','DSKI150107','RASAMALU SAMON',123,24,2952,'2016-06-27'),
 ('DSKI15000107','DSKI150109','BUDDY SHOPPIN',80,6,480,'2016-06-27'),
 ('DSKI15000107','DSKI150119','MYLADY',240,1,240,'2016-06-27'),
 ('DSKI15000107','DSKI150122','CENTRE FRUIT',235,1,235,'2016-06-27'),
 ('DSKI15000107','DSKI150126','JUJUBBS 2/=',380,1,380,'2016-06-27'),
 ('DSKI15000107','DSKI150141','HANDUNKURU 10/=',55,4,220,'2016-06-27'),
 ('DSKI15000107','DSKI150142','SIX O CLOCK 20/=',160,3,480,'2016-06-27');
INSERT INTO `invoice` (`invoice_no`,`iid`,`item_name`,`unit_price`,`qty`,`netamount`,`date`) VALUES 
 ('DSKI15000107','DSKI150152','REKHA NOODELES 500g',70,10,700,'2016-06-27'),
 ('DSKI15000107','DSKI150155','LANKA SOYA 65/=',52,15,780,'2016-06-27'),
 ('DSKI15000107','DSKI150156','SUNSILK SHAMPOO SH.(B/R/O/Y/BR)',6,180,1080,'2016-06-27'),
 ('DSKI15000107','DSKI150158','LIFE BOUY SHAMPOO SH.(B/P/G)',5,120,630,'2016-06-27'),
 ('DSKI15000107','DSKI150162','DIVA WP 200g',35,12,420,'2016-06-27'),
 ('DSKI15000107','DSKI150163','DIVA WP 400g',53,12,636,'2016-06-27'),
 ('DSKI15000107','DSKI150168','SUNLIGHT WP 1kg',135,15,2025,'2016-06-27'),
 ('DSKI15000107','DSKI150174','CHAMPIKA BEDI',860,4,3440,'2016-06-27'),
 ('DSKI15000107','DSKI150189','CHOCOLATE MARIE 100g',35,12,420,'2016-06-27'),
 ('DSKI15000107','DSKI150211','TIPPIN 70/=(G / B)',61,10,610,'2016-06-27'),
 ('DSKI15000107','DSKI150220','LIFE BOUY SHAMPOO SH P 5/=',4,60,255,'2016-06-27'),
 ('DSKI15000107','DSKI150221','DANDEX SHAMPOO SH 5/=',4,60,255,'2016-06-27'),
 ('DSKI15000107','DSKI150230','CLOGARD BRUSH',30,36,1080,'2016-06-27');
INSERT INTO `invoice` (`invoice_no`,`iid`,`item_name`,`unit_price`,`qty`,`netamount`,`date`) VALUES 
 ('DSKI15000107','DSKI150231','LANKA SOYA 30/=',22,50,1100,'2016-06-27'),
 ('DSKI15000107','DSKI150235','NESTOMALT 175g',140,6,840,'2016-06-27'),
 ('DSKI15000107','DSKI150241','DIVA W/P 1KG 150/=',130,15,1950,'2016-06-27'),
 ('DSKI15000107','DSKI150243','VELVET 50/=',42,50,2100,'2016-06-27'),
 ('DSKI15000107','DSKI150248','BUTTER CAROL 45/=',38,25,950,'2016-06-27'),
 ('DSKI15000107','DSKI150250','TIPI TIP (MIC) 10/=',280,1,280,'2016-06-27'),
 ('DSKI15000107','DSKI150251','CHOCOLATE SHO. 20/=',15,25,375,'2016-06-27'),
 ('DSKI15000107','DSKI150253','DIVA 130g 20/=',17,20,340,'2016-06-27'),
 ('DSKI15000107','DSKI150255','GODRIJ HAIR DIE',325,3,975,'2016-06-27'),
 ('DSKI15000107','DSKI150257','SUPIRI SAMAN',120,24,2880,'2016-06-27'),
 ('DSKI15000108','DSKI150002','ANCHOR 400g',308,3,924,'2016-06-28'),
 ('DSKI15000108','DSKI150005','RATTHI 400g',308,6,1848,'2016-06-28'),
 ('DSKI15000108','DSKI150006','RATTHI 1kg',765,2,1530,'2016-06-28'),
 ('DSKI15000108','DSKI150007','RATTHI SH.70/=',56,9,504,'2016-06-28');
INSERT INTO `invoice` (`invoice_no`,`iid`,`item_name`,`unit_price`,`qty`,`netamount`,`date`) VALUES 
 ('DSKI15000108','DSKI150012','MALIBAN 400g',300,3,900,'2016-06-28'),
 ('DSKI15000108','DSKI150018','NESTAMOLT 400g',270,10,2700,'2016-06-28'),
 ('DSKI15000108','DSKI150021','VIVA 400g',255,6,1530,'2016-06-28'),
 ('DSKI15000108','DSKI150024','SUNLIGHT SOAP',37,120,4440,'2016-06-28'),
 ('DSKI15000108','DSKI150030','LUX SOAP',42,12,504,'2016-06-28'),
 ('DSKI15000108','DSKI150038','VIM 100g',18,12,216,'2016-06-28'),
 ('DSKI15000108','DSKI150043','LA O JEE 100g',92,12,1104,'2016-06-28'),
 ('DSKI15000108','DSKI150054','MAGGI NOODLES 30/=',26,12,312,'2016-06-28'),
 ('DSKI15000108','DSKI150056','MAGGI NOODLES 50/=',45,12,540,'2016-06-28'),
 ('DSKI15000108','DSKI150059','PANADOL',370,1,370,'2016-06-28'),
 ('DSKI15000108','DSKI150061','SAMAHAN',500,2,1000,'2016-06-28'),
 ('DSKI15000108','DSKI150062','ASAMODAGAM',58,12,696,'2016-06-28'),
 ('DSKI15000108','DSKI150066','SIDDALEPA 40/=',34,12,408,'2016-06-28'),
 ('DSKI15000108','DSKI150070','BIC BLAD',80,3,240,'2016-06-28');
INSERT INTO `invoice` (`invoice_no`,`iid`,`item_name`,`unit_price`,`qty`,`netamount`,`date`) VALUES 
 ('DSKI15000108','DSKI150082','PANASONIC BATTRY',58,24,1392,'2016-06-28'),
 ('DSKI15000108','DSKI150083','AA',27,12,324,'2016-06-28'),
 ('DSKI15000108','DSKI150085','SIGNAL 40g',36,12,432,'2016-06-28'),
 ('DSKI15000108','DSKI150099','DENTA BRUSH',38,12,456,'2016-06-28'),
 ('DSKI15000108','DSKI150101','NINJA COIL',55,12,660,'2016-06-28'),
 ('DSKI15000108','DSKI150102','NILMA LIQUID',215,2,430,'2016-06-28'),
 ('DSKI15000108','DSKI150109','BUDDY SHOPPIN',80,10,800,'2016-06-28'),
 ('DSKI15000108','DSKI150110','2/= SHOPPIN',150,5,750,'2016-06-28'),
 ('DSKI15000108','DSKI150112','5/= SHOPPIN',295,2,590,'2016-06-28'),
 ('DSKI15000108','DSKI150115','GROCERY (7x5)',200,2,400,'2016-06-28'),
 ('DSKI15000108','DSKI150116','GROCERY (7x10)',300,2,600,'2016-06-28'),
 ('DSKI15000108','DSKI150121','BUBBLE GUM',125,2,250,'2016-06-28'),
 ('DSKI15000108','DSKI150122','CENTRE FRUIT',235,1,235,'2016-06-28'),
 ('DSKI15000108','DSKI150142','SIX O CLOCK 20/=',170,3,510,'2016-06-28');
INSERT INTO `invoice` (`invoice_no`,`iid`,`item_name`,`unit_price`,`qty`,`netamount`,`date`) VALUES 
 ('DSKI15000108','DSKI150145','SOORYA MATCH',630,1,630,'2016-06-28'),
 ('DSKI15000108','DSKI150147','EVA ROSE',90,12,1080,'2016-06-28'),
 ('DSKI15000108','DSKI150151','REKHA PAPADAM',33,40,1300,'2016-06-28'),
 ('DSKI15000108','DSKI150152','REKHA NOODELES 500g',70,10,700,'2016-06-28'),
 ('DSKI15000108','DSKI150163','DIVA WP 400g',53,12,636,'2016-06-28'),
 ('DSKI15000108','DSKI150174','CHAMPIKA BEDI',860,2,1720,'2016-06-28'),
 ('DSKI15000108','DSKI150175','A K SURUTTU',400,3,1200,'2016-06-28'),
 ('DSKI15000108','DSKI150180','BABY COLONE',115,3,345,'2016-06-28'),
 ('DSKI15000108','DSKI150184','KESHA H/O',125,3,375,'2016-06-28'),
 ('DSKI15000108','DSKI150191','CREAM CRACKER 50/=',44,12,528,'2016-06-28'),
 ('DSKI15000108','DSKI150192','CREAM CRACKER 75/=',65,12,780,'2016-06-28'),
 ('DSKI15000108','DSKI150193','CREAM CRACKER 100/=',85,8,680,'2016-06-28'),
 ('DSKI15000108','DSKI150196','LEMON PUFF (L)',88,12,1056,'2016-06-28'),
 ('DSKI15000108','DSKI150216','WAFERS 110/=(C / S / L / V)',510,1,510,'2016-06-28');
INSERT INTO `invoice` (`invoice_no`,`iid`,`item_name`,`unit_price`,`qty`,`netamount`,`date`) VALUES 
 ('DSKI15000108','DSKI150221','DANDEX SHAMPOO SH 5/=',4,60,255,'2016-06-28'),
 ('DSKI15000108','DSKI150232','HAWAIN COOKIES 100/=',87,6,522,'2016-06-28'),
 ('DSKI15000108','DSKI150240','ONION BISCUT 20/=',480,1,480,'2016-06-28'),
 ('DSKI15000108','DSKI150241','DIVA W/P 1KG 150/=',130,6,780,'2016-06-28'),
 ('DSKI15000108','DSKI150243','VELVET 50/=',43,24,1032,'2016-06-28'),
 ('DSKI15000108','DSKI150251','CHOCOLATE SHO. 20/=',15,50,750,'2016-06-28'),
 ('DSKI15000108','DSKI150256','HANDUNKURU 30/=',260,3,780,'2016-06-28'),
 ('DSKI15000109','DSKI150002','ANCHOR 400g',307,10,3070,'2016-06-28'),
 ('DSKI15000109','DSKI150005','RATTHI 400g',307,6,1842,'2016-06-28'),
 ('DSKI15000109','DSKI150019','NESTAMOLT WEL 400g',257,12,3084,'2016-06-28'),
 ('DSKI15000109','DSKI150022','VIVA WEL 400g',245,6,1470,'2016-06-28'),
 ('DSKI15000109','DSKI150057','KOTTU MEE',45,6,270,'2016-06-28'),
 ('DSKI15000109','DSKI150063','IDEX 70/=',60,6,360,'2016-06-28'),
 ('DSKI15000109','DSKI150083','AA',25,12,300,'2016-06-28');
INSERT INTO `invoice` (`invoice_no`,`iid`,`item_name`,`unit_price`,`qty`,`netamount`,`date`) VALUES 
 ('DSKI15000109','DSKI150103','DIAMOND(S)',60,6,360,'2016-06-28'),
 ('DSKI15000109','DSKI150104','DIAMOND(M)',95,6,570,'2016-06-28'),
 ('DSKI15000109','DSKI150109','BUDDY SHOPPIN',80,5,400,'2016-06-28'),
 ('DSKI15000109','DSKI150116','GROCERY (7x10)',290,2,580,'2016-06-28'),
 ('DSKI15000109','DSKI150140','MILLO',39,15,585,'2016-06-28'),
 ('DSKI15000109','DSKI150149','AMEENS HAIR DIE',360,1,360,'2016-06-28'),
 ('DSKI15000109','DSKI150151','REKHA PAPADAM',33,40,1300,'2016-06-28'),
 ('DSKI15000109','DSKI150174','CHAMPIKA BEDI',860,2,1720,'2016-06-28'),
 ('DSKI15000109','DSKI150191','CREAM CRACKER 50/=',44,6,264,'2016-06-28'),
 ('DSKI15000109','DSKI150194','CREAM CRACKER 175/=',590,1,590,'2016-06-28'),
 ('DSKI15000109','DSKI150235','NESTOMALT 175g',140,6,840,'2016-06-28'),
 ('DSKI15000109','DSKI150255','GODRIJ HAIR DIE',325,1,325,'2016-06-28'),
 ('DSKI15000110','DSKI150002','ANCHOR 400g',307,10,3070,'2016-06-28'),
 ('DSKI15000110','DSKI150005','RATTHI 400g',307,10,3070,'2016-06-28');
INSERT INTO `invoice` (`invoice_no`,`iid`,`item_name`,`unit_price`,`qty`,`netamount`,`date`) VALUES 
 ('DSKI15000110','DSKI150009','NESPRAY 400g',300,10,3000,'2016-06-28'),
 ('DSKI15000110','DSKI150011','NESPRAY SH.18/=',17,30,495,'2016-06-28'),
 ('DSKI15000110','DSKI150012','MALIBAN 400g',300,6,1800,'2016-06-28'),
 ('DSKI15000110','DSKI150018','NESTAMOLT 400g',265,6,1590,'2016-06-28'),
 ('DSKI15000110','DSKI150019','NESTAMOLT WEL 400g',255,6,1530,'2016-06-28'),
 ('DSKI15000110','DSKI150020','NESTAMOLT SH.25/=',23,30,690,'2016-06-28'),
 ('DSKI15000110','DSKI150021','VIVA 400g',255,6,1530,'2016-06-28'),
 ('DSKI15000110','DSKI150022','VIVA WEL 400g',245,6,1470,'2016-06-28'),
 ('DSKI15000110','DSKI150024','SUNLIGHT SOAP',38,36,1350,'2016-06-28'),
 ('DSKI15000110','DSKI150025','LIFE BOUY SOAP',43,36,1548,'2016-06-28'),
 ('DSKI15000110','DSKI150026','KHOMBA SOAP',35,12,420,'2016-06-28'),
 ('DSKI15000110','DSKI150027','RANI SOAP',41,12,492,'2016-06-28'),
 ('DSKI15000110','DSKI150028','VENIVAL',36,12,432,'2016-06-28'),
 ('DSKI15000110','DSKI150030','LUX SOAP',41,24,984,'2016-06-28');
INSERT INTO `invoice` (`invoice_no`,`iid`,`item_name`,`unit_price`,`qty`,`netamount`,`date`) VALUES 
 ('DSKI15000110','DSKI150031','DETOL SOAP',40,12,480,'2016-06-28'),
 ('DSKI15000110','DSKI150032','DELMA SOAP (S/A)',29,12,348,'2016-06-28'),
 ('DSKI15000110','DSKI150033','DELMA LIGHT SOAP',20,12,240,'2016-06-28'),
 ('DSKI15000110','DSKI150034','HAPPY BOUY',39,12,468,'2016-06-28'),
 ('DSKI15000110','DSKI150035','KHOMBA BABY (R/W)',38,24,912,'2016-06-28'),
 ('DSKI15000110','DSKI150036','CHERAMY BABY (O/N)',38,24,912,'2016-06-28'),
 ('DSKI15000110','DSKI150037','PEARS BABY (P/R/H)',43,24,1032,'2016-06-28'),
 ('DSKI15000110','DSKI150042','LA O JEE 50g',47,24,1128,'2016-06-28'),
 ('DSKI15000110','DSKI150043','LA O JEE 100g',92,12,1104,'2016-06-28'),
 ('DSKI15000110','DSKI150044','CEYLONTA 50g',50,12,600,'2016-06-28'),
 ('DSKI15000110','DSKI150045','CEYLONTA 100g',100,6,600,'2016-06-28'),
 ('DSKI15000110','DSKI150046','WATAWALA 50g',47,24,1128,'2016-06-28'),
 ('DSKI15000110','DSKI150047','WATAWALA 100g',93,12,1116,'2016-06-28'),
 ('DSKI15000110','DSKI150051','SAMAPOSA 80g',24,12,288,'2016-06-28');
INSERT INTO `invoice` (`invoice_no`,`iid`,`item_name`,`unit_price`,`qty`,`netamount`,`date`) VALUES 
 ('DSKI15000110','DSKI150052','SAMAPOSA 200g',51,12,612,'2016-06-28'),
 ('DSKI15000110','DSKI150054','MAGGI NOODLES 30/=',26,18,468,'2016-06-28'),
 ('DSKI15000110','DSKI150056','MAGGI NOODLES 50/=',44,18,792,'2016-06-28'),
 ('DSKI15000110','DSKI150057','KOTTU MEE',45,18,810,'2016-06-28'),
 ('DSKI15000110','DSKI150058','PRIMA NOODELES 168/=',145,6,870,'2016-06-28'),
 ('DSKI15000110','DSKI150059','PANADOL',365,2,730,'2016-06-28'),
 ('DSKI15000110','DSKI150061','SAMAHAN',490,2,980,'2016-06-28'),
 ('DSKI15000110','DSKI150062','ASAMODAGAM',58,6,348,'2016-06-28'),
 ('DSKI15000110','DSKI150063','IDEX 70/=',60,6,360,'2016-06-28'),
 ('DSKI15000110','DSKI150065','SIDDALEPA 25/=',21,12,252,'2016-06-28'),
 ('DSKI15000110','DSKI150066','SIDDALEPA 40/=',34,12,408,'2016-06-28'),
 ('DSKI15000110','DSKI150068','BIC EASY2',45,20,900,'2016-06-28'),
 ('DSKI15000110','DSKI150069','BIC ORANGE',32,18,576,'2016-06-28'),
 ('DSKI15000110','DSKI150070','BIC BLAD',80,5,400,'2016-06-28');
INSERT INTO `invoice` (`invoice_no`,`iid`,`item_name`,`unit_price`,`qty`,`netamount`,`date`) VALUES 
 ('DSKI15000110','DSKI150080','GILLETTE',40,18,720,'2016-06-28'),
 ('DSKI15000110','DSKI150082','PANASONIC BATTRY',57,24,1368,'2016-06-28'),
 ('DSKI15000110','DSKI150083','AA',25,12,300,'2016-06-28'),
 ('DSKI15000110','DSKI150085','SIGNAL 40g',36,12,426,'2016-06-28'),
 ('DSKI15000110','DSKI150086','SIGNAL 70g',62,12,744,'2016-06-28'),
 ('DSKI15000110','DSKI150087','SIGNAL 120g',90,6,540,'2016-06-28'),
 ('DSKI15000110','DSKI150089','CLOGURD 40g',35,12,420,'2016-06-28'),
 ('DSKI15000110','DSKI150090','CLOGURD 70g',62,6,372,'2016-06-28'),
 ('DSKI15000110','DSKI150091','CLOGURD 120g',88,6,528,'2016-06-28'),
 ('DSKI15000110','DSKI150092','SUDANTHA 40g',52,12,624,'2016-06-28'),
 ('DSKI15000110','DSKI150093','SUDANTHA 80g',72,12,864,'2016-06-28'),
 ('DSKI15000110','DSKI150097','SIGNAL BRUSH',37,12,444,'2016-06-28'),
 ('DSKI15000110','DSKI150099','DENTA BRUSH',37,12,444,'2016-06-28'),
 ('DSKI15000110','DSKI150100','DENTA JUNIOR',37,6,222,'2016-06-28'),
 ('DSKI15000110','DSKI150101','NINJA COIL',55,12,660,'2016-06-28');
INSERT INTO `invoice` (`invoice_no`,`iid`,`item_name`,`unit_price`,`qty`,`netamount`,`date`) VALUES 
 ('DSKI15000110','DSKI150103','DIAMOND(S)',60,12,720,'2016-06-28'),
 ('DSKI15000110','DSKI150104','DIAMOND(M)',95,12,1140,'2016-06-28'),
 ('DSKI15000110','DSKI150107','RASAMALU SAMON',122,24,2928,'2016-06-28'),
 ('DSKI15000110','DSKI150109','BUDDY SHOPPIN',80,5,400,'2016-06-28'),
 ('DSKI15000110','DSKI150110','2/= SHOPPIN',140,5,700,'2016-06-28'),
 ('DSKI15000110','DSKI150111','3/= SHOPPIN',200,2,400,'2016-06-28'),
 ('DSKI15000110','DSKI150112','5/= SHOPPIN',280,1,280,'2016-06-28'),
 ('DSKI15000110','DSKI150115','GROCERY (7x5)',170,1,170,'2016-06-28'),
 ('DSKI15000110','DSKI150116','GROCERY (7x10)',280,1,280,'2016-06-28'),
 ('DSKI15000110','DSKI150117','LUNCH SHEET',220,4,880,'2016-06-28'),
 ('DSKI15000110','DSKI150118','TOFFIE 1/=',85,3,255,'2016-06-28'),
 ('DSKI15000110','DSKI150119','MYLADY',240,1,240,'2016-06-28'),
 ('DSKI15000110','DSKI150120','HACKS',295,1,295,'2016-06-28'),
 ('DSKI15000110','DSKI150121','BUBBLE GUM',120,1,120,'2016-06-28'),
 ('DSKI15000110','DSKI150122','CENTRE FRUIT',235,1,235,'2016-06-28');
INSERT INTO `invoice` (`invoice_no`,`iid`,`item_name`,`unit_price`,`qty`,`netamount`,`date`) VALUES 
 ('DSKI15000110','DSKI150124','5/= PIECE (CA/MU/TM/KI/LAY/ID/POL)',155,5,775,'2016-06-28'),
 ('DSKI15000110','DSKI150125','WAFER CHOCKS',200,1,200,'2016-06-28'),
 ('DSKI15000110','DSKI150126','JUJUBBS 2/=',380,1,380,'2016-06-28'),
 ('DSKI15000110','DSKI150128','CHOCALATE 10/=',185,2,370,'2016-06-28'),
 ('DSKI15000110','DSKI150129','CHOCALATE 20/=',380,1,380,'2016-06-28'),
 ('DSKI15000110','DSKI150132','CHOCALATE 50/=',470,1,470,'2016-06-28'),
 ('DSKI15000110','DSKI150135','TIPI TIP 60/=',46,12,552,'2016-06-28'),
 ('DSKI15000110','DSKI150136','JELLY 5/=',55,2,110,'2016-06-28'),
 ('DSKI15000110','DSKI150137','JELLY 10/=',350,1,350,'2016-06-28'),
 ('DSKI15000110','DSKI150141','HANDUNKURU 10/=',55,2,110,'2016-06-28'),
 ('DSKI15000110','DSKI150142','SIX O CLOCK 20/=',160,1,160,'2016-06-28'),
 ('DSKI15000110','DSKI150143','HANDUNKURU 50/=(R/P)',420,1,420,'2016-06-28'),
 ('DSKI15000110','DSKI150144','AMRITHA 80/= (O/R/B/H/J)',725,1,725,'2016-06-28'),
 ('DSKI15000110','DSKI150145','SOORYA MATCH',600,1,600,'2016-06-28');
INSERT INTO `invoice` (`invoice_no`,`iid`,`item_name`,`unit_price`,`qty`,`netamount`,`date`) VALUES 
 ('DSKI15000110','DSKI150147','EVA ROSE',88,12,1056,'2016-06-28'),
 ('DSKI15000110','DSKI150149','AMEENS HAIR DIE',360,1,360,'2016-06-28'),
 ('DSKI15000110','DSKI150150','ORANGE BULB(40/60/75/100 W)',55,25,1375,'2016-06-28'),
 ('DSKI15000110','DSKI150151','REKHA PAPADAM',33,40,1300,'2016-06-28'),
 ('DSKI15000110','DSKI150152','REKHA NOODELES 500g',70,10,700,'2016-06-28'),
 ('DSKI15000110','DSKI150155','LANKA SOYA 65/=',50,25,1250,'2016-06-28'),
 ('DSKI15000110','DSKI150156','SUNSILK SHAMPOO SH.(B/R/O/Y/BR)',6,144,864,'2016-06-28'),
 ('DSKI15000110','DSKI150157','SUNSILK SHAMPOO BOT.(B/R/O/Y/BR)',125,3,375,'2016-06-28'),
 ('DSKI15000110','DSKI150158','LIFE BOUY SHAMPOO SH.(B/P/G)',5,120,630,'2016-06-28'),
 ('DSKI15000110','DSKI150159','LIFE BOUY SHAMPOO BOT.(B/G)',100,3,300,'2016-06-28'),
 ('DSKI15000110','DSKI150161','DIVA WP 70g',9,50,437.5,'2016-06-28'),
 ('DSKI15000110','DSKI150162','DIVA WP 200g',35,6,210,'2016-06-28'),
 ('DSKI15000110','DSKI150163','DIVA WP 400g',53,6,318,'2016-06-28');
INSERT INTO `invoice` (`invoice_no`,`iid`,`item_name`,`unit_price`,`qty`,`netamount`,`date`) VALUES 
 ('DSKI15000110','DSKI150165','SUNLIGHT WP 10/=',9,48,420,'2016-06-28'),
 ('DSKI15000110','DSKI150166','SUNLIGHT WP 200g',31,10,310,'2016-06-28'),
 ('DSKI15000110','DSKI150167','SUNLIGHT WP 400g',64,6,384,'2016-06-28'),
 ('DSKI15000110','DSKI150168','SUNLIGHT WP 1kg',135,6,810,'2016-06-28'),
 ('DSKI15000110','DSKI150169','SURF EXEL 7/=',6,48,288,'2016-06-28'),
 ('DSKI15000110','DSKI150170','SURF EXEL 20/=',17,12,198,'2016-06-28'),
 ('DSKI15000110','DSKI150172','SURF EXEL 50/=',44,12,528,'2016-06-28'),
 ('DSKI15000110','DSKI150177','BABY CREAM 80/=',68,6,408,'2016-06-28'),
 ('DSKI15000110','DSKI150178','BABY CREAM 135/=',115,6,690,'2016-06-28'),
 ('DSKI15000110','DSKI150180','BABY COLONE',115,6,690,'2016-06-28'),
 ('DSKI15000110','DSKI150183','KUMARIKA H/O 150/=',125,3,375,'2016-06-28'),
 ('DSKI15000110','DSKI150184','KESHA H/O',125,6,750,'2016-06-28'),
 ('DSKI15000110','DSKI150220','LIFE BOUY SHAMPOO SH P 5/=',4,60,255,'2016-06-28'),
 ('DSKI15000110','DSKI150221','DANDEX SHAMPOO SH 5/=',4,60,255,'2016-06-28');
INSERT INTO `invoice` (`invoice_no`,`iid`,`item_name`,`unit_price`,`qty`,`netamount`,`date`) VALUES 
 ('DSKI15000110','DSKI150222','DANDEX SHAMPOO BOTTLE',105,3,315,'2016-06-28'),
 ('DSKI15000110','DSKI150229','EVA  PINK',93,12,1116,'2016-06-28'),
 ('DSKI15000110','DSKI150231','LANKA SOYA 30/=',22,50,1100,'2016-06-28'),
 ('DSKI15000110','DSKI150234','KUMARIKA H/OIL 145/=',125,3,375,'2016-06-28'),
 ('DSKI15000110','DSKI150235','NESTOMALT 175g',140,6,840,'2016-06-28'),
 ('DSKI15000110','DSKI150237','BABY SHAMPOO 115/=',95,6,570,'2016-06-28'),
 ('DSKI15000110','DSKI150241','DIVA W/P 1KG 150/=',130,6,780,'2016-06-28'),
 ('DSKI15000110','DSKI150243','VELVET 50/=',43,24,1032,'2016-06-28'),
 ('DSKI15000110','DSKI150245','BABY POWDER 89/=',75,6,450,'2016-06-28'),
 ('DSKI15000110','DSKI150250','TIPI TIP (MIC) 10/=',260,1,260,'2016-06-28'),
 ('DSKI15000110','DSKI150255','GODRIJ HAIR DIE',300,1,300,'2016-06-28'),
 ('DSKI15000110','DSKI150256','HANDUNKURU 30/=',260,1,260,'2016-06-28'),
 ('DSKI15000110','DSKI150257','SUPIRI SAMAN',120,24,2880,'2016-06-28'),
 ('DSKI15000110','DSKI150267','BABY OIL 130/=',110,6,660,'2016-06-28');
INSERT INTO `invoice` (`invoice_no`,`iid`,`item_name`,`unit_price`,`qty`,`netamount`,`date`) VALUES 
 ('DSKI15000111','DSKI150185','TIKIRI MARIE 100g',25,25,625,'2016-06-28'),
 ('DSKI15000111','DSKI150186','TIKIRI MARIE 400g',460,2,920,'2016-06-28'),
 ('DSKI15000111','DSKI150187','LITE MARIE 100g',18,25,437.5,'2016-06-28'),
 ('DSKI15000111','DSKI150189','CHOCOLATE MARIE 100g',35,12,420,'2016-06-28'),
 ('DSKI15000111','DSKI150190','CHOCOLATE MARIE 400g',545,1,545,'2016-06-28'),
 ('DSKI15000111','DSKI150191','CREAM CRACKER 50/=',44,12,528,'2016-06-28'),
 ('DSKI15000111','DSKI150192','CREAM CRACKER 75/=',65,12,780,'2016-06-28'),
 ('DSKI15000111','DSKI150193','CREAM CRACKER 100/=',85,8,680,'2016-06-28'),
 ('DSKI15000111','DSKI150194','CREAM CRACKER 175/=',590,1,590,'2016-06-28'),
 ('DSKI15000111','DSKI150195','LEMON PUFF (S)',48,6,288,'2016-06-28'),
 ('DSKI15000111','DSKI150196','LEMON PUFF (L)',87,12,1044,'2016-06-28'),
 ('DSKI15000111','DSKI150197','CHOCOLATE PUFF(S)',48,6,288,'2016-06-28'),
 ('DSKI15000111','DSKI150198','CHOCOLATE PUFF(L)',87,12,1044,'2016-06-28');
INSERT INTO `invoice` (`invoice_no`,`iid`,`item_name`,`unit_price`,`qty`,`netamount`,`date`) VALUES 
 ('DSKI15000111','DSKI150199','CHOCALATE CREAM 100g',42,25,1050,'2016-06-28'),
 ('DSKI15000111','DSKI150200','CHOCALATE CREAM 400g',645,1,645,'2016-06-28'),
 ('DSKI15000111','DSKI150201','GINGER 100g',39,12,468,'2016-06-28'),
 ('DSKI15000111','DSKI150202','GINGER 400g',580,1,580,'2016-06-28'),
 ('DSKI15000111','DSKI150203','NICE 100g',39,12,468,'2016-06-28'),
 ('DSKI15000111','DSKI150204','NICE 400g',580,1,580,'2016-06-28'),
 ('DSKI15000111','DSKI150205','WAFERS 100g(C/V/L)',43,12,516,'2016-06-28'),
 ('DSKI15000111','DSKI150207','HAWAIN COKIES 50/=',43,6,258,'2016-06-28'),
 ('DSKI15000111','DSKI150211','TIPPIN 70/=(G / B)',61,12,732,'2016-06-28'),
 ('DSKI15000111','DSKI150213','SHORTIES 400g(D /MIC /LU)',275,10,2750,'2016-06-28'),
 ('DSKI15000111','DSKI150216','WAFERS 110/=(C / S / L / V)',510,1,510,'2016-06-28'),
 ('DSKI15000111','DSKI150217','WAFERS 205/=(C / S / L / V)',495,2,990,'2016-06-28'),
 ('DSKI15000111','DSKI150224','MSC 45/=',39,6,234,'2016-06-28');
INSERT INTO `invoice` (`invoice_no`,`iid`,`item_name`,`unit_price`,`qty`,`netamount`,`date`) VALUES 
 ('DSKI15000111','DSKI150225','BUTTER  CAROL  120/=',100,12,1200,'2016-06-28'),
 ('DSKI15000111','DSKI150226','BUTTER CAROL  175/=',138,8,1104,'2016-06-28'),
 ('DSKI15000111','DSKI150227','GINGER  COOKIES  100/=',80,6,480,'2016-06-28'),
 ('DSKI15000111','DSKI150228','VITA  COOKIES  100/=',80,4,320,'2016-06-28'),
 ('DSKI15000111','DSKI150232','HAWAIN COOKIES 100/=',86,6,516,'2016-06-28'),
 ('DSKI15000111','DSKI150233','MSC  100/=',86,6,516,'2016-06-28'),
 ('DSKI15000111','DSKI150240','ONION BISCUT 20/=',480,1,480,'2016-06-28'),
 ('DSKI15000111','DSKI150247','COOKIE RING 120/=',90,6,540,'2016-06-28'),
 ('DSKI15000111','DSKI150248','BUTTER CAROL 45/=',38,25,950,'2016-06-28'),
 ('DSKI15000112','DSKI150024','SUNLIGHT SOAP',38,30,1125,'2016-06-28'),
 ('DSKI15000112','DSKI150059','PANADOL',370,2,740,'2016-06-28'),
 ('DSKI15000112','DSKI150061','SAMAHAN',500,1,500,'2016-06-28'),
 ('DSKI15000112','DSKI150080','GILLETTE',38,36,1368,'2016-06-28'),
 ('DSKI15000112','DSKI150101','NINJA COIL',56,12,672,'2016-06-28');
INSERT INTO `invoice` (`invoice_no`,`iid`,`item_name`,`unit_price`,`qty`,`netamount`,`date`) VALUES 
 ('DSKI15000112','DSKI150102','NILMA LIQUID',215,1,215,'2016-06-28'),
 ('DSKI15000112','DSKI150103','DIAMOND(S)',65,12,780,'2016-06-28'),
 ('DSKI15000112','DSKI150105','DIAMOND(L)',160,24,3840,'2016-06-28'),
 ('DSKI15000112','DSKI150107','RASAMALU SAMON',122,48,5856,'2016-06-28'),
 ('DSKI15000112','DSKI150115','GROCERY (7x5)',200,1,200,'2016-06-28'),
 ('DSKI15000112','DSKI150116','GROCERY (7x10)',290,1,290,'2016-06-28'),
 ('DSKI15000112','DSKI150122','CENTRE FRUIT',235,1,235,'2016-06-28'),
 ('DSKI15000112','DSKI150124','5/= PIECE (CA/MU/TM/KI/LAY/ID/POL)',160,5,800,'2016-06-28'),
 ('DSKI15000112','DSKI150128','CHOCALATE 10/=',185,2,370,'2016-06-28'),
 ('DSKI15000112','DSKI150129','CHOCALATE 20/=',384,2,768,'2016-06-28'),
 ('DSKI15000112','DSKI150132','CHOCALATE 50/=',470,1,470,'2016-06-28'),
 ('DSKI15000112','DSKI150136','JELLY 5/=',55,5,275,'2016-06-28'),
 ('DSKI15000112','DSKI150149','AMEENS HAIR DIE',360,2,720,'2016-06-28'),
 ('DSKI15000112','DSKI150151','REKHA PAPADAM',33,40,1300,'2016-06-28');
INSERT INTO `invoice` (`invoice_no`,`iid`,`item_name`,`unit_price`,`qty`,`netamount`,`date`) VALUES 
 ('DSKI15000112','DSKI150161','DIVA WP 70g',9,50,450,'2016-06-28'),
 ('DSKI15000112','DSKI150174','CHAMPIKA BEDI',860,2,1720,'2016-06-28'),
 ('DSKI15000112','DSKI150175','A K SURUTTU',400,2,800,'2016-06-28'),
 ('DSKI15000112','DSKI150231','LANKA SOYA 30/=',22,50,1100,'2016-06-28'),
 ('DSKI15000112','DSKI150260','DIAMOND (mID)',98,12,1176,'2016-06-28'),
 ('DSKI15000113','DSKI150002','ANCHOR 400g',308,3,924,'2016-06-28'),
 ('DSKI15000113','DSKI150005','RATTHI 400g',308,3,924,'2016-06-28'),
 ('DSKI15000113','DSKI150025','LIFE BOUY SOAP',43,12,516,'2016-06-28'),
 ('DSKI15000113','DSKI150038','VIM 100g',18,12,216,'2016-06-28'),
 ('DSKI15000113','DSKI150061','SAMAHAN',500,1,500,'2016-06-28'),
 ('DSKI15000113','DSKI150070','BIC BLAD',80,3,240,'2016-06-28'),
 ('DSKI15000113','DSKI150085','SIGNAL 40g',36,12,432,'2016-06-28'),
 ('DSKI15000113','DSKI150092','SUDANTHA 40g',53,6,318,'2016-06-28'),
 ('DSKI15000113','DSKI150142','SIX O CLOCK 20/=',170,2,340,'2016-06-28'),
 ('DSKI15000113','DSKI150151','REKHA PAPADAM',35,12,420,'2016-06-28');
INSERT INTO `invoice` (`invoice_no`,`iid`,`item_name`,`unit_price`,`qty`,`netamount`,`date`) VALUES 
 ('DSKI15000113','DSKI150161','DIVA WP 70g',9,20,180,'2016-06-28'),
 ('DSKI15000113','DSKI150256','HANDUNKURU 30/=',270,1,270,'2016-06-28'),
 ('DSKI15000114','DSKI150005','RATTHI 400g',310,3,930,'2016-06-28'),
 ('DSKI15000114','DSKI150009','NESPRAY 400g',305,6,1830,'2016-06-28'),
 ('DSKI15000114','DSKI150021','VIVA 400g',265,3,795,'2016-06-28'),
 ('DSKI15000114','DSKI150034','HAPPY BOUY',40,12,480,'2016-06-28'),
 ('DSKI15000114','DSKI150038','VIM 100g',18,144,2520,'2016-06-28'),
 ('DSKI15000114','DSKI150042','LA O JEE 50g',48,12,576,'2016-06-28'),
 ('DSKI15000114','DSKI150043','LA O JEE 100g',95,12,1140,'2016-06-28'),
 ('DSKI15000114','DSKI150046','WATAWALA 50g',48,12,576,'2016-06-28'),
 ('DSKI15000114','DSKI150054','MAGGI NOODLES 30/=',26,12,312,'2016-06-28'),
 ('DSKI15000114','DSKI150059','PANADOL',370,1,370,'2016-06-28'),
 ('DSKI15000114','DSKI150063','IDEX 70/=',60,12,720,'2016-06-28'),
 ('DSKI15000114','DSKI150069','BIC ORANGE',33,18,594,'2016-06-28');
INSERT INTO `invoice` (`invoice_no`,`iid`,`item_name`,`unit_price`,`qty`,`netamount`,`date`) VALUES 
 ('DSKI15000114','DSKI150070','BIC BLAD',80,5,400,'2016-06-28'),
 ('DSKI15000114','DSKI150083','AA',28,12,336,'2016-06-28'),
 ('DSKI15000114','DSKI150097','SIGNAL BRUSH',38,12,456,'2016-06-28'),
 ('DSKI15000114','DSKI150100','DENTA JUNIOR',38,12,456,'2016-06-28'),
 ('DSKI15000114','DSKI150102','NILMA LIQUID',220,1,220,'2016-06-28'),
 ('DSKI15000114','DSKI150103','DIAMOND(S)',65,12,780,'2016-06-28'),
 ('DSKI15000114','DSKI150106','DIAMOND JACK',125,48,6000,'2016-06-28'),
 ('DSKI15000114','DSKI150122','CENTRE FRUIT',240,1,240,'2016-06-28'),
 ('DSKI15000114','DSKI150137','JELLY 10/=',370,1,370,'2016-06-28'),
 ('DSKI15000114','DSKI150144','AMRITHA 80/= (O/R/B/H/J)',740,1,740,'2016-06-28'),
 ('DSKI15000114','DSKI150145','SOORYA MATCH',630,1,630,'2016-06-28'),
 ('DSKI15000114','DSKI150149','AMEENS HAIR DIE',370,2,740,'2016-06-28'),
 ('DSKI15000114','DSKI150152','REKHA NOODELES 500g',70,10,700,'2016-06-28'),
 ('DSKI15000114','DSKI150157','SUNSILK SHAMPOO BOT.(B/R/O/Y/BR)',127,3,381,'2016-06-28');
INSERT INTO `invoice` (`invoice_no`,`iid`,`item_name`,`unit_price`,`qty`,`netamount`,`date`) VALUES 
 ('DSKI15000114','DSKI150158','LIFE BOUY SHAMPOO SH.(B/P/G)',6,36,198,'2016-06-28'),
 ('DSKI15000114','DSKI150162','DIVA WP 200g',36,12,432,'2016-06-28'),
 ('DSKI15000114','DSKI150167','SUNLIGHT WP 400g',64,12,768,'2016-06-28'),
 ('DSKI15000114','DSKI150169','SURF EXEL 7/=',6,24,150,'2016-06-28'),
 ('DSKI15000114','DSKI150170','SURF EXEL 20/=',17,12,204,'2016-06-28'),
 ('DSKI15000114','DSKI150172','SURF EXEL 50/=',45,12,540,'2016-06-28'),
 ('DSKI15000114','DSKI150174','CHAMPIKA BEDI',870,2,1740,'2016-06-28'),
 ('DSKI15000114','DSKI150234','KUMARIKA H/OIL 145/=',125,3,375,'2016-06-28'),
 ('DSKI15000114','DSKI150260','DIAMOND (mID)',98,12,1176,'2016-06-28'),
 ('DSKI15000115','DSKI150005','RATTHI 400g',307,12,3684,'2016-06-28'),
 ('DSKI15000115','DSKI150006','RATTHI 1kg',765,3,2295,'2016-06-28'),
 ('DSKI15000115','DSKI150009','NESPRAY 400g',300,6,1800,'2016-06-28'),
 ('DSKI15000115','DSKI150018','NESTAMOLT 400g',265,15,3975,'2016-06-28'),
 ('DSKI15000115','DSKI150020','NESTAMOLT SH.25/=',23,30,690,'2016-06-28');
INSERT INTO `invoice` (`invoice_no`,`iid`,`item_name`,`unit_price`,`qty`,`netamount`,`date`) VALUES 
 ('DSKI15000115','DSKI150024','SUNLIGHT SOAP',37,144,5328,'2016-06-28'),
 ('DSKI15000115','DSKI150038','VIM 100g',18,20,360,'2016-06-28'),
 ('DSKI15000115','DSKI150045','CEYLONTA 100g',100,6,600,'2016-06-28'),
 ('DSKI15000115','DSKI150054','MAGGI NOODLES 30/=',26,12,312,'2016-06-28'),
 ('DSKI15000115','DSKI150056','MAGGI NOODLES 50/=',45,20,900,'2016-06-28'),
 ('DSKI15000115','DSKI150059','PANADOL',365,2,730,'2016-06-28'),
 ('DSKI15000115','DSKI150060','PNADOL SYRUP',145,3,435,'2016-06-28'),
 ('DSKI15000115','DSKI150061','SAMAHAN',490,2,980,'2016-06-28'),
 ('DSKI15000115','DSKI150063','IDEX 70/=',60,12,720,'2016-06-28'),
 ('DSKI15000115','DSKI150080','GILLETTE',40,18,720,'2016-06-28'),
 ('DSKI15000115','DSKI150086','SIGNAL 70g',62,6,372,'2016-06-28'),
 ('DSKI15000115','DSKI150087','SIGNAL 120g',90,6,540,'2016-06-28'),
 ('DSKI15000115','DSKI150092','SUDANTHA 40g',52,15,780,'2016-06-28'),
 ('DSKI15000115','DSKI150101','NINJA COIL',55,10,550,'2016-06-28');
INSERT INTO `invoice` (`invoice_no`,`iid`,`item_name`,`unit_price`,`qty`,`netamount`,`date`) VALUES 
 ('DSKI15000115','DSKI150109','BUDDY SHOPPIN',80,5,400,'2016-06-28'),
 ('DSKI15000115','DSKI150116','GROCERY (7x10)',270,1,270,'2016-06-28'),
 ('DSKI15000115','DSKI150117','LUNCH SHEET',220,2,440,'2016-06-28'),
 ('DSKI15000115','DSKI150124','5/= PIECE (CA/MU/TM/KI/LAY/ID/POL)',160,1,160,'2016-06-28'),
 ('DSKI15000115','DSKI150125','WAFER CHOCKS',200,2,400,'2016-06-28'),
 ('DSKI15000115','DSKI150135','TIPI TIP 60/=',46,12,552,'2016-06-28'),
 ('DSKI15000115','DSKI150137','JELLY 10/=',350,1,350,'2016-06-28'),
 ('DSKI15000115','DSKI150144','AMRITHA 80/= (O/R/B/H/J)',725,1,725,'2016-06-28'),
 ('DSKI15000115','DSKI150146','MATCHES',590,2,1180,'2016-06-28'),
 ('DSKI15000115','DSKI150149','AMEENS HAIR DIE',360,2,720,'2016-06-28'),
 ('DSKI15000115','DSKI150151','REKHA PAPADAM',33,80,2600,'2016-06-28'),
 ('DSKI15000115','DSKI150158','LIFE BOUY SHAMPOO SH.(B/P/G)',5,120,630,'2016-06-28'),
 ('DSKI15000115','DSKI150163','DIVA WP 400g',53,12,636,'2016-06-28'),
 ('DSKI15000115','DSKI150165','SUNLIGHT WP 10/=',9,30,270,'2016-06-28');
INSERT INTO `invoice` (`invoice_no`,`iid`,`item_name`,`unit_price`,`qty`,`netamount`,`date`) VALUES 
 ('DSKI15000115','DSKI150166','SUNLIGHT WP 200g',31,10,310,'2016-06-28'),
 ('DSKI15000115','DSKI150167','SUNLIGHT WP 400g',64,10,640,'2016-06-28'),
 ('DSKI15000115','DSKI150168','SUNLIGHT WP 1kg',135,5,675,'2016-06-28'),
 ('DSKI15000115','DSKI150174','CHAMPIKA BEDI',860,1,860,'2016-06-28'),
 ('DSKI15000115','DSKI150175','A K SURUTTU',395,2,790,'2016-06-28'),
 ('DSKI15000115','DSKI150185','TIKIRI MARIE 100g',25,60,1470,'2016-06-28'),
 ('DSKI15000115','DSKI150186','TIKIRI MARIE 400g',460,2,920,'2016-06-28'),
 ('DSKI15000115','DSKI150189','CHOCOLATE MARIE 100g',35,20,700,'2016-06-28'),
 ('DSKI15000115','DSKI150191','CREAM CRACKER 50/=',43,48,2040,'2016-06-28'),
 ('DSKI15000115','DSKI150192','CREAM CRACKER 75/=',64,30,1920,'2016-06-28'),
 ('DSKI15000115','DSKI150193','CREAM CRACKER 100/=',85,16,1360,'2016-06-28'),
 ('DSKI15000115','DSKI150194','CREAM CRACKER 175/=',590,2,1180,'2016-06-28'),
 ('DSKI15000115','DSKI150199','CHOCALATE CREAM 100g',41,50,2050,'2016-06-28');
INSERT INTO `invoice` (`invoice_no`,`iid`,`item_name`,`unit_price`,`qty`,`netamount`,`date`) VALUES 
 ('DSKI15000115','DSKI150200','CHOCALATE CREAM 400g',645,3,1935,'2016-06-28'),
 ('DSKI15000115','DSKI150202','GINGER 400g',580,1,580,'2016-06-28'),
 ('DSKI15000115','DSKI150205','WAFERS 100g(C/V/L)',42,24,1008,'2016-06-28'),
 ('DSKI15000115','DSKI150206','WAFERS 400g(C/V/L)',460,2,920,'2016-06-28'),
 ('DSKI15000115','DSKI150211','TIPPIN 70/=(G / B)',61,24,1464,'2016-06-28'),
 ('DSKI15000115','DSKI150213','SHORTIES 400g(D /MIC /LU)',280,5,1400,'2016-06-28'),
 ('DSKI15000115','DSKI150231','LANKA SOYA 30/=',22,50,1100,'2016-06-28'),
 ('DSKI15000115','DSKI150232','HAWAIN COOKIES 100/=',86,10,860,'2016-06-28'),
 ('DSKI15000115','DSKI150233','MSC  100/=',86,10,860,'2016-06-28'),
 ('DSKI15000115','DSKI150235','NESTOMALT 175g',140,6,840,'2016-06-28'),
 ('DSKI15000115','DSKI150240','ONION BISCUT 20/=',480,1,480,'2016-06-28'),
 ('DSKI15000115','DSKI150241','DIVA W/P 1KG 150/=',130,5,650,'2016-06-28'),
 ('DSKI15000115','DSKI150257','SUPIRI SAMAN',120,24,2880,'2016-06-28');
INSERT INTO `invoice` (`invoice_no`,`iid`,`item_name`,`unit_price`,`qty`,`netamount`,`date`) VALUES 
 ('DSKI15000115','DSKI150260','DIAMOND (mID)',98,10,980,'2016-06-28'),
 ('DSKI15000115','DSKI150263','LANKA SOYA 70/=',55,25,1375,'2016-06-28'),
 ('DSKI15000116','DSKI150002','ANCHOR 400g',308,3,924,'2016-06-28'),
 ('DSKI15000116','DSKI150005','RATTHI 400g',308,6,1848,'2016-06-28'),
 ('DSKI15000116','DSKI150018','NESTAMOLT 400g',270,6,1620,'2016-06-28'),
 ('DSKI15000116','DSKI150020','NESTAMOLT SH.25/=',23,30,690,'2016-06-28'),
 ('DSKI15000116','DSKI150021','VIVA 400g',255,3,765,'2016-06-28'),
 ('DSKI15000116','DSKI150061','SAMAHAN',490,1,490,'2016-06-28'),
 ('DSKI15000116','DSKI150070','BIC BLAD',80,3,240,'2016-06-28'),
 ('DSKI15000116','DSKI150103','DIAMOND(S)',65,12,780,'2016-06-28'),
 ('DSKI15000116','DSKI150107','RASAMALU SAMON',125,6,750,'2016-06-28'),
 ('DSKI15000116','DSKI150118','TOFFIE 1/=',90,2,180,'2016-06-28'),
 ('DSKI15000116','DSKI150121','BUBBLE GUM',125,1,125,'2016-06-28'),
 ('DSKI15000116','DSKI150122','CENTRE FRUIT',235,1,235,'2016-06-28');
INSERT INTO `invoice` (`invoice_no`,`iid`,`item_name`,`unit_price`,`qty`,`netamount`,`date`) VALUES 
 ('DSKI15000116','DSKI150136','JELLY 5/=',55,2,110,'2016-06-28'),
 ('DSKI15000116','DSKI150235','NESTOMALT 175g',140,3,420,'2016-06-28'),
 ('DSKI15000117','DSKI150003','ANCHOR 1kg',770,2,1540,'2016-06-28'),
 ('DSKI15000117','DSKI150005','RATTHI 400g',308,6,1848,'2016-06-28'),
 ('DSKI15000117','DSKI150012','MALIBAN 400g',300,3,900,'2016-06-28'),
 ('DSKI15000117','DSKI150018','NESTAMOLT 400g',270,12,3240,'2016-06-28'),
 ('DSKI15000117','DSKI150021','VIVA 400g',255,6,1530,'2016-06-28'),
 ('DSKI15000117','DSKI150031','DETOL SOAP',40,24,960,'2016-06-28'),
 ('DSKI15000117','DSKI150038','VIM 100g',18,24,432,'2016-06-28'),
 ('DSKI15000117','DSKI150044','CEYLONTA 50g',50,12,600,'2016-06-28'),
 ('DSKI15000117','DSKI150045','CEYLONTA 100g',100,6,600,'2016-06-28'),
 ('DSKI15000117','DSKI150046','WATAWALA 50g',47,40,1880,'2016-06-28'),
 ('DSKI15000117','DSKI150047','WATAWALA 100g',95,24,2280,'2016-06-28'),
 ('DSKI15000117','DSKI150054','MAGGI NOODLES 30/=',26,12,312,'2016-06-28');
INSERT INTO `invoice` (`invoice_no`,`iid`,`item_name`,`unit_price`,`qty`,`netamount`,`date`) VALUES 
 ('DSKI15000117','DSKI150056','MAGGI NOODLES 50/=',45,24,1080,'2016-06-28'),
 ('DSKI15000117','DSKI150057','KOTTU MEE',45,12,540,'2016-06-28'),
 ('DSKI15000117','DSKI150059','PANADOL',370,2,740,'2016-06-28'),
 ('DSKI15000117','DSKI150060','PNADOL SYRUP',145,2,290,'2016-06-28'),
 ('DSKI15000117','DSKI150080','GILLETTE',40,18,720,'2016-06-28'),
 ('DSKI15000117','DSKI150085','SIGNAL 40g',36,24,864,'2016-06-28'),
 ('DSKI15000117','DSKI150092','SUDANTHA 40g',52,12,624,'2016-06-28'),
 ('DSKI15000117','DSKI150099','DENTA BRUSH',36,36,1296,'2016-06-28'),
 ('DSKI15000117','DSKI150107','RASAMALU SAMON',122,24,2928,'2016-06-28'),
 ('DSKI15000117','DSKI150122','CENTRE FRUIT',235,2,470,'2016-06-28'),
 ('DSKI15000117','DSKI150124','5/= PIECE (CA/MU/TM/KI/LAY/ID/POL)',160,1,160,'2016-06-28'),
 ('DSKI15000117','DSKI150136','JELLY 5/=',55,2,110,'2016-06-28'),
 ('DSKI15000117','DSKI150142','SIX O CLOCK 20/=',170,1,170,'2016-06-28'),
 ('DSKI15000117','DSKI150151','REKHA PAPADAM',33,40,1300,'2016-06-28');
INSERT INTO `invoice` (`invoice_no`,`iid`,`item_name`,`unit_price`,`qty`,`netamount`,`date`) VALUES 
 ('DSKI15000117','DSKI150220','LIFE BOUY SHAMPOO SH P 5/=',4,60,255,'2016-06-28'),
 ('DSKI15000117','DSKI150243','VELVET 50/=',43,24,1032,'2016-06-28'),
 ('DSKI15000117','DSKI150249','LOLLY POP 5/=',350,1,350,'2016-06-28'),
 ('DSKI15000117','DSKI150250','TIPI TIP (MIC) 10/=',280,1,280,'2016-06-28'),
 ('DSKI15000118','DSKI150005','RATTHI 400g',307,12,3684,'2016-06-28'),
 ('DSKI15000119','DSKI150002','ANCHOR 400g',308,2,616,'2016-06-28'),
 ('DSKI15000119','DSKI150005','RATTHI 400g',308,2,616,'2016-06-28'),
 ('DSKI15000119','DSKI150009','NESPRAY 400g',303,3,909,'2016-06-28'),
 ('DSKI15000119','DSKI150018','NESTAMOLT 400g',270,3,810,'2016-06-28'),
 ('DSKI15000119','DSKI150026','KHOMBA SOAP',35,6,210,'2016-06-28'),
 ('DSKI15000119','DSKI150033','DELMA LIGHT SOAP',20,12,240,'2016-06-28'),
 ('DSKI15000119','DSKI150037','PEARS BABY (P/R/H)',44,12,528,'2016-06-28'),
 ('DSKI15000119','DSKI150038','VIM 100g',18,12,216,'2016-06-28'),
 ('DSKI15000119','DSKI150052','SAMAPOSA 200g',51,25,1275,'2016-06-28');
INSERT INTO `invoice` (`invoice_no`,`iid`,`item_name`,`unit_price`,`qty`,`netamount`,`date`) VALUES 
 ('DSKI15000119','DSKI150057','KOTTU MEE',45,12,540,'2016-06-28'),
 ('DSKI15000119','DSKI150059','PANADOL',370,2,740,'2016-06-28'),
 ('DSKI15000119','DSKI150060','PNADOL SYRUP',145,3,435,'2016-06-28'),
 ('DSKI15000119','DSKI150062','ASAMODAGAM',58,6,348,'2016-06-28'),
 ('DSKI15000119','DSKI150082','PANASONIC BATTRY',60,6,360,'2016-06-28'),
 ('DSKI15000119','DSKI150097','SIGNAL BRUSH',37,24,888,'2016-06-28'),
 ('DSKI15000119','DSKI150106','DIAMOND JACK',127,6,762,'2016-06-28'),
 ('DSKI15000119','DSKI150109','BUDDY SHOPPIN',85,5,425,'2016-06-28'),
 ('DSKI15000119','DSKI150111','3/= SHOPPIN',210,1,210,'2016-06-28'),
 ('DSKI15000119','DSKI150116','GROCERY (7x10)',280,1,280,'2016-06-28'),
 ('DSKI15000119','DSKI150117','LUNCH SHEET',220,2,440,'2016-06-28'),
 ('DSKI15000119','DSKI150124','5/= PIECE (CA/MU/TM/KI/LAY/ID/POL)',160,4,640,'2016-06-28'),
 ('DSKI15000119','DSKI150136','JELLY 5/=',55,2,110,'2016-06-28'),
 ('DSKI15000119','DSKI150138','MASMELOS 5/=',170,1,170,'2016-06-28');
INSERT INTO `invoice` (`invoice_no`,`iid`,`item_name`,`unit_price`,`qty`,`netamount`,`date`) VALUES 
 ('DSKI15000119','DSKI150139','PEPERMINT',170,1,170,'2016-06-28'),
 ('DSKI15000119','DSKI150143','HANDUNKURU 50/=(R/P)',420,1,420,'2016-06-28'),
 ('DSKI15000119','DSKI150145','SOORYA MATCH',630,1,630,'2016-06-28'),
 ('DSKI15000119','DSKI150150','ORANGE BULB(40/60/75/100 W)',60,6,360,'2016-06-28'),
 ('DSKI15000119','DSKI150163','DIVA WP 400g',54,6,324,'2016-06-28'),
 ('DSKI15000119','DSKI150167','SUNLIGHT WP 400g',64,6,384,'2016-06-28'),
 ('DSKI15000119','DSKI150176','PAHANTHIRA 5/=',230,1,230,'2016-06-28'),
 ('DSKI15000119','DSKI150185','TIKIRI MARIE 100g',25,12,300,'2016-06-28'),
 ('DSKI15000119','DSKI150191','CREAM CRACKER 50/=',44,6,264,'2016-06-28'),
 ('DSKI15000119','DSKI150193','CREAM CRACKER 100/=',85,8,680,'2016-06-28'),
 ('DSKI15000119','DSKI150194','CREAM CRACKER 175/=',590,1,590,'2016-06-28'),
 ('DSKI15000119','DSKI150198','CHOCOLATE PUFF(L)',88,6,528,'2016-06-28'),
 ('DSKI15000119','DSKI150200','CHOCALATE CREAM 400g',650,1,650,'2016-06-28'),
 ('DSKI15000119','DSKI150204','NICE 400g',580,1,580,'2016-06-28');
INSERT INTO `invoice` (`invoice_no`,`iid`,`item_name`,`unit_price`,`qty`,`netamount`,`date`) VALUES 
 ('DSKI15000119','DSKI150206','WAFERS 400g(C/V/L)',460,1,460,'2016-06-28'),
 ('DSKI15000119','DSKI150207','HAWAIN COKIES 50/=',43,6,258,'2016-06-28'),
 ('DSKI15000119','DSKI150211','TIPPIN 70/=(G / B)',61,6,366,'2016-06-28'),
 ('DSKI15000119','DSKI150212','MUNCHEE SHORTIES 400g',405,3,1215,'2016-06-28'),
 ('DSKI15000119','DSKI150220','LIFE BOUY SHAMPOO SH P 5/=',5,60,270,'2016-06-28'),
 ('DSKI15000119','DSKI150221','DANDEX SHAMPOO SH 5/=',4,60,255,'2016-06-28'),
 ('DSKI15000119','DSKI150224','MSC 45/=',39,6,234,'2016-06-28'),
 ('DSKI15000119','DSKI150231','LANKA SOYA 30/=',22,50,1100,'2016-06-28'),
 ('DSKI15000119','DSKI150233','MSC  100/=',87,6,522,'2016-06-28'),
 ('DSKI15000119','DSKI150249','LOLLY POP 5/=',350,1,350,'2016-06-28'),
 ('DSKI15000119','DSKI150250','TIPI TIP (MIC) 10/=',280,1,280,'2016-06-28'),
 ('DSKI15000120','DSKI150002','ANCHOR 400g',310,3,930,'2016-06-28'),
 ('DSKI15000120','DSKI150005','RATTHI 400g',310,6,1860,'2016-06-28'),
 ('DSKI15000120','DSKI150009','NESPRAY 400g',300,3,900,'2016-06-28');
INSERT INTO `invoice` (`invoice_no`,`iid`,`item_name`,`unit_price`,`qty`,`netamount`,`date`) VALUES 
 ('DSKI15000120','DSKI150019','NESTAMOLT WEL 400g',260,6,1560,'2016-06-28'),
 ('DSKI15000120','DSKI150020','NESTAMOLT SH.25/=',23,15,345,'2016-06-28'),
 ('DSKI15000120','DSKI150021','VIVA 400g',255,3,765,'2016-06-28'),
 ('DSKI15000120','DSKI150023','VIVA SH.25/=',23,12,276,'2016-06-28'),
 ('DSKI15000120','DSKI150025','LIFE BOUY SOAP',43,12,516,'2016-06-28'),
 ('DSKI15000120','DSKI150030','LUX SOAP',43,12,516,'2016-06-28'),
 ('DSKI15000120','DSKI150033','DELMA LIGHT SOAP',20,24,480,'2016-06-28'),
 ('DSKI15000120','DSKI150049','ZENRA 50g',46,15,690,'2016-06-28'),
 ('DSKI15000120','DSKI150054','MAGGI NOODLES 30/=',26,6,156,'2016-06-28'),
 ('DSKI15000120','DSKI150056','MAGGI NOODLES 50/=',45,6,270,'2016-06-28'),
 ('DSKI15000120','DSKI150057','KOTTU MEE',45,6,270,'2016-06-28'),
 ('DSKI15000120','DSKI150058','PRIMA NOODELES 168/=',148,3,444,'2016-06-28'),
 ('DSKI15000120','DSKI150059','PANADOL',370,1,370,'2016-06-28'),
 ('DSKI15000120','DSKI150060','PNADOL SYRUP',145,3,435,'2016-06-28');
INSERT INTO `invoice` (`invoice_no`,`iid`,`item_name`,`unit_price`,`qty`,`netamount`,`date`) VALUES 
 ('DSKI15000120','DSKI150062','ASAMODAGAM',60,3,180,'2016-06-28'),
 ('DSKI15000120','DSKI150068','BIC EASY2',46,12,552,'2016-06-28'),
 ('DSKI15000120','DSKI150085','SIGNAL 40g',36,6,216,'2016-06-28'),
 ('DSKI15000120','DSKI150101','NINJA COIL',56,12,672,'2016-06-28'),
 ('DSKI15000120','DSKI150107','RASAMALU SAMON',125,12,1500,'2016-06-28'),
 ('DSKI15000120','DSKI150109','BUDDY SHOPPIN',85,2,170,'2016-06-28'),
 ('DSKI15000120','DSKI150110','2/= SHOPPIN',150,1,150,'2016-06-28'),
 ('DSKI15000120','DSKI150118','TOFFIE 1/=',90,2,180,'2016-06-28'),
 ('DSKI15000120','DSKI150124','5/= PIECE (CA/MU/TM/KI/LAY/ID/POL)',160,1,160,'2016-06-28'),
 ('DSKI15000120','DSKI150137','JELLY 10/=',350,1,350,'2016-06-28'),
 ('DSKI15000120','DSKI150144','AMRITHA 80/= (O/R/B/H/J)',740,1,740,'2016-06-28'),
 ('DSKI15000120','DSKI150150','ORANGE BULB(40/60/75/100 W)',60,12,720,'2016-06-28'),
 ('DSKI15000120','DSKI150174','CHAMPIKA BEDI',860,4,3440,'2016-06-28'),
 ('DSKI15000120','DSKI150183','KUMARIKA H/O 150/=',127,3,381,'2016-06-28');
INSERT INTO `invoice` (`invoice_no`,`iid`,`item_name`,`unit_price`,`qty`,`netamount`,`date`) VALUES 
 ('DSKI15000120','DSKI150213','SHORTIES 400g(D /MIC /LU)',290,2,580,'2016-06-28'),
 ('DSKI15000120','DSKI150231','LANKA SOYA 30/=',24,12,288,'2016-06-28'),
 ('DSKI15000120','DSKI150243','VELVET 50/=',44,12,528,'2016-06-28'),
 ('DSKI15000120','DSKI150255','GODRIJ HAIR DIE',325,1,325,'2016-06-28'),
 ('DSKI15000120','DSKI150260','DIAMOND (mID)',98,6,588,'2016-06-28'),
 ('DSKI15000121','DSKI150009','NESPRAY 400g',300,6,1800,'2016-06-28'),
 ('DSKI15000121','DSKI150011','NESPRAY SH.18/=',17,90,1485,'2016-06-28'),
 ('DSKI15000121','DSKI150021','VIVA 400g',255,6,1530,'2016-06-28'),
 ('DSKI15000121','DSKI150035','KHOMBA BABY (R/W)',38,12,456,'2016-06-28'),
 ('DSKI15000121','DSKI150036','CHERAMY BABY (O/N)',37,24,888,'2016-06-28'),
 ('DSKI15000121','DSKI150037','PEARS BABY (P/R/H)',43,24,1032,'2016-06-28'),
 ('DSKI15000121','DSKI150052','SAMAPOSA 200g',52,12,624,'2016-06-28'),
 ('DSKI15000121','DSKI150054','MAGGI NOODLES 30/=',26,18,468,'2016-06-28'),
 ('DSKI15000121','DSKI150056','MAGGI NOODLES 50/=',45,20,900,'2016-06-28');
INSERT INTO `invoice` (`invoice_no`,`iid`,`item_name`,`unit_price`,`qty`,`netamount`,`date`) VALUES 
 ('DSKI15000121','DSKI150065','SIDDALEPA 25/=',21,12,252,'2016-06-28'),
 ('DSKI15000121','DSKI150066','SIDDALEPA 40/=',34,12,408,'2016-06-28'),
 ('DSKI15000121','DSKI150089','CLOGURD 40g',35,24,840,'2016-06-28'),
 ('DSKI15000121','DSKI150090','CLOGURD 70g',62,6,372,'2016-06-28'),
 ('DSKI15000121','DSKI150107','RASAMALU SAMON',123,24,2952,'2016-06-28'),
 ('DSKI15000121','DSKI150124','5/= PIECE (CA/MU/TM/KI/LAY/ID/POL)',160,2,320,'2016-06-28'),
 ('DSKI15000121','DSKI150137','JELLY 10/=',350,1,350,'2016-06-28'),
 ('DSKI15000121','DSKI150142','SIX O CLOCK 20/=',170,3,510,'2016-06-28'),
 ('DSKI15000121','DSKI150145','SOORYA MATCH',630,2,1260,'2016-06-28'),
 ('DSKI15000121','DSKI150156','SUNSILK SHAMPOO SH.(B/R/O/Y/BR)',6,84,504,'2016-06-28'),
 ('DSKI15000121','DSKI150158','LIFE BOUY SHAMPOO SH.(B/P/G)',5,60,315,'2016-06-28'),
 ('DSKI15000121','DSKI150174','CHAMPIKA BEDI',860,2,1720,'2016-06-28'),
 ('DSKI15000121','DSKI150183','KUMARIKA H/O 150/=',126,3,378,'2016-06-28');
INSERT INTO `invoice` (`invoice_no`,`iid`,`item_name`,`unit_price`,`qty`,`netamount`,`date`) VALUES 
 ('DSKI15000121','DSKI150192','CREAM CRACKER 75/=',65,15,975,'2016-06-28'),
 ('DSKI15000121','DSKI150193','CREAM CRACKER 100/=',85,8,680,'2016-06-28'),
 ('DSKI15000121','DSKI150194','CREAM CRACKER 175/=',590,1,590,'2016-06-28'),
 ('DSKI15000121','DSKI150199','CHOCALATE CREAM 100g',42,25,1050,'2016-06-28'),
 ('DSKI15000121','DSKI150205','WAFERS 100g(C/V/L)',43,15,645,'2016-06-28'),
 ('DSKI15000121','DSKI150221','DANDEX SHAMPOO SH 5/=',4,60,255,'2016-06-28'),
 ('DSKI15000121','DSKI150234','KUMARIKA H/OIL 145/=',125,3,375,'2016-06-28'),
 ('DSKI15000121','DSKI150249','LOLLY POP 5/=',330,1,330,'2016-06-28'),
 ('DSKI15000121','DSKI150255','GODRIJ HAIR DIE',300,3,900,'2016-06-28'),
 ('DSKI15000122','DSKI150002','ANCHOR 400g',307,10,3070,'2016-06-29'),
 ('DSKI15000122','DSKI150004','RATTHI 250g',192,10,1920,'2016-06-29'),
 ('DSKI15000122','DSKI150005','RATTHI 400g',307,20,6140,'2016-06-29'),
 ('DSKI15000122','DSKI150018','NESTAMOLT 400g',267,15,4005,'2016-06-29'),
 ('DSKI15000122','DSKI150020','NESTAMOLT SH.25/=',23,30,690,'2016-06-29');
INSERT INTO `invoice` (`invoice_no`,`iid`,`item_name`,`unit_price`,`qty`,`netamount`,`date`) VALUES 
 ('DSKI15000122','DSKI150023','VIVA SH.25/=',23,24,552,'2016-06-29'),
 ('DSKI15000122','DSKI150029','VELVET SOAP',39,54,2106,'2016-06-29'),
 ('DSKI15000122','DSKI150030','LUX SOAP',42,48,1992,'2016-06-29'),
 ('DSKI15000122','DSKI150052','SAMAPOSA 200g',51,25,1275,'2016-06-29'),
 ('DSKI15000122','DSKI150054','MAGGI NOODLES 30/=',26,24,624,'2016-06-29'),
 ('DSKI15000122','DSKI150056','MAGGI NOODLES 50/=',44,50,2200,'2016-06-29'),
 ('DSKI15000122','DSKI150057','KOTTU MEE',44,80,3520,'2016-06-29'),
 ('DSKI15000122','DSKI150059','PANADOL',365,5,1825,'2016-06-29'),
 ('DSKI15000122','DSKI150085','SIGNAL 40g',36,30,1080,'2016-06-29'),
 ('DSKI15000122','DSKI150101','NINJA COIL',55,10,550,'2016-06-29'),
 ('DSKI15000122','DSKI150102','NILMA LIQUID',215,2,430,'2016-06-29'),
 ('DSKI15000122','DSKI150107','RASAMALU SAMON',122,72,8784,'2016-06-29'),
 ('DSKI15000122','DSKI150110','2/= SHOPPIN',140,5,700,'2016-06-29'),
 ('DSKI15000122','DSKI150115','GROCERY (7x5)',180,2,360,'2016-06-29');
INSERT INTO `invoice` (`invoice_no`,`iid`,`item_name`,`unit_price`,`qty`,`netamount`,`date`) VALUES 
 ('DSKI15000122','DSKI150116','GROCERY (7x10)',280,2,560,'2016-06-29'),
 ('DSKI15000122','DSKI150117','LUNCH SHEET',210,6,1260,'2016-06-29'),
 ('DSKI15000122','DSKI150118','TOFFIE 1/=',85,5,425,'2016-06-29'),
 ('DSKI15000122','DSKI150119','MYLADY',240,2,480,'2016-06-29'),
 ('DSKI15000122','DSKI150125','WAFER CHOCKS',195,1,195,'2016-06-29'),
 ('DSKI15000122','DSKI150129','CHOCALATE 20/=',380,2,760,'2016-06-29'),
 ('DSKI15000122','DSKI150132','CHOCALATE 50/=',470,2,940,'2016-06-29'),
 ('DSKI15000122','DSKI150141','HANDUNKURU 10/=',55,3,165,'2016-06-29'),
 ('DSKI15000122','DSKI150147','EVA ROSE',88,24,2112,'2016-06-29'),
 ('DSKI15000122','DSKI150149','AMEENS HAIR DIE',360,3,1080,'2016-06-29'),
 ('DSKI15000122','DSKI150156','SUNSILK SHAMPOO SH.(B/R/O/Y/BR)',6,120,720,'2016-06-29'),
 ('DSKI15000122','DSKI150158','LIFE BOUY SHAMPOO SH.(B/P/G)',5,120,630,'2016-06-29'),
 ('DSKI15000122','DSKI150162','DIVA WP 200g',35,30,1050,'2016-06-29'),
 ('DSKI15000122','DSKI150163','DIVA WP 400g',53,30,1590,'2016-06-29');
INSERT INTO `invoice` (`invoice_no`,`iid`,`item_name`,`unit_price`,`qty`,`netamount`,`date`) VALUES 
 ('DSKI15000122','DSKI150185','TIKIRI MARIE 100g',25,60,1470,'2016-06-29'),
 ('DSKI15000122','DSKI150191','CREAM CRACKER 50/=',43,48,2040,'2016-06-29'),
 ('DSKI15000122','DSKI150192','CREAM CRACKER 75/=',64,30,1920,'2016-06-29'),
 ('DSKI15000122','DSKI150193','CREAM CRACKER 100/=',85,24,2040,'2016-06-29'),
 ('DSKI15000122','DSKI150194','CREAM CRACKER 175/=',590,1,590,'2016-06-29'),
 ('DSKI15000122','DSKI150195','LEMON PUFF (S)',48,8,384,'2016-06-29'),
 ('DSKI15000122','DSKI150196','LEMON PUFF (L)',85,15,1275,'2016-06-29'),
 ('DSKI15000122','DSKI150197','CHOCOLATE PUFF(S)',48,7,336,'2016-06-29'),
 ('DSKI15000122','DSKI150198','CHOCOLATE PUFF(L)',85,15,1275,'2016-06-29'),
 ('DSKI15000122','DSKI150202','GINGER 400g',580,1,580,'2016-06-29'),
 ('DSKI15000122','DSKI150203','NICE 100g',39,15,585,'2016-06-29'),
 ('DSKI15000122','DSKI150204','NICE 400g',580,2,1160,'2016-06-29'),
 ('DSKI15000122','DSKI150212','MUNCHEE SHORTIES 400g',405,2,810,'2016-06-29'),
 ('DSKI15000122','DSKI150222','DANDEX SHAMPOO BOTTLE',105,10,1050,'2016-06-29');
INSERT INTO `invoice` (`invoice_no`,`iid`,`item_name`,`unit_price`,`qty`,`netamount`,`date`) VALUES 
 ('DSKI15000122','DSKI150233','MSC  100/=',87,15,1305,'2016-06-29'),
 ('DSKI15000122','DSKI150241','DIVA W/P 1KG 150/=',130,15,1950,'2016-06-29'),
 ('DSKI15000122','DSKI150243','VELVET 50/=',41,90,3690,'2016-06-29'),
 ('DSKI15000122','DSKI150254','DIVA 1kg (SEP)',125,9,1125,'2016-06-29'),
 ('DSKI15000122','DSKI150255','GODRIJ HAIR DIE',300,2,600,'2016-06-29'),
 ('DSKI15000122','DSKI150259','BABY COLONE 140/=',116,12,1392,'2016-06-29'),
 ('DSKI15000123','DSKI150005','RATTHI 400g',310,8,2480,'2016-06-29'),
 ('DSKI15000123','DSKI150018','NESTAMOLT 400g',272,6,1632,'2016-06-29'),
 ('DSKI15000123','DSKI150038','VIM 100g',18,12,216,'2016-06-29'),
 ('DSKI15000123','DSKI150051','SAMAPOSA 80g',25,12,300,'2016-06-29'),
 ('DSKI15000123','DSKI150052','SAMAPOSA 200g',53,12,636,'2016-06-29'),
 ('DSKI15000123','DSKI150056','MAGGI NOODLES 50/=',45,12,540,'2016-06-29'),
 ('DSKI15000123','DSKI150057','KOTTU MEE',46,6,276,'2016-06-29'),
 ('DSKI15000123','DSKI150059','PANADOL',375,1,375,'2016-06-29');
INSERT INTO `invoice` (`invoice_no`,`iid`,`item_name`,`unit_price`,`qty`,`netamount`,`date`) VALUES 
 ('DSKI15000123','DSKI150061','SAMAHAN',500,1,500,'2016-06-29'),
 ('DSKI15000123','DSKI150101','NINJA COIL',58,5,290,'2016-06-29'),
 ('DSKI15000123','DSKI150107','RASAMALU SAMON',127,12,1524,'2016-06-29'),
 ('DSKI15000123','DSKI150145','SOORYA MATCH',630,1,630,'2016-06-29'),
 ('DSKI15000123','DSKI150155','LANKA SOYA 65/=',55,15,825,'2016-06-29'),
 ('DSKI15000123','DSKI150163','DIVA WP 400g',54,12,648,'2016-06-29'),
 ('DSKI15000123','DSKI150174','CHAMPIKA BEDI',870,1,870,'2016-06-29'),
 ('DSKI15000123','DSKI150175','A K SURUTTU',410,1,410,'2016-06-29'),
 ('DSKI15000124','DSKI150002','ANCHOR 400g',307,6,1842,'2016-06-29'),
 ('DSKI15000124','DSKI150005','RATTHI 400g',307,6,1842,'2016-06-29'),
 ('DSKI15000124','DSKI150009','NESPRAY 400g',300,6,1800,'2016-06-29'),
 ('DSKI15000124','DSKI150021','VIVA 400g',245,36,8820,'2016-06-29'),
 ('DSKI15000124','DSKI150024','SUNLIGHT SOAP',37,180,6660,'2016-06-29'),
 ('DSKI15000124','DSKI150025','LIFE BOUY SOAP',42,147,6174,'2016-06-29');
INSERT INTO `invoice` (`invoice_no`,`iid`,`item_name`,`unit_price`,`qty`,`netamount`,`date`) VALUES 
 ('DSKI15000124','DSKI150030','LUX SOAP',41,144,5832,'2016-06-29'),
 ('DSKI15000124','DSKI150038','VIM 100g',17,144,2448,'2016-06-29'),
 ('DSKI15000124','DSKI150059','PANADOL',370,1,370,'2016-06-29'),
 ('DSKI15000124','DSKI150086','SIGNAL 70g',62,56,3472,'2016-06-29'),
 ('DSKI15000124','DSKI150088','SIGNAL 160g',112,12,1344,'2016-06-29'),
 ('DSKI15000124','DSKI150094','SUPIRIVIKI 40g',37,48,1776,'2016-06-29'),
 ('DSKI15000124','DSKI150102','NILMA LIQUID',215,2,430,'2016-06-29'),
 ('DSKI15000124','DSKI150106','DIAMOND JACK',124,24,2976,'2016-06-29'),
 ('DSKI15000124','DSKI150107','RASAMALU SAMON',122,24,2928,'2016-06-29'),
 ('DSKI15000124','DSKI150145','SOORYA MATCH',610,5,3050,'2016-06-29'),
 ('DSKI15000124','DSKI150151','REKHA PAPADAM',33,40,1300,'2016-06-29'),
 ('DSKI15000124','DSKI150155','LANKA SOYA 65/=',49,53,2597,'2016-06-29'),
 ('DSKI15000124','DSKI150156','SUNSILK SHAMPOO SH.(B/R/O/Y/BR)',6,120,720,'2016-06-29'),
 ('DSKI15000124','DSKI150158','LIFE BOUY SHAMPOO SH.(B/P/G)',5,120,630,'2016-06-29');
INSERT INTO `invoice` (`invoice_no`,`iid`,`item_name`,`unit_price`,`qty`,`netamount`,`date`) VALUES 
 ('DSKI15000124','DSKI150163','DIVA WP 400g',53,25,1325,'2016-06-29'),
 ('DSKI15000124','DSKI150166','SUNLIGHT WP 200g',31,25,775,'2016-06-29'),
 ('DSKI15000124','DSKI150167','SUNLIGHT WP 400g',63,50,3150,'2016-06-29'),
 ('DSKI15000124','DSKI150220','LIFE BOUY SHAMPOO SH P 5/=',4,60,255,'2016-06-29'),
 ('DSKI15000124','DSKI150243','VELVET 50/=',41,144,5832,'2016-06-29'),
 ('DSKI15000125','DSKI150002','ANCHOR 400g',307,3,921,'2016-06-29'),
 ('DSKI15000125','DSKI150005','RATTHI 400g',307,3,921,'2016-06-29'),
 ('DSKI15000125','DSKI150018','NESTAMOLT 400g',270,3,810,'2016-06-29'),
 ('DSKI15000125','DSKI150021','VIVA 400g',265,2,530,'2016-06-29'),
 ('DSKI15000125','DSKI150025','LIFE BOUY SOAP',43,12,516,'2016-06-29'),
 ('DSKI15000125','DSKI150030','LUX SOAP',43,6,258,'2016-06-29'),
 ('DSKI15000125','DSKI150043','LA O JEE 100g',93,6,558,'2016-06-29'),
 ('DSKI15000125','DSKI150052','SAMAPOSA 200g',52,6,312,'2016-06-29'),
 ('DSKI15000125','DSKI150056','MAGGI NOODLES 50/=',45,12,540,'2016-06-29');
INSERT INTO `invoice` (`invoice_no`,`iid`,`item_name`,`unit_price`,`qty`,`netamount`,`date`) VALUES 
 ('DSKI15000125','DSKI150057','KOTTU MEE',45,12,540,'2016-06-29'),
 ('DSKI15000125','DSKI150068','BIC EASY2',45,6,270,'2016-06-29'),
 ('DSKI15000125','DSKI150080','GILLETTE',40,6,240,'2016-06-29'),
 ('DSKI15000125','DSKI150097','SIGNAL BRUSH',38,12,456,'2016-06-29'),
 ('DSKI15000125','DSKI150101','NINJA COIL',55,10,550,'2016-06-29'),
 ('DSKI15000125','DSKI150119','MYLADY',240,1,240,'2016-06-29'),
 ('DSKI15000125','DSKI150122','CENTRE FRUIT',235,2,470,'2016-06-29'),
 ('DSKI15000125','DSKI150124','5/= PIECE (CA/MU/TM/KI/LAY/ID/POL)',160,3,480,'2016-06-29'),
 ('DSKI15000125','DSKI150140','MILLO',39,42,1638,'2016-06-29'),
 ('DSKI15000125','DSKI150145','SOORYA MATCH',620,1,620,'2016-06-29'),
 ('DSKI15000125','DSKI150147','EVA ROSE',90,6,540,'2016-06-29'),
 ('DSKI15000125','DSKI150161','DIVA WP 70g',9,30,270,'2016-06-29'),
 ('DSKI15000125','DSKI150185','TIKIRI MARIE 100g',25,12,300,'2016-06-29'),
 ('DSKI15000125','DSKI150192','CREAM CRACKER 75/=',65,6,390,'2016-06-29');
INSERT INTO `invoice` (`invoice_no`,`iid`,`item_name`,`unit_price`,`qty`,`netamount`,`date`) VALUES 
 ('DSKI15000125','DSKI150197','CHOCOLATE PUFF(S)',48,3,144,'2016-06-29'),
 ('DSKI15000125','DSKI150198','CHOCOLATE PUFF(L)',88,3,264,'2016-06-29'),
 ('DSKI15000125','DSKI150207','HAWAIN COKIES 50/=',43,6,258,'2016-06-29'),
 ('DSKI15000125','DSKI150216','WAFERS 110/=(C / S / L / V)',510,3,1530,'2016-06-29'),
 ('DSKI15000125','DSKI150232','HAWAIN COOKIES 100/=',87,6,522,'2016-06-29'),
 ('DSKI15000126','DSKI150005','RATTHI 400g',308,2,616,'2016-06-30'),
 ('DSKI15000126','DSKI150011','NESPRAY SH.18/=',17,30,495,'2016-06-30'),
 ('DSKI15000126','DSKI150022','VIVA WEL 400g',250,3,750,'2016-06-30'),
 ('DSKI15000126','DSKI150024','SUNLIGHT SOAP',37,72,2664,'2016-06-30'),
 ('DSKI15000126','DSKI150025','LIFE BOUY SOAP',43,48,2064,'2016-06-30'),
 ('DSKI15000126','DSKI150028','VENIVAL',38,6,228,'2016-06-30'),
 ('DSKI15000126','DSKI150033','DELMA LIGHT SOAP',20,12,240,'2016-06-30'),
 ('DSKI15000126','DSKI150038','VIM 100g',18,15,270,'2016-06-30'),
 ('DSKI15000126','DSKI150042','LA O JEE 50g',48,60,2880,'2016-06-30');
INSERT INTO `invoice` (`invoice_no`,`iid`,`item_name`,`unit_price`,`qty`,`netamount`,`date`) VALUES 
 ('DSKI15000126','DSKI150056','MAGGI NOODLES 50/=',45,6,270,'2016-06-30'),
 ('DSKI15000126','DSKI150057','KOTTU MEE',45,6,270,'2016-06-30'),
 ('DSKI15000126','DSKI150058','PRIMA NOODELES 168/=',148,6,888,'2016-06-30'),
 ('DSKI15000126','DSKI150059','PANADOL',370,1,370,'2016-06-30'),
 ('DSKI15000126','DSKI150086','SIGNAL 70g',62,15,930,'2016-06-30'),
 ('DSKI15000126','DSKI150090','CLOGURD 70g',62,4,248,'2016-06-30'),
 ('DSKI15000126','DSKI150092','SUDANTHA 40g',53,6,318,'2016-06-30'),
 ('DSKI15000126','DSKI150101','NINJA COIL',56,10,560,'2016-06-30'),
 ('DSKI15000126','DSKI150103','DIAMOND(S)',65,6,390,'2016-06-30'),
 ('DSKI15000126','DSKI150106','DIAMOND JACK',125,6,750,'2016-06-30'),
 ('DSKI15000126','DSKI150109','BUDDY SHOPPIN',80,3,240,'2016-06-30'),
 ('DSKI15000126','DSKI150110','2/= SHOPPIN',150,2,300,'2016-06-30'),
 ('DSKI15000126','DSKI150116','GROCERY (7x10)',300,1,300,'2016-06-30'),
 ('DSKI15000126','DSKI150117','LUNCH SHEET',225,1,225,'2016-06-30');
INSERT INTO `invoice` (`invoice_no`,`iid`,`item_name`,`unit_price`,`qty`,`netamount`,`date`) VALUES 
 ('DSKI15000126','DSKI150118','TOFFIE 1/=',90,1,90,'2016-06-30'),
 ('DSKI15000126','DSKI150126','JUJUBBS 2/=',380,1,380,'2016-06-30'),
 ('DSKI15000126','DSKI150141','HANDUNKURU 10/=',60,1,60,'2016-06-30'),
 ('DSKI15000126','DSKI150142','SIX O CLOCK 20/=',170,1,170,'2016-06-30'),
 ('DSKI15000126','DSKI150144','AMRITHA 80/= (O/R/B/H/J)',740,1,740,'2016-06-30'),
 ('DSKI15000126','DSKI150151','REKHA PAPADAM',33,40,1300,'2016-06-30'),
 ('DSKI15000126','DSKI150152','REKHA NOODELES 500g',70,10,700,'2016-06-30'),
 ('DSKI15000126','DSKI150155','LANKA SOYA 65/=',53,6,318,'2016-06-30'),
 ('DSKI15000126','DSKI150157','SUNSILK SHAMPOO BOT.(B/R/O/Y/BR)',125,6,750,'2016-06-30'),
 ('DSKI15000126','DSKI150159','LIFE BOUY SHAMPOO BOT.(B/G)',100,8,800,'2016-06-30'),
 ('DSKI15000126','DSKI150160','LIFE BOUY SHAMPOO BOT.(P)',95,4,380,'2016-06-30'),
 ('DSKI15000126','DSKI150164','DIVA WP 1kg',125,2,250,'2016-06-30'),
 ('DSKI15000126','DSKI150165','SUNLIGHT WP 10/=',9,114,1026,'2016-06-30');
INSERT INTO `invoice` (`invoice_no`,`iid`,`item_name`,`unit_price`,`qty`,`netamount`,`date`) VALUES 
 ('DSKI15000126','DSKI150166','SUNLIGHT WP 200g',31,22,682,'2016-06-30'),
 ('DSKI15000126','DSKI150167','SUNLIGHT WP 400g',64,12,768,'2016-06-30'),
 ('DSKI15000126','DSKI150174','CHAMPIKA BEDI',860,1,860,'2016-06-30'),
 ('DSKI15000126','DSKI150175','A K SURUTTU',400,1,400,'2016-06-30'),
 ('DSKI15000126','DSKI150185','TIKIRI MARIE 100g',25,76,1900,'2016-06-30'),
 ('DSKI15000126','DSKI150190','CHOCOLATE MARIE 400g',650,1,650,'2016-06-30'),
 ('DSKI15000126','DSKI150195','LEMON PUFF (S)',48,6,288,'2016-06-30'),
 ('DSKI15000126','DSKI150200','CHOCALATE CREAM 400g',650,1,650,'2016-06-30'),
 ('DSKI15000126','DSKI150219','TIPI TIP  50/=',36,24,864,'2016-06-30'),
 ('DSKI15000126','DSKI150232','HAWAIN COOKIES 100/=',87,6,522,'2016-06-30'),
 ('DSKI15000126','DSKI150248','BUTTER CAROL 45/=',38,12,456,'2016-06-30'),
 ('DSKI15000127','DSKI150005','RATTHI 400g',308,4,1232,'2016-06-30'),
 ('DSKI15000127','DSKI150018','NESTAMOLT 400g',263,80,21040,'2016-06-30'),
 ('DSKI15000127','DSKI150019','NESTAMOLT WEL 400g',253,40,10120,'2016-06-30');
INSERT INTO `invoice` (`invoice_no`,`iid`,`item_name`,`unit_price`,`qty`,`netamount`,`date`) VALUES 
 ('DSKI15000127','DSKI150038','VIM 100g',17,144,2448,'2016-06-30'),
 ('DSKI15000127','DSKI150042','LA O JEE 50g',45,270,12150,'2016-06-30'),
 ('DSKI15000127','DSKI150059','PANADOL',355,48,17040,'2016-06-30'),
 ('DSKI15000127','DSKI150101','NINJA COIL',53,24,1272,'2016-06-30'),
 ('DSKI15000127','DSKI150117','LUNCH SHEET',225,10,2250,'2016-06-30'),
 ('DSKI15000127','DSKI150142','SIX O CLOCK 20/=',138,300,41400,'2016-06-30'),
 ('DSKI15000127','DSKI150143','HANDUNKURU 50/=(R/P)',420,10,4200,'2016-06-30'),
 ('DSKI15000127','DSKI150144','AMRITHA 80/= (O/R/B/H/J)',725,6,4350,'2016-06-30'),
 ('DSKI15000127','DSKI150151','REKHA PAPADAM',35,12,420,'2016-06-30'),
 ('DSKI15000128','DSKI150001','ANCHOR 250g',193,3,579,'2016-07-01'),
 ('DSKI15000128','DSKI150002','ANCHOR 400g',310,6,1860,'2016-07-01'),
 ('DSKI15000128','DSKI150004','RATTHI 250g',193,3,579,'2016-07-01'),
 ('DSKI15000128','DSKI150005','RATTHI 400g',310,6,1860,'2016-07-01'),
 ('DSKI15000128','DSKI150009','NESPRAY 400g',305,6,1830,'2016-07-01');
INSERT INTO `invoice` (`invoice_no`,`iid`,`item_name`,`unit_price`,`qty`,`netamount`,`date`) VALUES 
 ('DSKI15000128','DSKI150012','MALIBAN 400g',305,6,1830,'2016-07-01'),
 ('DSKI15000128','DSKI150018','NESTAMOLT 400g',270,6,1620,'2016-07-01'),
 ('DSKI15000128','DSKI150019','NESTAMOLT WEL 400g',262,3,786,'2016-07-01'),
 ('DSKI15000128','DSKI150021','VIVA 400g',260,6,1560,'2016-07-01'),
 ('DSKI15000128','DSKI150022','VIVA WEL 400g',250,3,750,'2016-07-01'),
 ('DSKI15000128','DSKI150024','SUNLIGHT SOAP',38,72,2736,'2016-07-01'),
 ('DSKI15000128','DSKI150025','LIFE BOUY SOAP',43,36,1548,'2016-07-01'),
 ('DSKI15000128','DSKI150032','DELMA SOAP (S/A)',30,48,1440,'2016-07-01'),
 ('DSKI15000128','DSKI150037','PEARS BABY (P/R/H)',44,15,660,'2016-07-01'),
 ('DSKI15000128','DSKI150038','VIM 100g',18,24,432,'2016-07-01'),
 ('DSKI15000128','DSKI150052','SAMAPOSA 200g',52,25,1300,'2016-07-01'),
 ('DSKI15000128','DSKI150056','MAGGI NOODLES 50/=',45,24,1080,'2016-07-01'),
 ('DSKI15000128','DSKI150058','PRIMA NOODELES 168/=',148,6,888,'2016-07-01'),
 ('DSKI15000128','DSKI150059','PANADOL',370,1,370,'2016-07-01');
INSERT INTO `invoice` (`invoice_no`,`iid`,`item_name`,`unit_price`,`qty`,`netamount`,`date`) VALUES 
 ('DSKI15000128','DSKI150060','PNADOL SYRUP',145,3,435,'2016-07-01'),
 ('DSKI15000128','DSKI150061','SAMAHAN',500,1,500,'2016-07-01'),
 ('DSKI15000128','DSKI150081','VIDYUT BLADE',170,5,850,'2016-07-01'),
 ('DSKI15000128','DSKI150085','SIGNAL 40g',37,12,438,'2016-07-01'),
 ('DSKI15000128','DSKI150086','SIGNAL 70g',63,12,756,'2016-07-01'),
 ('DSKI15000128','DSKI150089','CLOGURD 40g',36,12,432,'2016-07-01'),
 ('DSKI15000128','DSKI150092','SUDANTHA 40g',53,12,636,'2016-07-01'),
 ('DSKI15000128','DSKI150102','NILMA LIQUID',220,1,220,'2016-07-01'),
 ('DSKI15000128','DSKI150109','BUDDY SHOPPIN',85,5,425,'2016-07-01'),
 ('DSKI15000128','DSKI150111','3/= SHOPPIN',210,2,420,'2016-07-01'),
 ('DSKI15000128','DSKI150112','5/= SHOPPIN',300,2,600,'2016-07-01'),
 ('DSKI15000128','DSKI150128','CHOCALATE 10/=',185,2,370,'2016-07-01'),
 ('DSKI15000128','DSKI150129','CHOCALATE 20/=',384,2,768,'2016-07-01'),
 ('DSKI15000128','DSKI150132','CHOCALATE 50/=',480,2,960,'2016-07-01');
INSERT INTO `invoice` (`invoice_no`,`iid`,`item_name`,`unit_price`,`qty`,`netamount`,`date`) VALUES 
 ('DSKI15000128','DSKI150144','AMRITHA 80/= (O/R/B/H/J)',740,1,740,'2016-07-01'),
 ('DSKI15000128','DSKI150151','REKHA PAPADAM',33,40,1300,'2016-07-01'),
 ('DSKI15000128','DSKI150152','REKHA NOODELES 500g',72,10,720,'2016-07-01'),
 ('DSKI15000128','DSKI150156','SUNSILK SHAMPOO SH.(B/R/O/Y/BR)',6,72,432,'2016-07-01'),
 ('DSKI15000128','DSKI150158','LIFE BOUY SHAMPOO SH.(B/P/G)',6,72,396,'2016-07-01'),
 ('DSKI15000128','DSKI150168','SUNLIGHT WP 1kg',135,15,2025,'2016-07-01'),
 ('DSKI15000128','DSKI150175','A K SURUTTU',400,3,1200,'2016-07-01'),
 ('DSKI15000128','DSKI150220','LIFE BOUY SHAMPOO SH P 5/=',5,48,216,'2016-07-01'),
 ('DSKI15000128','DSKI150229','EVA  PINK',97,12,1164,'2016-07-01'),
 ('DSKI15000128','DSKI150235','NESTOMALT 175g',140,6,840,'2016-07-01'),
 ('DSKI15000128','DSKI150241','DIVA W/P 1KG 150/=',130,15,1950,'2016-07-01'),
 ('DSKI15000129','DSKI150009','NESPRAY 400g',300,3,900,'2016-07-01'),
 ('DSKI15000129','DSKI150019','NESTAMOLT WEL 400g',258,6,1548,'2016-07-01');
INSERT INTO `invoice` (`invoice_no`,`iid`,`item_name`,`unit_price`,`qty`,`netamount`,`date`) VALUES 
 ('DSKI15000129','DSKI150024','SUNLIGHT SOAP',37,36,1332,'2016-07-01'),
 ('DSKI15000129','DSKI150025','LIFE BOUY SOAP',43,36,1548,'2016-07-01'),
 ('DSKI15000129','DSKI150032','DELMA SOAP (S/A)',30,12,360,'2016-07-01'),
 ('DSKI15000129','DSKI150056','MAGGI NOODLES 50/=',45,12,540,'2016-07-01'),
 ('DSKI15000129','DSKI150059','PANADOL',370,1,370,'2016-07-01'),
 ('DSKI15000129','DSKI150068','BIC EASY2',46,6,276,'2016-07-01'),
 ('DSKI15000129','DSKI150085','SIGNAL 40g',36,6,216,'2016-07-01'),
 ('DSKI15000129','DSKI150110','2/= SHOPPIN',140,3,420,'2016-07-01'),
 ('DSKI15000129','DSKI150112','5/= SHOPPIN',285,1,285,'2016-07-01'),
 ('DSKI15000129','DSKI150117','LUNCH SHEET',210,2,420,'2016-07-01'),
 ('DSKI15000129','DSKI150140','MILLO',39,12,468,'2016-07-01'),
 ('DSKI15000129','DSKI150145','SOORYA MATCH',620,1,620,'2016-07-01'),
 ('DSKI15000129','DSKI150149','AMEENS HAIR DIE',360,1,360,'2016-07-01'),
 ('DSKI15000129','DSKI150151','REKHA PAPADAM',35,10,350,'2016-07-01');
INSERT INTO `invoice` (`invoice_no`,`iid`,`item_name`,`unit_price`,`qty`,`netamount`,`date`) VALUES 
 ('DSKI15000129','DSKI150167','SUNLIGHT WP 400g',63,6,378,'2016-07-01'),
 ('DSKI15000129','DSKI150185','TIKIRI MARIE 100g',25,6,150,'2016-07-01'),
 ('DSKI15000129','DSKI150187','LITE MARIE 100g',18,12,210,'2016-07-01'),
 ('DSKI15000129','DSKI150191','CREAM CRACKER 50/=',44,6,264,'2016-07-01'),
 ('DSKI15000129','DSKI150192','CREAM CRACKER 75/=',65,6,390,'2016-07-01'),
 ('DSKI15000129','DSKI150194','CREAM CRACKER 175/=',590,1,590,'2016-07-01'),
 ('DSKI15000129','DSKI150199','CHOCALATE CREAM 100g',42,6,252,'2016-07-01'),
 ('DSKI15000130','DSKI150005','RATTHI 400g',307,6,1842,'2016-07-01'),
 ('DSKI15000130','DSKI150018','NESTAMOLT 400g',268,6,1608,'2016-07-01'),
 ('DSKI15000130','DSKI150021','VIVA 400g',255,6,1530,'2016-07-01'),
 ('DSKI15000130','DSKI150101','NINJA COIL',55,12,660,'2016-07-01'),
 ('DSKI15000130','DSKI150107','RASAMALU SAMON',122,24,2928,'2016-07-01'),
 ('DSKI15000130','DSKI150109','BUDDY SHOPPIN',80,10,800,'2016-07-01'),
 ('DSKI15000130','DSKI150115','GROCERY (7x5)',180,2,360,'2016-07-01');
INSERT INTO `invoice` (`invoice_no`,`iid`,`item_name`,`unit_price`,`qty`,`netamount`,`date`) VALUES 
 ('DSKI15000130','DSKI150116','GROCERY (7x10)',280,2,560,'2016-07-01'),
 ('DSKI15000130','DSKI150117','LUNCH SHEET',225,6,1350,'2016-07-01'),
 ('DSKI15000130','DSKI150142','SIX O CLOCK 20/=',170,6,1020,'2016-07-01'),
 ('DSKI15000130','DSKI150229','EVA  PINK',93,24,2232,'2016-07-01'),
 ('DSKI15000130','DSKI150256','HANDUNKURU 30/=',260,6,1560,'2016-07-01'),
 ('DSKI15000131','DSKI150011','NESPRAY SH.18/=',17,15,255,'2016-07-01'),
 ('DSKI15000131','DSKI150020','NESTAMOLT SH.25/=',23,15,345,'2016-07-01'),
 ('DSKI15000131','DSKI150024','SUNLIGHT SOAP',38,12,456,'2016-07-01'),
 ('DSKI15000131','DSKI150038','VIM 100g',18,6,108,'2016-07-01'),
 ('DSKI15000131','DSKI150042','LA O JEE 50g',48,12,576,'2016-07-01'),
 ('DSKI15000131','DSKI150059','PANADOL',370,1,370,'2016-07-01'),
 ('DSKI15000131','DSKI150063','IDEX 70/=',60,6,360,'2016-07-01'),
 ('DSKI15000131','DSKI150085','SIGNAL 40g',36,6,216,'2016-07-01'),
 ('DSKI15000131','DSKI150086','SIGNAL 70g',63,6,378,'2016-07-01');
INSERT INTO `invoice` (`invoice_no`,`iid`,`item_name`,`unit_price`,`qty`,`netamount`,`date`) VALUES 
 ('DSKI15000131','DSKI150119','MYLADY',240,1,240,'2016-07-01'),
 ('DSKI15000131','DSKI150128','CHOCALATE 10/=',185,1,185,'2016-07-01'),
 ('DSKI15000131','DSKI150137','JELLY 10/=',360,1,360,'2016-07-01'),
 ('DSKI15000131','DSKI150140','MILLO',39,42,1638,'2016-07-01'),
 ('DSKI15000131','DSKI150147','EVA ROSE',95,6,570,'2016-07-01'),
 ('DSKI15000131','DSKI150161','DIVA WP 70g',9,30,270,'2016-07-01'),
 ('DSKI15000131','DSKI150163','DIVA WP 400g',54,6,324,'2016-07-01'),
 ('DSKI15000131','DSKI150165','SUNLIGHT WP 10/=',9,24,216,'2016-07-01'),
 ('DSKI15000131','DSKI150175','A K SURUTTU',400,3,1200,'2016-07-01'),
 ('DSKI15000131','DSKI150231','LANKA SOYA 30/=',24,6,144,'2016-07-01'),
 ('DSKI15000131','DSKI150240','ONION BISCUT 20/=',480,1,480,'2016-07-01'),
 ('DSKI15000132','DSKI150011','NESPRAY SH.18/=',17,15,255,'2016-07-01'),
 ('DSKI15000132','DSKI150020','NESTAMOLT SH.25/=',23,15,345,'2016-07-01'),
 ('DSKI15000132','DSKI150097','SIGNAL BRUSH',39,12,468,'2016-07-01');
INSERT INTO `invoice` (`invoice_no`,`iid`,`item_name`,`unit_price`,`qty`,`netamount`,`date`) VALUES 
 ('DSKI15000132','DSKI150128','CHOCALATE 10/=',200,1,200,'2016-07-01'),
 ('DSKI15000132','DSKI150145','SOORYA MATCH',650,1,650,'2016-07-01'),
 ('DSKI15000132','DSKI150165','SUNLIGHT WP 10/=',9,24,216,'2016-07-01'),
 ('DSKI15000132','DSKI150250','TIPI TIP (MIC) 10/=',290,1,290,'2016-07-01'),
 ('DSKI15000133','DSKI150021','VIVA 400g',270,3,810,'2016-07-01'),
 ('DSKI15000133','DSKI150032','DELMA SOAP (S/A)',30,12,360,'2016-07-01'),
 ('DSKI15000133','DSKI150042','LA O JEE 50g',48,12,576,'2016-07-01'),
 ('DSKI15000133','DSKI150052','SAMAPOSA 200g',53,6,318,'2016-07-01'),
 ('DSKI15000133','DSKI150059','PANADOL',375,1,375,'2016-07-01'),
 ('DSKI15000133','DSKI150061','SAMAHAN',500,1,500,'2016-07-01'),
 ('DSKI15000133','DSKI150068','BIC EASY2',47,6,282,'2016-07-01'),
 ('DSKI15000133','DSKI150092','SUDANTHA 40g',53,6,318,'2016-07-01'),
 ('DSKI15000133','DSKI150097','SIGNAL BRUSH',39,12,468,'2016-07-01'),
 ('DSKI15000133','DSKI150109','BUDDY SHOPPIN',85,2,170,'2016-07-01');
INSERT INTO `invoice` (`invoice_no`,`iid`,`item_name`,`unit_price`,`qty`,`netamount`,`date`) VALUES 
 ('DSKI15000133','DSKI150145','SOORYA MATCH',630,1,630,'2016-07-01'),
 ('DSKI15000133','DSKI150174','CHAMPIKA BEDI',868,1,868,'2016-07-01'),
 ('DSKI15000133','DSKI150192','CREAM CRACKER 75/=',67,6,402,'2016-07-01'),
 ('DSKI15000133','DSKI150198','CHOCOLATE PUFF(L)',88,6,528,'2016-07-01'),
 ('DSKI15000133','DSKI150213','SHORTIES 400g(D /MIC /LU)',300,1,300,'2016-07-01'),
 ('DSKI15000133','DSKI150231','LANKA SOYA 30/=',24,12,288,'2016-07-01'),
 ('DSKI15000134','DSKI150025','LIFE BOUY SOAP',44,12,528,'2016-07-01'),
 ('DSKI15000134','DSKI150051','SAMAPOSA 80g',25,6,150,'2016-07-01'),
 ('DSKI15000134','DSKI150052','SAMAPOSA 200g',54,6,324,'2016-07-01'),
 ('DSKI15000134','DSKI150059','PANADOL',380,1,380,'2016-07-01'),
 ('DSKI15000134','DSKI150117','LUNCH SHEET',225,2,450,'2016-07-01'),
 ('DSKI15000134','DSKI150147','EVA ROSE',95,12,1140,'2016-07-01'),
 ('DSKI15000134','DSKI150174','CHAMPIKA BEDI',880,1,880,'2016-07-01'),
 ('DSKI15000135','DSKI150012','MALIBAN 400g',305,2,610,'2016-07-01');
INSERT INTO `invoice` (`invoice_no`,`iid`,`item_name`,`unit_price`,`qty`,`netamount`,`date`) VALUES 
 ('DSKI15000135','DSKI150020','NESTAMOLT SH.25/=',23,15,345,'2016-07-01'),
 ('DSKI15000135','DSKI150021','VIVA 400g',270,2,540,'2016-07-01'),
 ('DSKI15000135','DSKI150042','LA O JEE 50g',49,6,294,'2016-07-01'),
 ('DSKI15000135','DSKI150049','ZENRA 50g',48,6,288,'2016-07-01'),
 ('DSKI15000135','DSKI150052','SAMAPOSA 200g',53,6,318,'2016-07-01'),
 ('DSKI15000135','DSKI150054','MAGGI NOODLES 30/=',27,12,318,'2016-07-01'),
 ('DSKI15000135','DSKI150059','PANADOL',380,1,380,'2016-07-01'),
 ('DSKI15000135','DSKI150085','SIGNAL 40g',37,6,222,'2016-07-01'),
 ('DSKI15000135','DSKI150103','DIAMOND(S)',65,6,390,'2016-07-01'),
 ('DSKI15000135','DSKI150106','DIAMOND JACK',127,6,762,'2016-07-01'),
 ('DSKI15000135','DSKI150185','TIKIRI MARIE 100g',26,20,520,'2016-07-01'),
 ('DSKI15000135','DSKI150191','CREAM CRACKER 50/=',45,12,540,'2016-07-01'),
 ('DSKI15000135','DSKI150192','CREAM CRACKER 75/=',67,6,402,'2016-07-01'),
 ('DSKI15000135','DSKI150195','LEMON PUFF (S)',49,6,294,'2016-07-01');
INSERT INTO `invoice` (`invoice_no`,`iid`,`item_name`,`unit_price`,`qty`,`netamount`,`date`) VALUES 
 ('DSKI15000135','DSKI150196','LEMON PUFF (L)',90,10,900,'2016-07-01'),
 ('DSKI15000135','DSKI150199','CHOCALATE CREAM 100g',44,6,264,'2016-07-01'),
 ('DSKI15000135','DSKI150248','BUTTER CAROL 45/=',40,12,480,'2016-07-01'),
 ('DSKI15000136','DSKI150018','NESTAMOLT 400g',270,5,1350,'2016-07-01'),
 ('DSKI15000136','DSKI150021','VIVA 400g',260,4,1040,'2016-07-01'),
 ('DSKI15000136','DSKI150024','SUNLIGHT SOAP',38,12,456,'2016-07-01'),
 ('DSKI15000136','DSKI150054','MAGGI NOODLES 30/=',26,6,156,'2016-07-01'),
 ('DSKI15000136','DSKI150057','KOTTU MEE',46,12,552,'2016-07-01'),
 ('DSKI15000136','DSKI150085','SIGNAL 40g',36,12,432,'2016-07-01'),
 ('DSKI15000136','DSKI150092','SUDANTHA 40g',53,12,636,'2016-07-01'),
 ('DSKI15000136','DSKI150097','SIGNAL BRUSH',38,12,456,'2016-07-01'),
 ('DSKI15000136','DSKI150109','BUDDY SHOPPIN',85,4,340,'2016-07-01'),
 ('DSKI15000136','DSKI150117','LUNCH SHEET',225,4,900,'2016-07-01'),
 ('DSKI15000136','DSKI150140','MILLO',40,6,240,'2016-07-01');
INSERT INTO `invoice` (`invoice_no`,`iid`,`item_name`,`unit_price`,`qty`,`netamount`,`date`) VALUES 
 ('DSKI15000136','DSKI150151','REKHA PAPADAM',35,15,525,'2016-07-01'),
 ('DSKI15000136','DSKI150174','CHAMPIKA BEDI',860,1,860,'2016-07-01'),
 ('DSKI15000136','DSKI150183','KUMARIKA H/O 150/=',127,6,762,'2016-07-01'),
 ('DSKI15000136','DSKI150191','CREAM CRACKER 50/=',44,6,264,'2016-07-01'),
 ('DSKI15000136','DSKI150199','CHOCALATE CREAM 100g',42,12,504,'2016-07-01'),
 ('DSKI15000136','DSKI150211','TIPPIN 70/=(G / B)',61,12,732,'2016-07-01'),
 ('DSKI15000136','DSKI150243','VELVET 50/=',43,12,516,'2016-07-01'),
 ('DSKI15000136','DSKI150248','BUTTER CAROL 45/=',39,12,468,'2016-07-01'),
 ('DSKI15000136','DSKI150271','DADAYAM BUTTA SOYA 55/=',43,15,645,'2016-07-01'),
 ('DSKI15000137','DSKI150011','NESPRAY SH.18/=',17,15,247.5,'2016-07-01'),
 ('DSKI15000137','DSKI150020','NESTAMOLT SH.25/=',23,15,345,'2016-07-01'),
 ('DSKI15000137','DSKI150021','VIVA 400g',260,3,780,'2016-07-01'),
 ('DSKI15000137','DSKI150023','VIVA SH.25/=',23,12,276,'2016-07-01'),
 ('DSKI15000137','DSKI150103','DIAMOND(S)',65,6,390,'2016-07-01');
INSERT INTO `invoice` (`invoice_no`,`iid`,`item_name`,`unit_price`,`qty`,`netamount`,`date`) VALUES 
 ('DSKI15000137','DSKI150118','TOFFIE 1/=',90,1,90,'2016-07-01'),
 ('DSKI15000137','DSKI150149','AMEENS HAIR DIE',360,2,720,'2016-07-01'),
 ('DSKI15000138','DSKI150011','NESPRAY SH.18/=',17,15,247.5,'2016-07-01'),
 ('DSKI15000138','DSKI150020','NESTAMOLT SH.25/=',23,15,345,'2016-07-01'),
 ('DSKI15000138','DSKI150048','KOTAGALA SH.20/=',17,24,408,'2016-07-01'),
 ('DSKI15000138','DSKI150052','SAMAPOSA 200g',52,6,312,'2016-07-01'),
 ('DSKI15000138','DSKI150056','MAGGI NOODLES 50/=',45,12,540,'2016-07-01'),
 ('DSKI15000138','DSKI150068','BIC EASY2',47,6,282,'2016-07-01'),
 ('DSKI15000138','DSKI150128','CHOCALATE 10/=',185,1,185,'2016-07-01'),
 ('DSKI15000138','DSKI150141','HANDUNKURU 10/=',60,1,60,'2016-07-01'),
 ('DSKI15000138','DSKI150142','SIX O CLOCK 20/=',170,1,170,'2016-07-01'),
 ('DSKI15000138','DSKI150143','HANDUNKURU 50/=(R/P)',444,1,444,'2016-07-01'),
 ('DSKI15000138','DSKI150145','SOORYA MATCH',630,1,630,'2016-07-01'),
 ('DSKI15000138','DSKI150174','CHAMPIKA BEDI',860,1,860,'2016-07-01');
INSERT INTO `invoice` (`invoice_no`,`iid`,`item_name`,`unit_price`,`qty`,`netamount`,`date`) VALUES 
 ('DSKI15000138','DSKI150175','A K SURUTTU',400,1,400,'2016-07-01'),
 ('DSKI15000138','DSKI150185','TIKIRI MARIE 100g',25,20,500,'2016-07-01'),
 ('DSKI15000138','DSKI150191','CREAM CRACKER 50/=',44,6,264,'2016-07-01'),
 ('DSKI15000138','DSKI150192','CREAM CRACKER 75/=',65,6,390,'2016-07-01'),
 ('DSKI15000138','DSKI150251','CHOCOLATE SHO. 20/=',17,15,247.5,'2016-07-01'),
 ('DSKI15000138','DSKI150256','HANDUNKURU 30/=',260,1,260,'2016-07-01'),
 ('DSKI15000138','DSKI150271','DADAYAM BUTTA SOYA 55/=',43,10,430,'2016-07-01'),
 ('DSKI15000139','DSKI150014','MALIBAN SH.18/=',17,20,330,'2016-07-01'),
 ('DSKI15000139','DSKI150024','SUNLIGHT SOAP',38,24,900,'2016-07-01'),
 ('DSKI15000139','DSKI150025','LIFE BOUY SOAP',43,15,645,'2016-07-01'),
 ('DSKI15000139','DSKI150030','LUX SOAP',43,12,516,'2016-07-01'),
 ('DSKI15000139','DSKI150034','HAPPY BOUY',39,15,585,'2016-07-01'),
 ('DSKI15000139','DSKI150038','VIM 100g',18,12,216,'2016-07-01'),
 ('DSKI15000139','DSKI150065','SIDDALEPA 25/=',21,12,252,'2016-07-01');
INSERT INTO `invoice` (`invoice_no`,`iid`,`item_name`,`unit_price`,`qty`,`netamount`,`date`) VALUES 
 ('DSKI15000139','DSKI150102','NILMA LIQUID',220,1,220,'2016-07-01'),
 ('DSKI15000139','DSKI150103','DIAMOND(S)',65,12,780,'2016-07-01'),
 ('DSKI15000139','DSKI150109','BUDDY SHOPPIN',85,2,170,'2016-07-01'),
 ('DSKI15000139','DSKI150115','GROCERY (7x5)',180,1,180,'2016-07-01'),
 ('DSKI15000139','DSKI150135','TIPI TIP 60/=',47,12,564,'2016-07-01'),
 ('DSKI15000139','DSKI150142','SIX O CLOCK 20/=',170,2,340,'2016-07-01'),
 ('DSKI15000139','DSKI150151','REKHA PAPADAM',35,15,525,'2016-07-01'),
 ('DSKI15000139','DSKI150158','LIFE BOUY SHAMPOO SH.(B/P/G)',5,36,189,'2016-07-01'),
 ('DSKI15000139','DSKI150161','DIVA WP 70g',9,30,270,'2016-07-01'),
 ('DSKI15000139','DSKI150174','CHAMPIKA BEDI',860,2,1720,'2016-07-01'),
 ('DSKI15000139','DSKI150176','PAHANTHIRA 5/=',230,1,230,'2016-07-01'),
 ('DSKI15000139','DSKI150177','BABY CREAM 80/=',70,6,420,'2016-07-01'),
 ('DSKI15000139','DSKI150183','KUMARIKA H/O 150/=',127,3,381,'2016-07-01'),
 ('DSKI15000139','DSKI150185','TIKIRI MARIE 100g',25,15,375,'2016-07-01');
INSERT INTO `invoice` (`invoice_no`,`iid`,`item_name`,`unit_price`,`qty`,`netamount`,`date`) VALUES 
 ('DSKI15000139','DSKI150199','CHOCALATE CREAM 100g',42,12,504,'2016-07-01'),
 ('DSKI15000139','DSKI150201','GINGER 100g',39,15,585,'2016-07-01'),
 ('DSKI15000139','DSKI150221','DANDEX SHAMPOO SH 5/=',4,36,153,'2016-07-01'),
 ('DSKI15000139','DSKI150234','KUMARIKA H/OIL 145/=',125,3,375,'2016-07-01'),
 ('DSKI15000139','DSKI150237','BABY SHAMPOO 115/=',98,3,294,'2016-07-01'),
 ('DSKI15000139','DSKI150243','VELVET 50/=',43,12,516,'2016-07-01'),
 ('DSKI15000139','DSKI150250','TIPI TIP (MIC) 10/=',280,1,280,'2016-07-01'),
 ('DSKI15000139','DSKI150256','HANDUNKURU 30/=',260,3,780,'2016-07-01'),
 ('DSKI15000139','DSKI150269','PARIS POWDER 70/=',60,6,360,'2016-07-01'),
 ('DSKI15000140','DSKI150004','RATTHI 250g',193,6,1158,'2016-07-01'),
 ('DSKI15000140','DSKI150005','RATTHI 400g',308,6,1848,'2016-07-01'),
 ('DSKI15000140','DSKI150014','MALIBAN SH.18/=',17,20,330,'2016-07-01'),
 ('DSKI15000140','DSKI150024','SUNLIGHT SOAP',38,24,900,'2016-07-01'),
 ('DSKI15000140','DSKI150025','LIFE BOUY SOAP',43,12,516,'2016-07-01');
INSERT INTO `invoice` (`invoice_no`,`iid`,`item_name`,`unit_price`,`qty`,`netamount`,`date`) VALUES 
 ('DSKI15000140','DSKI150029','VELVET SOAP',42,12,504,'2016-07-01'),
 ('DSKI15000140','DSKI150034','HAPPY BOUY',39,15,585,'2016-07-01'),
 ('DSKI15000140','DSKI150036','CHERAMY BABY (O/N)',39,12,468,'2016-07-01'),
 ('DSKI15000140','DSKI150042','LA O JEE 50g',48,12,576,'2016-07-01'),
 ('DSKI15000140','DSKI150056','MAGGI NOODLES 50/=',45,6,270,'2016-07-01'),
 ('DSKI15000140','DSKI150057','KOTTU MEE',45,12,540,'2016-07-01'),
 ('DSKI15000140','DSKI150093','SUDANTHA 80g',75,6,450,'2016-07-01'),
 ('DSKI15000140','DSKI150102','NILMA LIQUID',220,1,220,'2016-07-01'),
 ('DSKI15000140','DSKI150106','DIAMOND JACK',125,12,1500,'2016-07-01'),
 ('DSKI15000140','DSKI150122','CENTRE FRUIT',235,1,235,'2016-07-01'),
 ('DSKI15000140','DSKI150124','5/= PIECE (CA/MU/TM/KI/LAY/ID/POL)',160,2,320,'2016-07-01'),
 ('DSKI15000140','DSKI150128','CHOCALATE 10/=',185,1,185,'2016-07-01'),
 ('DSKI15000140','DSKI150129','CHOCALATE 20/=',384,1,384,'2016-07-01'),
 ('DSKI15000140','DSKI150136','JELLY 5/=',55,2,110,'2016-07-01');
INSERT INTO `invoice` (`invoice_no`,`iid`,`item_name`,`unit_price`,`qty`,`netamount`,`date`) VALUES 
 ('DSKI15000140','DSKI150138','MASMELOS 5/=',170,1,170,'2016-07-01'),
 ('DSKI15000140','DSKI150140','MILLO',39,12,468,'2016-07-01'),
 ('DSKI15000140','DSKI150141','HANDUNKURU 10/=',60,2,120,'2016-07-01'),
 ('DSKI15000140','DSKI150147','EVA ROSE',90,6,540,'2016-07-01'),
 ('DSKI15000140','DSKI150149','AMEENS HAIR DIE',360,1,360,'2016-07-01'),
 ('DSKI15000140','DSKI150152','REKHA NOODELES 500g',70,10,700,'2016-07-01'),
 ('DSKI15000140','DSKI150161','DIVA WP 70g',9,40,360,'2016-07-01'),
 ('DSKI15000140','DSKI150162','DIVA WP 200g',36,3,108,'2016-07-01'),
 ('DSKI15000140','DSKI150174','CHAMPIKA BEDI',860,1,860,'2016-07-01'),
 ('DSKI15000140','DSKI150178','BABY CREAM 135/=',115,3,345,'2016-07-01'),
 ('DSKI15000140','DSKI150183','KUMARIKA H/O 150/=',128,3,384,'2016-07-01'),
 ('DSKI15000140','DSKI150185','TIKIRI MARIE 100g',25,12,300,'2016-07-01'),
 ('DSKI15000140','DSKI150187','LITE MARIE 100g',18,12,210,'2016-07-01'),
 ('DSKI15000140','DSKI150196','LEMON PUFF (L)',88,6,528,'2016-07-01');
INSERT INTO `invoice` (`invoice_no`,`iid`,`item_name`,`unit_price`,`qty`,`netamount`,`date`) VALUES 
 ('DSKI15000140','DSKI150220','LIFE BOUY SHAMPOO SH P 5/=',4,48,204,'2016-07-01'),
 ('DSKI15000140','DSKI150234','KUMARIKA H/OIL 145/=',125,3,375,'2016-07-01'),
 ('DSKI15000140','DSKI150235','NESTOMALT 175g',140,3,420,'2016-07-01'),
 ('DSKI15000140','DSKI150242','HEAD PAST 75/=',66,6,396,'2016-07-01'),
 ('DSKI15000140','DSKI150245','BABY POWDER 89/=',77,3,231,'2016-07-01'),
 ('DSKI15000140','DSKI150256','HANDUNKURU 30/=',260,2,520,'2016-07-01'),
 ('DSKI15000141','DSKI150024','SUNLIGHT SOAP',38,24,912,'2016-07-01'),
 ('DSKI15000141','DSKI150025','LIFE BOUY SOAP',43,12,516,'2016-07-01'),
 ('DSKI15000141','DSKI150038','VIM 100g',18,12,216,'2016-07-01'),
 ('DSKI15000141','DSKI150054','MAGGI NOODLES 30/=',26,6,156,'2016-07-01'),
 ('DSKI15000141','DSKI150059','PANADOL',370,1,370,'2016-07-01'),
 ('DSKI15000141','DSKI150061','SAMAHAN',500,1,500,'2016-07-01'),
 ('DSKI15000141','DSKI150085','SIGNAL 40g',36,12,432,'2016-07-01'),
 ('DSKI15000141','DSKI150090','CLOGURD 70g',63,6,378,'2016-07-01');
INSERT INTO `invoice` (`invoice_no`,`iid`,`item_name`,`unit_price`,`qty`,`netamount`,`date`) VALUES 
 ('DSKI15000141','DSKI150151','REKHA PAPADAM',35,20,700,'2016-07-01'),
 ('DSKI15000141','DSKI150191','CREAM CRACKER 50/=',44,12,528,'2016-07-01'),
 ('DSKI15000141','DSKI150192','CREAM CRACKER 75/=',65,6,390,'2016-07-01'),
 ('DSKI15000142','DSKI150011','NESPRAY SH.18/=',17,15,255,'2016-07-01'),
 ('DSKI15000142','DSKI150024','SUNLIGHT SOAP',38,12,456,'2016-07-01'),
 ('DSKI15000142','DSKI150054','MAGGI NOODLES 30/=',27,12,324,'2016-07-01'),
 ('DSKI15000142','DSKI150109','BUDDY SHOPPIN',85,1,85,'2016-07-01'),
 ('DSKI15000142','DSKI150156','SUNSILK SHAMPOO SH.(B/R/O/Y/BR)',6,24,150,'2016-07-01'),
 ('DSKI15000142','DSKI150191','CREAM CRACKER 50/=',45,6,270,'2016-07-01'),
 ('DSKI15000142','DSKI150195','LEMON PUFF (S)',50,6,300,'2016-07-01'),
 ('DSKI15000142','DSKI150220','LIFE BOUY SHAMPOO SH P 5/=',5,24,108,'2016-07-01'),
 ('DSKI15000142','DSKI150231','LANKA SOYA 30/=',25,12,300,'2016-07-01'),
 ('DSKI15000142','DSKI150248','BUTTER CAROL 45/=',40,12,480,'2016-07-01');
INSERT INTO `invoice` (`invoice_no`,`iid`,`item_name`,`unit_price`,`qty`,`netamount`,`date`) VALUES 
 ('DSKI15000142','DSKI150251','CHOCOLATE SHO. 20/=',18,12,216,'2016-07-01'),
 ('DSKI15000143','DSKI150005','RATTHI 400g',310,3,930,'2016-07-01'),
 ('DSKI15000143','DSKI150009','NESPRAY 400g',305,4,1220,'2016-07-01'),
 ('DSKI15000143','DSKI150011','NESPRAY SH.18/=',17,30,495,'2016-07-01'),
 ('DSKI15000143','DSKI150021','VIVA 400g',260,4,1040,'2016-07-01'),
 ('DSKI15000143','DSKI150024','SUNLIGHT SOAP',38,12,456,'2016-07-01'),
 ('DSKI15000143','DSKI150036','CHERAMY BABY (O/N)',39,12,468,'2016-07-01'),
 ('DSKI15000144','DSKI150050','ZENRA 100g',95,12,1140,'2016-07-01'),
 ('DSKI15000144','DSKI150052','SAMAPOSA 200g',52,12,624,'2016-07-01'),
 ('DSKI15000144','DSKI150054','MAGGI NOODLES 30/=',26,12,312,'2016-07-01'),
 ('DSKI15000144','DSKI150056','MAGGI NOODLES 50/=',45,12,540,'2016-07-01'),
 ('DSKI15000144','DSKI150058','PRIMA NOODELES 168/=',148,4,592,'2016-07-01'),
 ('DSKI15000144','DSKI150061','SAMAHAN',500,1,500,'2016-07-01'),
 ('DSKI15000144','DSKI150070','BIC BLAD',80,5,400,'2016-07-01');
INSERT INTO `invoice` (`invoice_no`,`iid`,`item_name`,`unit_price`,`qty`,`netamount`,`date`) VALUES 
 ('DSKI15000144','DSKI150101','NINJA COIL',57,6,342,'2016-07-01'),
 ('DSKI15000144','DSKI150109','BUDDY SHOPPIN',85,5,425,'2016-07-01'),
 ('DSKI15000144','DSKI150150','ORANGE BULB(40/60/75/100 W)',60,40,2400,'2016-07-01'),
 ('DSKI15000144','DSKI150151','REKHA PAPADAM',35,24,840,'2016-07-01'),
 ('DSKI15000144','DSKI150185','TIKIRI MARIE 100g',25,20,500,'2016-07-01'),
 ('DSKI15000144','DSKI150191','CREAM CRACKER 50/=',44,6,264,'2016-07-01'),
 ('DSKI15000144','DSKI150192','CREAM CRACKER 75/=',65,6,390,'2016-07-01'),
 ('DSKI15000145','DSKI150020','NESTAMOLT SH.25/=',23,15,345,'2016-07-01'),
 ('DSKI15000145','DSKI150025','LIFE BOUY SOAP',43,12,516,'2016-07-01'),
 ('DSKI15000145','DSKI150027','RANI SOAP',42,6,252,'2016-07-01'),
 ('DSKI15000145','DSKI150029','VELVET SOAP',42,6,252,'2016-07-01'),
 ('DSKI15000145','DSKI150031','DETOL SOAP',42,6,252,'2016-07-01'),
 ('DSKI15000145','DSKI150042','LA O JEE 50g',48,12,576,'2016-07-01'),
 ('DSKI15000145','DSKI150059','PANADOL',370,1,370,'2016-07-01');
INSERT INTO `invoice` (`invoice_no`,`iid`,`item_name`,`unit_price`,`qty`,`netamount`,`date`) VALUES 
 ('DSKI15000145','DSKI150107','RASAMALU SAMON',125,6,750,'2016-07-01'),
 ('DSKI15000145','DSKI150109','BUDDY SHOPPIN',85,1,85,'2016-07-01'),
 ('DSKI15000145','DSKI150118','TOFFIE 1/=',90,1,90,'2016-07-01'),
 ('DSKI15000145','DSKI150145','SOORYA MATCH',630,1,630,'2016-07-01'),
 ('DSKI15000145','DSKI150161','DIVA WP 70g',9,20,180,'2016-07-01'),
 ('DSKI15000145','DSKI150165','SUNLIGHT WP 10/=',9,12,108,'2016-07-01'),
 ('DSKI15000145','DSKI150169','SURF EXEL 7/=',6,12,75,'2016-07-01'),
 ('DSKI15000145','DSKI150229','EVA  PINK',95,12,1140,'2016-07-01'),
 ('DSKI15000146','DSKI150005','RATTHI 400g',308,3,924,'2016-07-01'),
 ('DSKI15000146','DSKI150018','NESTAMOLT 400g',270,10,2700,'2016-07-01'),
 ('DSKI15000146','DSKI150020','NESTAMOLT SH.25/=',23,15,345,'2016-07-01'),
 ('DSKI15000146','DSKI150024','SUNLIGHT SOAP',38,12,456,'2016-07-01'),
 ('DSKI15000146','DSKI150038','VIM 100g',18,6,108,'2016-07-01'),
 ('DSKI15000146','DSKI150057','KOTTU MEE',45,6,270,'2016-07-01');
INSERT INTO `invoice` (`invoice_no`,`iid`,`item_name`,`unit_price`,`qty`,`netamount`,`date`) VALUES 
 ('DSKI15000146','DSKI150068','BIC EASY2',47,6,282,'2016-07-01'),
 ('DSKI15000146','DSKI150080','GILLETTE',42,6,252,'2016-07-01'),
 ('DSKI15000146','DSKI150085','SIGNAL 40g',36,6,216,'2016-07-01'),
 ('DSKI15000146','DSKI150086','SIGNAL 70g',63,6,378,'2016-07-01'),
 ('DSKI15000146','DSKI150097','SIGNAL BRUSH',38,6,228,'2016-07-01'),
 ('DSKI15000146','DSKI150102','NILMA LIQUID',215,1,215,'2016-07-01'),
 ('DSKI15000146','DSKI150103','DIAMOND(S)',60,6,360,'2016-07-01'),
 ('DSKI15000146','DSKI150109','BUDDY SHOPPIN',85,2,170,'2016-07-01'),
 ('DSKI15000146','DSKI150119','MYLADY',240,1,240,'2016-07-01'),
 ('DSKI15000146','DSKI150120','HACKS',300,1,300,'2016-07-01'),
 ('DSKI15000146','DSKI150121','BUBBLE GUM',125,1,125,'2016-07-01'),
 ('DSKI15000146','DSKI150122','CENTRE FRUIT',235,1,235,'2016-07-01'),
 ('DSKI15000146','DSKI150126','JUJUBBS 2/=',380,1,380,'2016-07-01'),
 ('DSKI15000146','DSKI150141','HANDUNKURU 10/=',60,1,60,'2016-07-01'),
 ('DSKI15000146','DSKI150142','SIX O CLOCK 20/=',170,1,170,'2016-07-01');
INSERT INTO `invoice` (`invoice_no`,`iid`,`item_name`,`unit_price`,`qty`,`netamount`,`date`) VALUES 
 ('DSKI15000146','DSKI150147','EVA ROSE',90,6,540,'2016-07-01'),
 ('DSKI15000146','DSKI150167','SUNLIGHT WP 400g',63,6,378,'2016-07-01'),
 ('DSKI15000146','DSKI150168','SUNLIGHT WP 1kg',135,3,405,'2016-07-01'),
 ('DSKI15000146','DSKI150235','NESTOMALT 175g',140,6,840,'2016-07-01'),
 ('DSKI15000146','DSKI150257','SUPIRI SAMAN',121,24,2904,'2016-07-01'),
 ('DSKI15000146','DSKI150265','CLOGARD 42/=',37,6,222,'2016-07-01'),
 ('DSKI15000147','DSKI150005','RATTHI 400g',307,6,1842,'2016-07-01'),
 ('DSKI15000147','DSKI150018','NESTAMOLT 400g',268,6,1608,'2016-07-01'),
 ('DSKI15000147','DSKI150101','NINJA COIL',56,6,336,'2016-07-01'),
 ('DSKI15000147','DSKI150109','BUDDY SHOPPIN',85,5,425,'2016-07-01'),
 ('DSKI15000147','DSKI150140','MILLO',39,12,468,'2016-07-01'),
 ('DSKI15000147','DSKI150147','EVA ROSE',90,6,540,'2016-07-01'),
 ('DSKI15000147','DSKI150167','SUNLIGHT WP 400g',64,6,384,'2016-07-01'),
 ('DSKI15000147','DSKI150168','SUNLIGHT WP 1kg',135,6,810,'2016-07-01');
INSERT INTO `invoice` (`invoice_no`,`iid`,`item_name`,`unit_price`,`qty`,`netamount`,`date`) VALUES 
 ('DSKI15000147','DSKI150185','TIKIRI MARIE 100g',25,15,375,'2016-07-01'),
 ('DSKI15000147','DSKI150187','LITE MARIE 100g',18,25,437.5,'2016-07-01'),
 ('DSKI15000147','DSKI150191','CREAM CRACKER 50/=',44,15,660,'2016-07-01'),
 ('DSKI15000147','DSKI150229','EVA  PINK',95,6,570,'2016-07-01'),
 ('DSKI15000147','DSKI150243','VELVET 50/=',43,12,516,'2016-07-01'),
 ('DSKI15000148','DSKI150005','RATTHI 400g',310,12,3720,'2016-07-01'),
 ('DSKI15000148','DSKI150007','RATTHI SH.70/=',56,9,504,'2016-07-01'),
 ('DSKI15000148','DSKI150009','NESPRAY 400g',305,3,915,'2016-07-01'),
 ('DSKI15000148','DSKI150011','NESPRAY SH.18/=',17,60,990,'2016-07-01'),
 ('DSKI15000148','DSKI150014','MALIBAN SH.18/=',17,40,660,'2016-07-01'),
 ('DSKI15000148','DSKI150018','NESTAMOLT 400g',270,12,3240,'2016-07-01'),
 ('DSKI15000148','DSKI150025','LIFE BOUY SOAP',43,36,1548,'2016-07-01'),
 ('DSKI15000148','DSKI150038','VIM 100g',18,12,216,'2016-07-01'),
 ('DSKI15000148','DSKI150056','MAGGI NOODLES 50/=',45,24,1080,'2016-07-01');
INSERT INTO `invoice` (`invoice_no`,`iid`,`item_name`,`unit_price`,`qty`,`netamount`,`date`) VALUES 
 ('DSKI15000148','DSKI150057','KOTTU MEE',45,6,270,'2016-07-01'),
 ('DSKI15000148','DSKI150059','PANADOL',370,2,740,'2016-07-01'),
 ('DSKI15000148','DSKI150061','SAMAHAN',500,1,500,'2016-07-01'),
 ('DSKI15000148','DSKI150083','AA',27,12,324,'2016-07-01'),
 ('DSKI15000148','DSKI150085','SIGNAL 40g',36,12,432,'2016-07-01'),
 ('DSKI15000148','DSKI150086','SIGNAL 70g',63,12,756,'2016-07-01'),
 ('DSKI15000148','DSKI150093','SUDANTHA 80g',75,6,450,'2016-07-01'),
 ('DSKI15000148','DSKI150102','NILMA LIQUID',220,1,220,'2016-07-01'),
 ('DSKI15000148','DSKI150122','CENTRE FRUIT',235,2,470,'2016-07-01'),
 ('DSKI15000148','DSKI150123','FOOT BALL 5/=',350,1,350,'2016-07-01'),
 ('DSKI15000148','DSKI150124','5/= PIECE (CA/MU/TM/KI/LAY/ID/POL)',160,3,480,'2016-07-01'),
 ('DSKI15000148','DSKI150137','JELLY 10/=',360,1,360,'2016-07-01'),
 ('DSKI15000148','DSKI150138','MASMELOS 5/=',170,1,170,'2016-07-01'),
 ('DSKI15000148','DSKI150140','MILLO',39,42,1638,'2016-07-01');
INSERT INTO `invoice` (`invoice_no`,`iid`,`item_name`,`unit_price`,`qty`,`netamount`,`date`) VALUES 
 ('DSKI15000148','DSKI150149','AMEENS HAIR DIE',360,6,2160,'2016-07-01'),
 ('DSKI15000148','DSKI150155','LANKA SOYA 65/=',52,25,1300,'2016-07-01'),
 ('DSKI15000148','DSKI150161','DIVA WP 70g',9,50,450,'2016-07-01'),
 ('DSKI15000148','DSKI150174','CHAMPIKA BEDI',860,6,5160,'2016-07-01'),
 ('DSKI15000148','DSKI150178','BABY CREAM 135/=',115,6,690,'2016-07-01'),
 ('DSKI15000148','DSKI150180','BABY COLONE',115,6,690,'2016-07-01'),
 ('DSKI15000148','DSKI150226','BUTTER CAROL  175/=',140,6,840,'2016-07-01'),
 ('DSKI15000148','DSKI150227','GINGER  COOKIES  100/=',80,6,480,'2016-07-01'),
 ('DSKI15000148','DSKI150228','VITA  COOKIES  100/=',80,6,480,'2016-07-01'),
 ('DSKI15000148','DSKI150246','REAL COOKIES 100/=',85,6,510,'2016-07-01'),
 ('DSKI15000148','DSKI150268','PARIS POWDER 45/=',38,6,228,'2016-07-01'),
 ('DSKI15000148','DSKI150269','PARIS POWDER 70/=',60,6,360,'2016-07-01'),
 ('DSKI15000149','DSKI150009','NESPRAY 400g',303,3,909,'2016-07-02'),
 ('DSKI15000149','DSKI150012','MALIBAN 400g',300,3,900,'2016-07-02');
INSERT INTO `invoice` (`invoice_no`,`iid`,`item_name`,`unit_price`,`qty`,`netamount`,`date`) VALUES 
 ('DSKI15000149','DSKI150018','NESTAMOLT 400g',270,6,1620,'2016-07-02'),
 ('DSKI15000149','DSKI150030','LUX SOAP',42,12,504,'2016-07-02'),
 ('DSKI15000149','DSKI150043','LA O JEE 100g',93,18,1674,'2016-07-02'),
 ('DSKI15000149','DSKI150057','KOTTU MEE',45,12,540,'2016-07-02'),
 ('DSKI15000149','DSKI150059','PANADOL',370,2,740,'2016-07-02'),
 ('DSKI15000149','DSKI150061','SAMAHAN',500,2,1000,'2016-07-02'),
 ('DSKI15000149','DSKI150062','ASAMODAGAM',58,12,696,'2016-07-02'),
 ('DSKI15000149','DSKI150084','AAA',25,24,600,'2016-07-02'),
 ('DSKI15000149','DSKI150085','SIGNAL 40g',36,12,432,'2016-07-02'),
 ('DSKI15000149','DSKI150087','SIGNAL 120g',90,12,1080,'2016-07-02'),
 ('DSKI15000149','DSKI150101','NINJA COIL',55,12,660,'2016-07-02'),
 ('DSKI15000149','DSKI150102','NILMA LIQUID',215,1,215,'2016-07-02'),
 ('DSKI15000149','DSKI150107','RASAMALU SAMON',123,24,2952,'2016-07-02'),
 ('DSKI15000149','DSKI150109','BUDDY SHOPPIN',85,3,255,'2016-07-02'),
 ('DSKI15000149','DSKI150110','2/= SHOPPIN',150,3,450,'2016-07-02');
INSERT INTO `invoice` (`invoice_no`,`iid`,`item_name`,`unit_price`,`qty`,`netamount`,`date`) VALUES 
 ('DSKI15000149','DSKI150124','5/= PIECE (CA/MU/TM/KI/LAY/ID/POL)',160,1,160,'2016-07-02'),
 ('DSKI15000149','DSKI150126','JUJUBBS 2/=',380,1,380,'2016-07-02'),
 ('DSKI15000149','DSKI150138','MASMELOS 5/=',170,1,170,'2016-07-02'),
 ('DSKI15000149','DSKI150140','MILLO',39,42,1638,'2016-07-02'),
 ('DSKI15000149','DSKI150144','AMRITHA 80/= (O/R/B/H/J)',740,1,740,'2016-07-02'),
 ('DSKI15000149','DSKI150145','SOORYA MATCH',630,1,630,'2016-07-02'),
 ('DSKI15000149','DSKI150147','EVA ROSE',90,6,540,'2016-07-02'),
 ('DSKI15000149','DSKI150149','AMEENS HAIR DIE',360,2,720,'2016-07-02'),
 ('DSKI15000149','DSKI150168','SUNLIGHT WP 1kg',137,2,274,'2016-07-02'),
 ('DSKI15000149','DSKI150177','BABY CREAM 80/=',70,3,210,'2016-07-02'),
 ('DSKI15000149','DSKI150178','BABY CREAM 135/=',115,3,345,'2016-07-02'),
 ('DSKI15000149','DSKI150194','CREAM CRACKER 175/=',590,1,590,'2016-07-02'),
 ('DSKI15000149','DSKI150201','GINGER 100g',39,12,468,'2016-07-02'),
 ('DSKI15000149','DSKI150211','TIPPIN 70/=(G / B)',61,6,366,'2016-07-02');
INSERT INTO `invoice` (`invoice_no`,`iid`,`item_name`,`unit_price`,`qty`,`netamount`,`date`) VALUES 
 ('DSKI15000149','DSKI150232','HAWAIN COOKIES 100/=',87,6,522,'2016-07-02'),
 ('DSKI15000149','DSKI150256','HANDUNKURU 30/=',260,1,260,'2016-07-02'),
 ('DSKI15000149','DSKI150259','BABY COLONE 140/=',120,6,720,'2016-07-02'),
 ('DSKI15000149','DSKI150269','PARIS POWDER 70/=',60,3,180,'2016-07-02'),
 ('DSKI15000149','DSKI150271','DADAYAM BUTTA SOYA 55/=',40,60,2400,'2016-07-02'),
 ('DSKI15000150','DSKI150020','NESTAMOLT SH.25/=',23,15,345,'2016-07-02'),
 ('DSKI15000150','DSKI150025','LIFE BOUY SOAP',43,24,1032,'2016-07-02'),
 ('DSKI15000150','DSKI150061','SAMAHAN',500,1,500,'2016-07-02'),
 ('DSKI15000150','DSKI150092','SUDANTHA 40g',53,12,636,'2016-07-02'),
 ('DSKI15000150','DSKI150101','NINJA COIL',57,10,570,'2016-07-02'),
 ('DSKI15000150','DSKI150107','RASAMALU SAMON',125,6,750,'2016-07-02'),
 ('DSKI15000150','DSKI150109','BUDDY SHOPPIN',85,3,255,'2016-07-02'),
 ('DSKI15000150','DSKI150118','TOFFIE 1/=',90,2,180,'2016-07-02'),
 ('DSKI15000150','DSKI150123','FOOT BALL 5/=',350,1,350,'2016-07-02');
INSERT INTO `invoice` (`invoice_no`,`iid`,`item_name`,`unit_price`,`qty`,`netamount`,`date`) VALUES 
 ('DSKI15000150','DSKI150138','MASMELOS 5/=',170,1,170,'2016-07-02'),
 ('DSKI15000150','DSKI150140','MILLO',40,6,240,'2016-07-02'),
 ('DSKI15000150','DSKI150144','AMRITHA 80/= (O/R/B/H/J)',740,1,740,'2016-07-02'),
 ('DSKI15000150','DSKI150162','DIVA WP 200g',36,6,216,'2016-07-02'),
 ('DSKI15000150','DSKI150163','DIVA WP 400g',54,6,324,'2016-07-02'),
 ('DSKI15000150','DSKI150229','EVA  PINK',97,6,582,'2016-07-02'),
 ('DSKI15000150','DSKI150241','DIVA W/P 1KG 150/=',132,3,396,'2016-07-02'),
 ('DSKI15000151','DSKI150005','RATTHI 400g',308,10,3080,'2016-07-02'),
 ('DSKI15000151','DSKI150011','NESPRAY SH.18/=',17,30,495,'2016-07-02'),
 ('DSKI15000151','DSKI150014','MALIBAN SH.18/=',17,20,330,'2016-07-02'),
 ('DSKI15000151','DSKI150018','NESTAMOLT 400g',270,10,2700,'2016-07-02'),
 ('DSKI15000151','DSKI150020','NESTAMOLT SH.25/=',23,30,690,'2016-07-02'),
 ('DSKI15000151','DSKI150021','VIVA 400g',255,6,1530,'2016-07-02'),
 ('DSKI15000151','DSKI150024','SUNLIGHT SOAP',38,20,750,'2016-07-02');
INSERT INTO `invoice` (`invoice_no`,`iid`,`item_name`,`unit_price`,`qty`,`netamount`,`date`) VALUES 
 ('DSKI15000151','DSKI150025','LIFE BOUY SOAP',43,15,645,'2016-07-02'),
 ('DSKI15000151','DSKI150030','LUX SOAP',43,6,258,'2016-07-02'),
 ('DSKI15000151','DSKI150038','VIM 100g',18,20,360,'2016-07-02'),
 ('DSKI15000151','DSKI150042','LA O JEE 50g',48,36,1728,'2016-07-02'),
 ('DSKI15000151','DSKI150043','LA O JEE 100g',93,12,1116,'2016-07-02'),
 ('DSKI15000151','DSKI150049','ZENRA 50g',45,24,1080,'2016-07-02'),
 ('DSKI15000151','DSKI150052','SAMAPOSA 200g',52,6,312,'2016-07-02'),
 ('DSKI15000151','DSKI150054','MAGGI NOODLES 30/=',26,12,312,'2016-07-02'),
 ('DSKI15000151','DSKI150056','MAGGI NOODLES 50/=',45,12,540,'2016-07-02'),
 ('DSKI15000151','DSKI150057','KOTTU MEE',45,20,900,'2016-07-02'),
 ('DSKI15000151','DSKI150058','PRIMA NOODELES 168/=',148,4,592,'2016-07-02'),
 ('DSKI15000151','DSKI150059','PANADOL',370,2,740,'2016-07-02'),
 ('DSKI15000151','DSKI150061','SAMAHAN',500,2,1000,'2016-07-02'),
 ('DSKI15000151','DSKI150068','BIC EASY2',45,20,900,'2016-07-02');
INSERT INTO `invoice` (`invoice_no`,`iid`,`item_name`,`unit_price`,`qty`,`netamount`,`date`) VALUES 
 ('DSKI15000151','DSKI150082','PANASONIC BATTRY',60,6,360,'2016-07-02'),
 ('DSKI15000151','DSKI150083','AA',27,12,324,'2016-07-02'),
 ('DSKI15000151','DSKI150084','AAA',25,24,600,'2016-07-02'),
 ('DSKI15000151','DSKI150088','SIGNAL 160g',112,4,448,'2016-07-02'),
 ('DSKI15000151','DSKI150091','CLOGURD 120g',88,2,176,'2016-07-02'),
 ('DSKI15000151','DSKI150097','SIGNAL BRUSH',38,12,456,'2016-07-02'),
 ('DSKI15000151','DSKI150109','BUDDY SHOPPIN',85,5,425,'2016-07-02'),
 ('DSKI15000151','DSKI150118','TOFFIE 1/=',90,1,90,'2016-07-02'),
 ('DSKI15000151','DSKI150119','MYLADY',240,2,480,'2016-07-02'),
 ('DSKI15000151','DSKI150128','CHOCALATE 10/=',185,2,370,'2016-07-02'),
 ('DSKI15000151','DSKI150129','CHOCALATE 20/=',384,1,384,'2016-07-02'),
 ('DSKI15000151','DSKI150145','SOORYA MATCH',630,3,1890,'2016-07-02'),
 ('DSKI15000151','DSKI150147','EVA ROSE',90,3,270,'2016-07-02'),
 ('DSKI15000151','DSKI150149','AMEENS HAIR DIE',360,2,720,'2016-07-02'),
 ('DSKI15000151','DSKI150161','DIVA WP 70g',9,30,270,'2016-07-02');
INSERT INTO `invoice` (`invoice_no`,`iid`,`item_name`,`unit_price`,`qty`,`netamount`,`date`) VALUES 
 ('DSKI15000151','DSKI150165','SUNLIGHT WP 10/=',9,36,324,'2016-07-02'),
 ('DSKI15000151','DSKI150169','SURF EXEL 7/=',6,60,375,'2016-07-02'),
 ('DSKI15000151','DSKI150172','SURF EXEL 50/=',44,12,528,'2016-07-02'),
 ('DSKI15000151','DSKI150174','CHAMPIKA BEDI',860,3,2580,'2016-07-02'),
 ('DSKI15000151','DSKI150212','MUNCHEE SHORTIES 400g',405,2,810,'2016-07-02'),
 ('DSKI15000151','DSKI150229','EVA  PINK',95,6,570,'2016-07-02'),
 ('DSKI15000151','DSKI150230','CLOGARD BRUSH',33,12,396,'2016-07-02'),
 ('DSKI15000151','DSKI150242','HEAD PAST 75/=',66,6,396,'2016-07-02'),
 ('DSKI15000151','DSKI150243','VELVET 50/=',43,12,516,'2016-07-02'),
 ('DSKI15000151','DSKI150253','DIVA 130g 20/=',18,20,350,'2016-07-02'),
 ('DSKI15000151','DSKI150255','GODRIJ HAIR DIE',325,1,325,'2016-07-02'),
 ('DSKI15000151','DSKI150256','HANDUNKURU 30/=',260,1,260,'2016-07-02'),
 ('DSKI15000152','DSKI150061','SAMAHAN',48,325,15600,'2016-07-02'),
 ('DSKI15000153','DSKI150147','EVA ROSE',88,24,2112,'2016-07-02');
INSERT INTO `invoice` (`invoice_no`,`iid`,`item_name`,`unit_price`,`qty`,`netamount`,`date`) VALUES 
 ('DSKI15000153','DSKI150193','CREAM CRACKER 100/=',85,16,1360,'2016-07-02'),
 ('DSKI15000153','DSKI150229','EVA  PINK',93,24,2232,'2016-07-02'),
 ('DSKI15000154','DSKI150002','ANCHOR 400g',308,6,1848,'2016-07-02'),
 ('DSKI15000154','DSKI150005','RATTHI 400g',308,3,924,'2016-07-02'),
 ('DSKI15000154','DSKI150029','VELVET SOAP',42,12,504,'2016-07-02'),
 ('DSKI15000154','DSKI150030','LUX SOAP',43,6,258,'2016-07-02'),
 ('DSKI15000154','DSKI150048','KOTAGALA SH.20/=',16,24,384,'2016-07-02'),
 ('DSKI15000154','DSKI150052','SAMAPOSA 200g',52,6,312,'2016-07-02'),
 ('DSKI15000154','DSKI150054','MAGGI NOODLES 30/=',26,6,156,'2016-07-02'),
 ('DSKI15000154','DSKI150059','PANADOL',370,1,370,'2016-07-02'),
 ('DSKI15000154','DSKI150062','ASAMODAGAM',58,6,348,'2016-07-02'),
 ('DSKI15000154','DSKI150100','DENTA JUNIOR',38,12,456,'2016-07-02'),
 ('DSKI15000154','DSKI150106','DIAMOND JACK',125,24,3000,'2016-07-02'),
 ('DSKI15000154','DSKI150109','BUDDY SHOPPIN',85,2,170,'2016-07-02');
INSERT INTO `invoice` (`invoice_no`,`iid`,`item_name`,`unit_price`,`qty`,`netamount`,`date`) VALUES 
 ('DSKI15000154','DSKI150119','MYLADY',240,1,240,'2016-07-02'),
 ('DSKI15000154','DSKI150121','BUBBLE GUM',125,1,125,'2016-07-02'),
 ('DSKI15000154','DSKI150123','FOOT BALL 5/=',340,1,340,'2016-07-02'),
 ('DSKI15000154','DSKI150124','5/= PIECE (CA/MU/TM/KI/LAY/ID/POL)',160,5,800,'2016-07-02'),
 ('DSKI15000154','DSKI150125','WAFER CHOCKS',200,1,200,'2016-07-02'),
 ('DSKI15000154','DSKI150126','JUJUBBS 2/=',380,1,380,'2016-07-02'),
 ('DSKI15000154','DSKI150128','CHOCALATE 10/=',185,1,185,'2016-07-02'),
 ('DSKI15000154','DSKI150152','REKHA NOODELES 500g',70,10,700,'2016-07-02'),
 ('DSKI15000154','DSKI150156','SUNSILK SHAMPOO SH.(B/R/O/Y/BR)',6,36,216,'2016-07-02'),
 ('DSKI15000154','DSKI150165','SUNLIGHT WP 10/=',9,36,324,'2016-07-02'),
 ('DSKI15000154','DSKI150166','SUNLIGHT WP 200g',31,5,155,'2016-07-02'),
 ('DSKI15000154','DSKI150167','SUNLIGHT WP 400g',64,6,384,'2016-07-02'),
 ('DSKI15000154','DSKI150168','SUNLIGHT WP 1kg',135,6,810,'2016-07-02'),
 ('DSKI15000154','DSKI150176','PAHANTHIRA 5/=',230,1,230,'2016-07-02');
INSERT INTO `invoice` (`invoice_no`,`iid`,`item_name`,`unit_price`,`qty`,`netamount`,`date`) VALUES 
 ('DSKI15000154','DSKI150185','TIKIRI MARIE 100g',25,6,150,'2016-07-02'),
 ('DSKI15000154','DSKI150187','LITE MARIE 100g',18,12,210,'2016-07-02'),
 ('DSKI15000154','DSKI150196','LEMON PUFF (L)',88,6,528,'2016-07-02'),
 ('DSKI15000154','DSKI150198','CHOCOLATE PUFF(L)',88,6,528,'2016-07-02'),
 ('DSKI15000154','DSKI150202','GINGER 400g',580,1,580,'2016-07-02'),
 ('DSKI15000154','DSKI150211','TIPPIN 70/=(G / B)',61,6,366,'2016-07-02'),
 ('DSKI15000154','DSKI150212','MUNCHEE SHORTIES 400g',405,1,405,'2016-07-02'),
 ('DSKI15000154','DSKI150213','SHORTIES 400g(D /MIC /LU)',290,2,580,'2016-07-02'),
 ('DSKI15000154','DSKI150218','PEEPS 20/=(C / V )',17,12,204,'2016-07-02'),
 ('DSKI15000154','DSKI150240','ONION BISCUT 20/=',480,1,480,'2016-07-02'),
 ('DSKI15000154','DSKI150243','VELVET 50/=',44,6,264,'2016-07-02'),
 ('DSKI15000154','DSKI150249','LOLLY POP 5/=',325,1,325,'2016-07-02'),
 ('DSKI15000155','DSKI150001','ANCHOR 250g',191,36,6876,'2016-07-02'),
 ('DSKI15000155','DSKI150002','ANCHOR 400g',307,20,6140,'2016-07-02');
INSERT INTO `invoice` (`invoice_no`,`iid`,`item_name`,`unit_price`,`qty`,`netamount`,`date`) VALUES 
 ('DSKI15000155','DSKI150007','RATTHI SH.70/=',56,54,3024,'2016-07-02'),
 ('DSKI15000155','DSKI150008','RATTHI SH.130/=',123,30,3690,'2016-07-02'),
 ('DSKI15000155','DSKI150009','NESPRAY 400g',300,6,1800,'2016-07-02'),
 ('DSKI15000155','DSKI150011','NESPRAY SH.18/=',17,30,495,'2016-07-02'),
 ('DSKI15000155','DSKI150042','LA O JEE 50g',48,12,576,'2016-07-02'),
 ('DSKI15000155','DSKI150054','MAGGI NOODLES 30/=',26,48,1248,'2016-07-02'),
 ('DSKI15000155','DSKI150057','KOTTU MEE',45,24,1080,'2016-07-02'),
 ('DSKI15000155','DSKI150059','PANADOL',370,2,740,'2016-07-02'),
 ('DSKI15000155','DSKI150061','SAMAHAN',490,1,490,'2016-07-02'),
 ('DSKI15000155','DSKI150063','IDEX 70/=',60,6,360,'2016-07-02'),
 ('DSKI15000155','DSKI150065','SIDDALEPA 25/=',21,12,252,'2016-07-02'),
 ('DSKI15000155','DSKI150085','SIGNAL 40g',35,24,840,'2016-07-02'),
 ('DSKI15000155','DSKI150097','SIGNAL BRUSH',37,36,1314,'2016-07-02'),
 ('DSKI15000155','DSKI150102','NILMA LIQUID',215,1,215,'2016-07-02');
INSERT INTO `invoice` (`invoice_no`,`iid`,`item_name`,`unit_price`,`qty`,`netamount`,`date`) VALUES 
 ('DSKI15000155','DSKI150107','RASAMALU SAMON',122,24,2928,'2016-07-02'),
 ('DSKI15000155','DSKI150109','BUDDY SHOPPIN',80,10,800,'2016-07-02'),
 ('DSKI15000155','DSKI150110','2/= SHOPPIN',140,5,700,'2016-07-02'),
 ('DSKI15000155','DSKI150111','3/= SHOPPIN',210,2,420,'2016-07-02'),
 ('DSKI15000155','DSKI150118','TOFFIE 1/=',85,3,255,'2016-07-02'),
 ('DSKI15000155','DSKI150122','CENTRE FRUIT',235,1,235,'2016-07-02'),
 ('DSKI15000155','DSKI150125','WAFER CHOCKS',195,2,390,'2016-07-02'),
 ('DSKI15000155','DSKI150128','CHOCALATE 10/=',185,3,555,'2016-07-02'),
 ('DSKI15000155','DSKI150129','CHOCALATE 20/=',380,1,380,'2016-07-02'),
 ('DSKI15000155','DSKI150132','CHOCALATE 50/=',470,1,470,'2016-07-02'),
 ('DSKI15000155','DSKI150135','TIPI TIP 60/=',45,24,1080,'2016-07-02'),
 ('DSKI15000155','DSKI150136','JELLY 5/=',55,3,165,'2016-07-02'),
 ('DSKI15000155','DSKI150142','SIX O CLOCK 20/=',170,1,170,'2016-07-02'),
 ('DSKI15000155','DSKI150143','HANDUNKURU 50/=(R/P)',420,1,420,'2016-07-02');
INSERT INTO `invoice` (`invoice_no`,`iid`,`item_name`,`unit_price`,`qty`,`netamount`,`date`) VALUES 
 ('DSKI15000155','DSKI150151','REKHA PAPADAM',33,40,1300,'2016-07-02'),
 ('DSKI15000155','DSKI150152','REKHA NOODELES 500g',70,10,700,'2016-07-02'),
 ('DSKI15000155','DSKI150156','SUNSILK SHAMPOO SH.(B/R/O/Y/BR)',6,60,360,'2016-07-02'),
 ('DSKI15000155','DSKI150191','CREAM CRACKER 50/=',43,48,2040,'2016-07-02'),
 ('DSKI15000155','DSKI150193','CREAM CRACKER 100/=',85,8,680,'2016-07-02'),
 ('DSKI15000155','DSKI150196','LEMON PUFF (L)',85,20,1700,'2016-07-02'),
 ('DSKI15000155','DSKI150198','CHOCOLATE PUFF(L)',85,10,850,'2016-07-02'),
 ('DSKI15000155','DSKI150200','CHOCALATE CREAM 400g',645,1,645,'2016-07-02'),
 ('DSKI15000155','DSKI150211','TIPPIN 70/=(G / B)',61,6,366,'2016-07-02'),
 ('DSKI15000155','DSKI150217','WAFERS 205/=(C / S / L / V)',495,1,495,'2016-07-02'),
 ('DSKI15000155','DSKI150220','LIFE BOUY SHAMPOO SH P 5/=',4,120,510,'2016-07-02'),
 ('DSKI15000155','DSKI150230','CLOGARD BRUSH',30,36,1080,'2016-07-02'),
 ('DSKI15000155','DSKI150231','LANKA SOYA 30/=',22,50,1100,'2016-07-02');
INSERT INTO `invoice` (`invoice_no`,`iid`,`item_name`,`unit_price`,`qty`,`netamount`,`date`) VALUES 
 ('DSKI15000155','DSKI150234','KUMARIKA H/OIL 145/=',120,6,720,'2016-07-02'),
 ('DSKI15000155','DSKI150249','LOLLY POP 5/=',325,1,325,'2016-07-02'),
 ('DSKI15000155','DSKI150250','TIPI TIP (MIC) 10/=',260,1,260,'2016-07-02'),
 ('DSKI15000155','DSKI150255','GODRIJ HAIR DIE',300,2,600,'2016-07-02'),
 ('DSKI15000155','DSKI150256','HANDUNKURU 30/=',260,1,260,'2016-07-02'),
 ('DSKI15000155','DSKI150257','SUPIRI SAMAN',120,24,2880,'2016-07-02'),
 ('DSKI15000155','DSKI150268','PARIS POWDER 45/=',37,6,222,'2016-07-02'),
 ('DSKI15000155','DSKI150271','DADAYAM BUTTA SOYA 55/=',40,60,2400,'2016-07-02'),
 ('DSKI15000156','DSKI150001','ANCHOR 250g',193,12,2316,'2016-07-02'),
 ('DSKI15000156','DSKI150004','RATTHI 250g',193,6,1158,'2016-07-02'),
 ('DSKI15000156','DSKI150005','RATTHI 400g',310,3,930,'2016-07-02'),
 ('DSKI15000156','DSKI150007','RATTHI SH.70/=',56,18,1008,'2016-07-02'),
 ('DSKI15000156','DSKI150011','NESPRAY SH.18/=',17,30,510,'2016-07-02'),
 ('DSKI15000156','DSKI150012','MALIBAN 400g',300,3,900,'2016-07-02');
INSERT INTO `invoice` (`invoice_no`,`iid`,`item_name`,`unit_price`,`qty`,`netamount`,`date`) VALUES 
 ('DSKI15000156','DSKI150020','NESTAMOLT SH.25/=',23,30,690,'2016-07-02'),
 ('DSKI15000156','DSKI150024','SUNLIGHT SOAP',38,12,456,'2016-07-02'),
 ('DSKI15000156','DSKI150025','LIFE BOUY SOAP',43,12,516,'2016-07-02'),
 ('DSKI15000156','DSKI150030','LUX SOAP',43,12,516,'2016-07-02'),
 ('DSKI15000156','DSKI150031','DETOL SOAP',43,6,258,'2016-07-02'),
 ('DSKI15000156','DSKI150036','CHERAMY BABY (O/N)',40,12,480,'2016-07-02'),
 ('DSKI15000156','DSKI150038','VIM 100g',18,24,432,'2016-07-02'),
 ('DSKI15000156','DSKI150051','SAMAPOSA 80g',25,6,150,'2016-07-02'),
 ('DSKI15000156','DSKI150052','SAMAPOSA 200g',52,6,312,'2016-07-02'),
 ('DSKI15000156','DSKI150054','MAGGI NOODLES 30/=',26,6,156,'2016-07-02'),
 ('DSKI15000156','DSKI150058','PRIMA NOODELES 168/=',148,3,444,'2016-07-02'),
 ('DSKI15000156','DSKI150059','PANADOL',370,1,370,'2016-07-02'),
 ('DSKI15000156','DSKI150061','SAMAHAN',500,1,500,'2016-07-02'),
 ('DSKI15000156','DSKI150081','VIDYUT BLADE',170,5,850,'2016-07-02');
INSERT INTO `invoice` (`invoice_no`,`iid`,`item_name`,`unit_price`,`qty`,`netamount`,`date`) VALUES 
 ('DSKI15000156','DSKI150085','SIGNAL 40g',36,6,216,'2016-07-02'),
 ('DSKI15000156','DSKI150086','SIGNAL 70g',64,6,384,'2016-07-02'),
 ('DSKI15000156','DSKI150087','SIGNAL 120g',90,6,540,'2016-07-02'),
 ('DSKI15000156','DSKI150090','CLOGURD 70g',63,6,378,'2016-07-02'),
 ('DSKI15000156','DSKI150101','NINJA COIL',57,6,342,'2016-07-02'),
 ('DSKI15000156','DSKI150102','NILMA LIQUID',220,1,220,'2016-07-02'),
 ('DSKI15000156','DSKI150106','DIAMOND JACK',125,12,1500,'2016-07-02'),
 ('DSKI15000156','DSKI150108','CAPTON SAMAN',270,3,810,'2016-07-02'),
 ('DSKI15000156','DSKI150109','BUDDY SHOPPIN',85,8,680,'2016-07-02'),
 ('DSKI15000156','DSKI150116','GROCERY (7x10)',300,1,300,'2016-07-02'),
 ('DSKI15000156','DSKI150117','LUNCH SHEET',225,2,450,'2016-07-02'),
 ('DSKI15000156','DSKI150120','HACKS',300,1,300,'2016-07-02'),
 ('DSKI15000156','DSKI150137','JELLY 10/=',360,1,360,'2016-07-02'),
 ('DSKI15000156','DSKI150142','SIX O CLOCK 20/=',170,1,170,'2016-07-02'),
 ('DSKI15000156','DSKI150151','REKHA PAPADAM',35,10,350,'2016-07-02');
INSERT INTO `invoice` (`invoice_no`,`iid`,`item_name`,`unit_price`,`qty`,`netamount`,`date`) VALUES 
 ('DSKI15000156','DSKI150156','SUNSILK SHAMPOO SH.(B/R/O/Y/BR)',6,36,225,'2016-07-02'),
 ('DSKI15000156','DSKI150161','DIVA WP 70g',9,100,900,'2016-07-02'),
 ('DSKI15000156','DSKI150162','DIVA WP 200g',36,6,216,'2016-07-02'),
 ('DSKI15000156','DSKI150170','SURF EXEL 20/=',17,12,204,'2016-07-02'),
 ('DSKI15000156','DSKI150174','CHAMPIKA BEDI',860,1,860,'2016-07-02'),
 ('DSKI15000156','DSKI150218','PEEPS 20/=(C / V )',17,50,850,'2016-07-02'),
 ('DSKI15000156','DSKI150220','LIFE BOUY SHAMPOO SH P 5/=',5,60,270,'2016-07-02'),
 ('DSKI15000156','DSKI150242','HEAD PAST 75/=',66,6,396,'2016-07-02'),
 ('DSKI15000156','DSKI150243','VELVET 50/=',44,18,792,'2016-07-02'),
 ('DSKI15000156','DSKI150271','DADAYAM BUTTA SOYA 55/=',45,12,540,'2016-07-02'),
 ('DSKI15000157','DSKI150009','NESPRAY 400g',300,40,12000,'2016-07-02'),
 ('DSKI15000157','DSKI150018','NESTAMOLT 400g',265,120,31800,'2016-07-02'),
 ('DSKI15000157','DSKI150020','NESTAMOLT SH.25/=',23,450,10237.5,'2016-07-02'),
 ('DSKI15000157','DSKI150030','LUX SOAP',42,144,5976,'2016-07-02');
INSERT INTO `invoice` (`invoice_no`,`iid`,`item_name`,`unit_price`,`qty`,`netamount`,`date`) VALUES 
 ('DSKI15000157','DSKI150036','CHERAMY BABY (O/N)',36,150,5400,'2016-07-02'),
 ('DSKI15000157','DSKI150042','LA O JEE 50g',47,360,16920,'2016-07-02'),
 ('DSKI15000157','DSKI150043','LA O JEE 100g',92,72,6624,'2016-07-02'),
 ('DSKI15000157','DSKI150056','MAGGI NOODLES 50/=',44,120,5280,'2016-07-02'),
 ('DSKI15000157','DSKI150058','PRIMA NOODELES 168/=',143,48,6864,'2016-07-02'),
 ('DSKI15000157','DSKI150059','PANADOL',360,24,8640,'2016-07-02'),
 ('DSKI15000157','DSKI150061','SAMAHAN',490,10,4900,'2016-07-02'),
 ('DSKI15000157','DSKI150063','IDEX 70/=',60,24,1440,'2016-07-02'),
 ('DSKI15000157','DSKI150085','SIGNAL 40g',36,168,6048,'2016-07-02'),
 ('DSKI15000157','DSKI150086','SIGNAL 70g',62,56,3472,'2016-07-02'),
 ('DSKI15000157','DSKI150087','SIGNAL 120g',90,48,4320,'2016-07-02'),
 ('DSKI15000157','DSKI150119','MYLADY',225,20,4500,'2016-07-02'),
 ('DSKI15000157','DSKI150144','AMRITHA 80/= (O/R/B/H/J)',720,5,3600,'2016-07-02'),
 ('DSKI15000157','DSKI150161','DIVA WP 70g',9,750,6375,'2016-07-02');
INSERT INTO `invoice` (`invoice_no`,`iid`,`item_name`,`unit_price`,`qty`,`netamount`,`date`) VALUES 
 ('DSKI15000157','DSKI150163','DIVA WP 400g',53,80,4240,'2016-07-02'),
 ('DSKI15000157','DSKI150165','SUNLIGHT WP 10/=',9,780,6825,'2016-07-02'),
 ('DSKI15000157','DSKI150168','SUNLIGHT WP 1kg',137,75,10275,'2016-07-02'),
 ('DSKI15000157','DSKI150177','BABY CREAM 80/=',68,24,1632,'2016-07-02'),
 ('DSKI15000157','DSKI150178','BABY CREAM 135/=',115,24,2760,'2016-07-02'),
 ('DSKI15000157','DSKI150241','DIVA W/P 1KG 150/=',130,45,5850,'2016-07-02'),
 ('DSKI15000157','DSKI150243','VELVET 50/=',41,144,5832,'2016-07-02'),
 ('DSKI15000157','DSKI150245','BABY POWDER 89/=',74,24,1776,'2016-07-02'),
 ('DSKI15000157','DSKI150252','DIVA W/P 400g (SEP)',58,40,2320,'2016-07-02'),
 ('DSKI15000157','DSKI150253','DIVA 130g 20/=',17,100,1730,'2016-07-02'),
 ('DSKI15000157','DSKI150255','GODRIJ HAIR DIE',325,10,3250,'2016-07-02'),
 ('DSKI15000157','DSKI150258','LIFE BOUY SOAP 50/=',44,441,19404,'2016-07-02'),
 ('DSKI15000158','DSKI150001','ANCHOR 250g',192,36,6912,'2016-07-02');
INSERT INTO `invoice` (`invoice_no`,`iid`,`item_name`,`unit_price`,`qty`,`netamount`,`date`) VALUES 
 ('DSKI15000158','DSKI150002','ANCHOR 400g',306,72,22032,'2016-07-02'),
 ('DSKI15000158','DSKI150003','ANCHOR 1kg',765,12,9180,'2016-07-02'),
 ('DSKI15000158','DSKI150004','RATTHI 250g',192,18,3456,'2016-07-02'),
 ('DSKI15000158','DSKI150005','RATTHI 400g',306,36,11016,'2016-07-02'),
 ('DSKI15000158','DSKI150006','RATTHI 1kg',765,6,4590,'2016-07-02'),
 ('DSKI15000158','DSKI150008','RATTHI SH.130/=',123,12,1476,'2016-07-02'),
 ('DSKI15000158','DSKI150009','NESPRAY 400g',300,6,1800,'2016-07-02'),
 ('DSKI15000158','DSKI150019','NESTAMOLT WEL 400g',258,12,3096,'2016-07-02'),
 ('DSKI15000158','DSKI150024','SUNLIGHT SOAP',37,144,5328,'2016-07-02'),
 ('DSKI15000158','DSKI150025','LIFE BOUY SOAP',42,72,3024,'2016-07-02'),
 ('DSKI15000158','DSKI150026','KHOMBA SOAP',34,36,1224,'2016-07-02'),
 ('DSKI15000158','DSKI150027','RANI SOAP',41,24,984,'2016-07-02'),
 ('DSKI15000158','DSKI150029','VELVET SOAP',39,48,1872,'2016-07-02'),
 ('DSKI15000158','DSKI150030','LUX SOAP',42,48,2016,'2016-07-02');
INSERT INTO `invoice` (`invoice_no`,`iid`,`item_name`,`unit_price`,`qty`,`netamount`,`date`) VALUES 
 ('DSKI15000158','DSKI150031','DETOL SOAP',39,36,1404,'2016-07-02'),
 ('DSKI15000158','DSKI150032','DELMA SOAP (S/A)',29,12,348,'2016-07-02'),
 ('DSKI15000158','DSKI150034','HAPPY BOUY',39,12,468,'2016-07-02'),
 ('DSKI15000158','DSKI150036','CHERAMY BABY (O/N)',37,36,1332,'2016-07-02'),
 ('DSKI15000158','DSKI150037','PEARS BABY (P/R/H)',43,24,1032,'2016-07-02'),
 ('DSKI15000158','DSKI150038','VIM 100g',17,144,2448,'2016-07-02'),
 ('DSKI15000158','DSKI150042','LA O JEE 50g',48,12,576,'2016-07-02'),
 ('DSKI15000158','DSKI150051','SAMAPOSA 80g',24,12,288,'2016-07-02'),
 ('DSKI15000158','DSKI150052','SAMAPOSA 200g',50,25,1250,'2016-07-02'),
 ('DSKI15000158','DSKI150054','MAGGI NOODLES 30/=',26,24,624,'2016-07-02'),
 ('DSKI15000158','DSKI150056','MAGGI NOODLES 50/=',44,24,1056,'2016-07-02'),
 ('DSKI15000158','DSKI150057','KOTTU MEE',45,25,1125,'2016-07-02'),
 ('DSKI15000158','DSKI150085','SIGNAL 40g',35,24,840,'2016-07-02'),
 ('DSKI15000158','DSKI150086','SIGNAL 70g',62,12,744,'2016-07-02');
INSERT INTO `invoice` (`invoice_no`,`iid`,`item_name`,`unit_price`,`qty`,`netamount`,`date`) VALUES 
 ('DSKI15000158','DSKI150087','SIGNAL 120g',90,6,540,'2016-07-02'),
 ('DSKI15000158','DSKI150088','SIGNAL 160g',113,6,678,'2016-07-02'),
 ('DSKI15000158','DSKI150090','CLOGURD 70g',62,6,372,'2016-07-02'),
 ('DSKI15000158','DSKI150097','SIGNAL BRUSH',37,24,888,'2016-07-02'),
 ('DSKI15000158','DSKI150101','NINJA COIL',55,15,825,'2016-07-02'),
 ('DSKI15000158','DSKI150128','CHOCALATE 10/=',185,2,370,'2016-07-02'),
 ('DSKI15000158','DSKI150129','CHOCALATE 20/=',380,1,380,'2016-07-02'),
 ('DSKI15000158','DSKI150135','TIPI TIP 60/=',45,24,1080,'2016-07-02'),
 ('DSKI15000158','DSKI150136','JELLY 5/=',50,6,300,'2016-07-02'),
 ('DSKI15000158','DSKI150147','EVA ROSE',88,24,2112,'2016-07-02'),
 ('DSKI15000158','DSKI150149','AMEENS HAIR DIE',360,1,360,'2016-07-02'),
 ('DSKI15000158','DSKI150151','REKHA PAPADAM',33,40,1300,'2016-07-02'),
 ('DSKI15000158','DSKI150152','REKHA NOODELES 500g',70,10,700,'2016-07-02'),
 ('DSKI15000158','DSKI150156','SUNSILK SHAMPOO SH.(B/R/O/Y/BR)',6,144,864,'2016-07-02');
INSERT INTO `invoice` (`invoice_no`,`iid`,`item_name`,`unit_price`,`qty`,`netamount`,`date`) VALUES 
 ('DSKI15000158','DSKI150157','SUNSILK SHAMPOO BOT.(B/R/O/Y/BR)',125,3,375,'2016-07-02'),
 ('DSKI15000158','DSKI150159','LIFE BOUY SHAMPOO BOT.(B/G)',95,3,285,'2016-07-02'),
 ('DSKI15000158','DSKI150160','LIFE BOUY SHAMPOO BOT.(P)',100,3,300,'2016-07-02'),
 ('DSKI15000158','DSKI150161','DIVA WP 70g',9,150,1275,'2016-07-02'),
 ('DSKI15000158','DSKI150165','SUNLIGHT WP 10/=',9,156,1365,'2016-07-02'),
 ('DSKI15000158','DSKI150166','SUNLIGHT WP 200g',31,15,465,'2016-07-02'),
 ('DSKI15000158','DSKI150168','SUNLIGHT WP 1kg',135,30,4050,'2016-07-02'),
 ('DSKI15000158','DSKI150169','SURF EXEL 7/=',6,48,300,'2016-07-02'),
 ('DSKI15000158','DSKI150178','BABY CREAM 135/=',115,6,690,'2016-07-02'),
 ('DSKI15000158','DSKI150185','TIKIRI MARIE 100g',25,60,1470,'2016-07-02'),
 ('DSKI15000158','DSKI150186','TIKIRI MARIE 400g',460,3,1380,'2016-07-02'),
 ('DSKI15000158','DSKI150187','LITE MARIE 100g',18,48,840,'2016-07-02'),
 ('DSKI15000158','DSKI150190','CHOCOLATE MARIE 400g',545,2,1090,'2016-07-02');
INSERT INTO `invoice` (`invoice_no`,`iid`,`item_name`,`unit_price`,`qty`,`netamount`,`date`) VALUES 
 ('DSKI15000158','DSKI150191','CREAM CRACKER 50/=',44,12,528,'2016-07-02'),
 ('DSKI15000158','DSKI150192','CREAM CRACKER 75/=',65,12,780,'2016-07-02'),
 ('DSKI15000158','DSKI150193','CREAM CRACKER 100/=',85,8,680,'2016-07-02'),
 ('DSKI15000158','DSKI150195','LEMON PUFF (S)',48,12,576,'2016-07-02'),
 ('DSKI15000158','DSKI150196','LEMON PUFF (L)',88,12,1056,'2016-07-02'),
 ('DSKI15000158','DSKI150197','CHOCOLATE PUFF(S)',48,6,288,'2016-07-02'),
 ('DSKI15000158','DSKI150200','CHOCALATE CREAM 400g',645,2,1290,'2016-07-02'),
 ('DSKI15000158','DSKI150207','HAWAIN COKIES 50/=',43,6,258,'2016-07-02'),
 ('DSKI15000158','DSKI150212','MUNCHEE SHORTIES 400g',405,3,1215,'2016-07-02'),
 ('DSKI15000158','DSKI150220','LIFE BOUY SHAMPOO SH P 5/=',4,120,510,'2016-07-02'),
 ('DSKI15000158','DSKI150225','BUTTER  CAROL  120/=',100,12,1200,'2016-07-02'),
 ('DSKI15000158','DSKI150227','GINGER  COOKIES  100/=',80,6,480,'2016-07-02'),
 ('DSKI15000158','DSKI150232','HAWAIN COOKIES 100/=',85,15,1275,'2016-07-02');
INSERT INTO `invoice` (`invoice_no`,`iid`,`item_name`,`unit_price`,`qty`,`netamount`,`date`) VALUES 
 ('DSKI15000158','DSKI150233','MSC  100/=',86,6,516,'2016-07-02'),
 ('DSKI15000158','DSKI150241','DIVA W/P 1KG 150/=',130,15,1950,'2016-07-02'),
 ('DSKI15000158','DSKI150243','VELVET 50/=',41,96,3936,'2016-07-02'),
 ('DSKI15000158','DSKI150244','MSC 50/=',43,6,258,'2016-07-02'),
 ('DSKI15000158','DSKI150246','REAL COOKIES 100/=',85,6,510,'2016-07-02'),
 ('DSKI15000158','DSKI150248','BUTTER CAROL 45/=',39,12,468,'2016-07-02'),
 ('DSKI15000158','DSKI150265','CLOGARD 42/=',37,12,444,'2016-07-02'),
 ('DSKI15000159','DSKI150002','ANCHOR 400g',306,36,11016,'2016-07-02'),
 ('DSKI15000159','DSKI150003','ANCHOR 1kg',765,12,9180,'2016-07-02'),
 ('DSKI15000159','DSKI150010','NESPRAY 1kg',740,30,22200,'2016-07-02'),
 ('DSKI15000159','DSKI150012','MALIBAN 400g',298,20,5960,'2016-07-02'),
 ('DSKI15000159','DSKI150013','MALIBAN 1kg',740,12,8880,'2016-07-02'),
 ('DSKI15000159','DSKI150018','NESTAMOLT 400g',265,20,5300,'2016-07-02'),
 ('DSKI15000159','DSKI150020','NESTAMOLT SH.25/=',23,30,690,'2016-07-02');
INSERT INTO `invoice` (`invoice_no`,`iid`,`item_name`,`unit_price`,`qty`,`netamount`,`date`) VALUES 
 ('DSKI15000159','DSKI150021','VIVA 400g',245,20,4900,'2016-07-02'),
 ('DSKI15000159','DSKI150030','LUX SOAP',41,72,2952,'2016-07-02'),
 ('DSKI15000159','DSKI150042','LA O JEE 50g',48,12,576,'2016-07-02'),
 ('DSKI15000159','DSKI150043','LA O JEE 100g',92,12,1104,'2016-07-02'),
 ('DSKI15000159','DSKI150054','MAGGI NOODLES 30/=',26,24,624,'2016-07-02'),
 ('DSKI15000159','DSKI150056','MAGGI NOODLES 50/=',44,24,1056,'2016-07-02'),
 ('DSKI15000159','DSKI150057','KOTTU MEE',45,24,1080,'2016-07-02'),
 ('DSKI15000159','DSKI150063','IDEX 70/=',60,24,1440,'2016-07-02'),
 ('DSKI15000159','DSKI150068','BIC EASY2',43,40,1720,'2016-07-02'),
 ('DSKI15000159','DSKI150070','BIC BLAD',80,10,800,'2016-07-02'),
 ('DSKI15000159','DSKI150085','SIGNAL 40g',35,56,1960,'2016-07-02'),
 ('DSKI15000159','DSKI150099','DENTA BRUSH',36,36,1296,'2016-07-02'),
 ('DSKI15000159','DSKI150101','NINJA COIL',55,12,660,'2016-07-02'),
 ('DSKI15000159','DSKI150102','NILMA LIQUID',215,1,215,'2016-07-02');
INSERT INTO `invoice` (`invoice_no`,`iid`,`item_name`,`unit_price`,`qty`,`netamount`,`date`) VALUES 
 ('DSKI15000159','DSKI150119','MYLADY',240,4,960,'2016-07-02'),
 ('DSKI15000159','DSKI150144','AMRITHA 80/= (O/R/B/H/J)',730,1,730,'2016-07-02'),
 ('DSKI15000159','DSKI150146','MATCHES',580,5,2900,'2016-07-02'),
 ('DSKI15000159','DSKI150151','REKHA PAPADAM',33,40,1300,'2016-07-02'),
 ('DSKI15000159','DSKI150156','SUNSILK SHAMPOO SH.(B/R/O/Y/BR)',6,120,720,'2016-07-02'),
 ('DSKI15000159','DSKI150168','SUNLIGHT WP 1kg',135,30,4050,'2016-07-02'),
 ('DSKI15000159','DSKI150174','CHAMPIKA BEDI',860,6,5160,'2016-07-02'),
 ('DSKI15000159','DSKI150186','TIKIRI MARIE 400g',460,5,2300,'2016-07-02'),
 ('DSKI15000159','DSKI150187','LITE MARIE 100g',18,48,840,'2016-07-02'),
 ('DSKI15000159','DSKI150189','CHOCOLATE MARIE 100g',35,48,1656,'2016-07-02'),
 ('DSKI15000159','DSKI150193','CREAM CRACKER 100/=',85,24,2040,'2016-07-02'),
 ('DSKI15000159','DSKI150194','CREAM CRACKER 175/=',590,3,1770,'2016-07-02'),
 ('DSKI15000159','DSKI150196','LEMON PUFF (L)',85,20,1700,'2016-07-02');
INSERT INTO `invoice` (`invoice_no`,`iid`,`item_name`,`unit_price`,`qty`,`netamount`,`date`) VALUES 
 ('DSKI15000159','DSKI150198','CHOCOLATE PUFF(L)',85,10,850,'2016-07-02'),
 ('DSKI15000159','DSKI150201','GINGER 100g',39,12,468,'2016-07-02'),
 ('DSKI15000159','DSKI150211','TIPPIN 70/=(G / B)',60,24,1428,'2016-07-02'),
 ('DSKI15000159','DSKI150212','MUNCHEE SHORTIES 400g',405,3,1215,'2016-07-02'),
 ('DSKI15000159','DSKI150232','HAWAIN COOKIES 100/=',85,15,1275,'2016-07-02'),
 ('DSKI15000159','DSKI150233','MSC  100/=',85,24,2040,'2016-07-02'),
 ('DSKI15000159','DSKI150235','NESTOMALT 175g',140,6,840,'2016-07-02'),
 ('DSKI15000159','DSKI150241','DIVA W/P 1KG 150/=',130,15,1950,'2016-07-02'),
 ('DSKI15000159','DSKI150243','VELVET 50/=',41,144,5832,'2016-07-02'),
 ('DSKI15000159','DSKI150252','DIVA W/P 400g (SEP)',58,12,696,'2016-07-02'),
 ('DSKI15000159','DSKI150271','DADAYAM BUTTA SOYA 55/=',40,60,2400,'2016-07-02'),
 ('DSKI15000160','DSKI150012','MALIBAN 400g',300,3,900,'2016-07-03'),
 ('DSKI15000160','DSKI150021','VIVA 400g',255,3,765,'2016-07-03');
INSERT INTO `invoice` (`invoice_no`,`iid`,`item_name`,`unit_price`,`qty`,`netamount`,`date`) VALUES 
 ('DSKI15000160','DSKI150026','KHOMBA SOAP',35,12,420,'2016-07-03'),
 ('DSKI15000160','DSKI150063','IDEX 70/=',60,6,360,'2016-07-03'),
 ('DSKI15000160','DSKI150102','NILMA LIQUID',215,1,215,'2016-07-03'),
 ('DSKI15000160','DSKI150118','TOFFIE 1/=',85,3,255,'2016-07-03'),
 ('DSKI15000160','DSKI150155','LANKA SOYA 65/=',53,6,318,'2016-07-03'),
 ('DSKI15000160','DSKI150213','SHORTIES 400g(D /MIC /LU)',280,5,1400,'2016-07-03'),
 ('DSKI15000160','DSKI150231','LANKA SOYA 30/=',23,15,345,'2016-07-03'),
 ('DSKI15000161','DSKI150005','RATTHI 400g',308,12,3696,'2016-07-03'),
 ('DSKI15000161','DSKI150018','NESTAMOLT 400g',270,24,6480,'2016-07-03'),
 ('DSKI15000161','DSKI150021','VIVA 400g',255,12,3060,'2016-07-03'),
 ('DSKI15000161','DSKI150024','SUNLIGHT SOAP',38,36,1350,'2016-07-03'),
 ('DSKI15000161','DSKI150027','RANI SOAP',42,12,504,'2016-07-03'),
 ('DSKI15000161','DSKI150032','DELMA SOAP (S/A)',30,18,540,'2016-07-03'),
 ('DSKI15000161','DSKI150035','KHOMBA BABY (R/W)',39,12,468,'2016-07-03');
INSERT INTO `invoice` (`invoice_no`,`iid`,`item_name`,`unit_price`,`qty`,`netamount`,`date`) VALUES 
 ('DSKI15000161','DSKI150052','SAMAPOSA 200g',52,12,624,'2016-07-03'),
 ('DSKI15000161','DSKI150061','SAMAHAN',500,1,500,'2016-07-03'),
 ('DSKI15000161','DSKI150062','ASAMODAGAM',58,12,696,'2016-07-03'),
 ('DSKI15000161','DSKI150084','AAA',25,24,600,'2016-07-03'),
 ('DSKI15000161','DSKI150085','SIGNAL 40g',36,12,432,'2016-07-03'),
 ('DSKI15000161','DSKI150094','SUPIRIVIKI 40g',38,12,456,'2016-07-03'),
 ('DSKI15000161','DSKI150101','NINJA COIL',55,12,660,'2016-07-03'),
 ('DSKI15000161','DSKI150107','RASAMALU SAMON',122,24,2928,'2016-07-03'),
 ('DSKI15000161','DSKI150141','HANDUNKURU 10/=',60,2,120,'2016-07-03'),
 ('DSKI15000161','DSKI150142','SIX O CLOCK 20/=',170,1,170,'2016-07-03'),
 ('DSKI15000161','DSKI150143','HANDUNKURU 50/=(R/P)',456,1,456,'2016-07-03'),
 ('DSKI15000161','DSKI150174','CHAMPIKA BEDI',860,2,1720,'2016-07-03'),
 ('DSKI15000161','DSKI150175','A K SURUTTU',400,3,1200,'2016-07-03'),
 ('DSKI15000161','DSKI150187','LITE MARIE 100g',18,48,840,'2016-07-03');
INSERT INTO `invoice` (`invoice_no`,`iid`,`item_name`,`unit_price`,`qty`,`netamount`,`date`) VALUES 
 ('DSKI15000161','DSKI150232','HAWAIN COOKIES 100/=',86,24,2064,'2016-07-03'),
 ('DSKI15000161','DSKI150250','TIPI TIP (MIC) 10/=',280,1,280,'2016-07-03'),
 ('DSKI15000161','DSKI150255','GODRIJ HAIR DIE',325,2,650,'2016-07-03'),
 ('DSKI15000161','DSKI150256','HANDUNKURU 30/=',260,1,260,'2016-07-03'),
 ('DSKI15000162','DSKI150005','RATTHI 400g',310,8,2480,'2016-07-03'),
 ('DSKI15000162','DSKI150009','NESPRAY 400g',305,3,915,'2016-07-03'),
 ('DSKI15000162','DSKI150011','NESPRAY SH.18/=',17,30,510,'2016-07-03'),
 ('DSKI15000162','DSKI150018','NESTAMOLT 400g',270,6,1620,'2016-07-03'),
 ('DSKI15000162','DSKI150020','NESTAMOLT SH.25/=',23,30,690,'2016-07-03'),
 ('DSKI15000162','DSKI150024','SUNLIGHT SOAP',38,20,760,'2016-07-03'),
 ('DSKI15000162','DSKI150025','LIFE BOUY SOAP',43,20,860,'2016-07-03'),
 ('DSKI15000162','DSKI150037','PEARS BABY (P/R/H)',44,6,264,'2016-07-03'),
 ('DSKI15000162','DSKI150038','VIM 100g',18,20,360,'2016-07-03'),
 ('DSKI15000162','DSKI150042','LA O JEE 50g',49,12,588,'2016-07-03');
INSERT INTO `invoice` (`invoice_no`,`iid`,`item_name`,`unit_price`,`qty`,`netamount`,`date`) VALUES 
 ('DSKI15000162','DSKI150048','KOTAGALA SH.20/=',17,24,408,'2016-07-03'),
 ('DSKI15000162','DSKI150056','MAGGI NOODLES 50/=',45,15,675,'2016-07-03'),
 ('DSKI15000162','DSKI150057','KOTTU MEE',46,15,690,'2016-07-03'),
 ('DSKI15000162','DSKI150058','PRIMA NOODELES 168/=',148,3,444,'2016-07-03'),
 ('DSKI15000162','DSKI150085','SIGNAL 40g',36,12,432,'2016-07-03'),
 ('DSKI15000162','DSKI150086','SIGNAL 70g',63,12,756,'2016-07-03'),
 ('DSKI15000162','DSKI150097','SIGNAL BRUSH',39,12,468,'2016-07-03'),
 ('DSKI15000162','DSKI150102','NILMA LIQUID',220,1,220,'2016-07-03'),
 ('DSKI15000162','DSKI150107','RASAMALU SAMON',125,12,1500,'2016-07-03'),
 ('DSKI15000162','DSKI150109','BUDDY SHOPPIN',85,2,170,'2016-07-03'),
 ('DSKI15000162','DSKI150111','3/= SHOPPIN',210,1,210,'2016-07-03'),
 ('DSKI15000162','DSKI150117','LUNCH SHEET',225,2,450,'2016-07-03'),
 ('DSKI15000162','DSKI150119','MYLADY',240,1,240,'2016-07-03'),
 ('DSKI15000162','DSKI150150','ORANGE BULB(40/60/75/100 W)',60,6,360,'2016-07-03');
INSERT INTO `invoice` (`invoice_no`,`iid`,`item_name`,`unit_price`,`qty`,`netamount`,`date`) VALUES 
 ('DSKI15000162','DSKI150156','SUNSILK SHAMPOO SH.(B/R/O/Y/BR)',6,36,225,'2016-07-03'),
 ('DSKI15000162','DSKI150168','SUNLIGHT WP 1kg',138,3,414,'2016-07-03'),
 ('DSKI15000162','DSKI150174','CHAMPIKA BEDI',860,1,860,'2016-07-03'),
 ('DSKI15000162','DSKI150180','BABY COLONE',118,3,354,'2016-07-03'),
 ('DSKI15000162','DSKI150229','EVA  PINK',100,6,600,'2016-07-03'),
 ('DSKI15000162','DSKI150231','LANKA SOYA 30/=',24,15,360,'2016-07-03'),
 ('DSKI15000162','DSKI150234','KUMARIKA H/OIL 145/=',125,3,375,'2016-07-03'),
 ('DSKI15000162','DSKI150255','GODRIJ HAIR DIE',325,1,325,'2016-07-03'),
 ('DSKI15000162','DSKI150265','CLOGARD 42/=',37,6,222,'2016-07-03'),
 ('DSKI15000162','DSKI150271','DADAYAM BUTTA SOYA 55/=',45,6,270,'2016-07-03'),
 ('DSKI15000163','DSKI150002','ANCHOR 400g',310,3,930,'2016-07-03'),
 ('DSKI15000163','DSKI150009','NESPRAY 400g',305,3,915,'2016-07-03'),
 ('DSKI15000163','DSKI150021','VIVA 400g',265,4,1060,'2016-07-03'),
 ('DSKI15000163','DSKI150057','KOTTU MEE',46,6,276,'2016-07-03');
INSERT INTO `invoice` (`invoice_no`,`iid`,`item_name`,`unit_price`,`qty`,`netamount`,`date`) VALUES 
 ('DSKI15000163','DSKI150108','CAPTON SAMAN',270,6,1620,'2016-07-03'),
 ('DSKI15000163','DSKI150141','HANDUNKURU 10/=',60,1,60,'2016-07-03'),
 ('DSKI15000163','DSKI150142','SIX O CLOCK 20/=',170,2,340,'2016-07-03'),
 ('DSKI15000163','DSKI150158','LIFE BOUY SHAMPOO SH.(B/P/G)',6,48,264,'2016-07-03'),
 ('DSKI15000163','DSKI150187','LITE MARIE 100g',18,20,360,'2016-07-03'),
 ('DSKI15000163','DSKI150199','CHOCALATE CREAM 100g',43,12,516,'2016-07-03'),
 ('DSKI15000163','DSKI150256','HANDUNKURU 30/=',270,1,270,'2016-07-03'),
 ('DSKI15000164','DSKI150024','SUNLIGHT SOAP',38,24,912,'2016-07-03'),
 ('DSKI15000164','DSKI150049','ZENRA 50g',47,24,1128,'2016-07-03'),
 ('DSKI15000164','DSKI150058','PRIMA NOODELES 168/=',148,3,444,'2016-07-03'),
 ('DSKI15000164','DSKI150086','SIGNAL 70g',64,12,768,'2016-07-03'),
 ('DSKI15000164','DSKI150101','NINJA COIL',57,12,684,'2016-07-03'),
 ('DSKI15000164','DSKI150103','DIAMOND(S)',65,6,390,'2016-07-03'),
 ('DSKI15000164','DSKI150104','DIAMOND(M)',98,6,588,'2016-07-03');
INSERT INTO `invoice` (`invoice_no`,`iid`,`item_name`,`unit_price`,`qty`,`netamount`,`date`) VALUES 
 ('DSKI15000164','DSKI150107','RASAMALU SAMON',127,6,762,'2016-07-03'),
 ('DSKI15000164','DSKI150108','CAPTON SAMAN',270,12,3240,'2016-07-03'),
 ('DSKI15000164','DSKI150109','BUDDY SHOPPIN',85,2,170,'2016-07-03'),
 ('DSKI15000164','DSKI150110','2/= SHOPPIN',150,2,300,'2016-07-03'),
 ('DSKI15000164','DSKI150111','3/= SHOPPIN',220,2,440,'2016-07-03'),
 ('DSKI15000164','DSKI150112','5/= SHOPPIN',300,1,300,'2016-07-03'),
 ('DSKI15000164','DSKI150156','SUNSILK SHAMPOO SH.(B/R/O/Y/BR)',6,60,375,'2016-07-03'),
 ('DSKI15000164','DSKI150158','LIFE BOUY SHAMPOO SH.(B/P/G)',6,72,396,'2016-07-03'),
 ('DSKI15000164','DSKI150161','DIVA WP 70g',9,50,450,'2016-07-03'),
 ('DSKI15000164','DSKI150162','DIVA WP 200g',36,6,216,'2016-07-03'),
 ('DSKI15000164','DSKI150163','DIVA WP 400g',54,6,324,'2016-07-03'),
 ('DSKI15000164','DSKI150165','SUNLIGHT WP 10/=',9,30,270,'2016-07-03'),
 ('DSKI15000164','DSKI150168','SUNLIGHT WP 1kg',138,6,828,'2016-07-03'),
 ('DSKI15000164','DSKI150221','DANDEX SHAMPOO SH 5/=',5,60,270,'2016-07-03');
INSERT INTO `invoice` (`invoice_no`,`iid`,`item_name`,`unit_price`,`qty`,`netamount`,`date`) VALUES 
 ('DSKI15000164','DSKI150229','EVA  PINK',95,24,2280,'2016-07-03'),
 ('DSKI15000164','DSKI150241','DIVA W/P 1KG 150/=',133,6,798,'2016-07-03'),
 ('DSKI15000165','DSKI150001','ANCHOR 250g',193,6,1158,'2016-07-03'),
 ('DSKI15000165','DSKI150002','ANCHOR 400g',310,8,2480,'2016-07-03'),
 ('DSKI15000165','DSKI150003','ANCHOR 1kg',770,2,1540,'2016-07-03'),
 ('DSKI15000165','DSKI150004','RATTHI 250g',193,6,1158,'2016-07-03'),
 ('DSKI15000165','DSKI150005','RATTHI 400g',310,8,2480,'2016-07-03'),
 ('DSKI15000165','DSKI150006','RATTHI 1kg',770,2,1540,'2016-07-03'),
 ('DSKI15000165','DSKI150007','RATTHI SH.70/=',57,9,513,'2016-07-03'),
 ('DSKI15000165','DSKI150009','NESPRAY 400g',305,4,1220,'2016-07-03'),
 ('DSKI15000165','DSKI150010','NESPRAY 1kg',760,2,1520,'2016-07-03'),
 ('DSKI15000165','DSKI150011','NESPRAY SH.18/=',17,60,1020,'2016-07-03'),
 ('DSKI15000165','DSKI150012','MALIBAN 400g',305,3,915,'2016-07-03'),
 ('DSKI15000165','DSKI150018','NESTAMOLT 400g',270,3,810,'2016-07-03');
INSERT INTO `invoice` (`invoice_no`,`iid`,`item_name`,`unit_price`,`qty`,`netamount`,`date`) VALUES 
 ('DSKI15000165','DSKI150020','NESTAMOLT SH.25/=',23,60,1380,'2016-07-03'),
 ('DSKI15000165','DSKI150023','VIVA SH.25/=',23,24,552,'2016-07-03'),
 ('DSKI15000165','DSKI150024','SUNLIGHT SOAP',38,12,456,'2016-07-03'),
 ('DSKI15000165','DSKI150030','LUX SOAP',43,6,258,'2016-07-03'),
 ('DSKI15000165','DSKI150031','DETOL SOAP',43,12,516,'2016-07-03'),
 ('DSKI15000165','DSKI150037','PEARS BABY (P/R/H)',44,12,528,'2016-07-03'),
 ('DSKI15000165','DSKI150038','VIM 100g',18,12,216,'2016-07-03'),
 ('DSKI15000165','DSKI150042','LA O JEE 50g',49,12,588,'2016-07-03'),
 ('DSKI15000165','DSKI150043','LA O JEE 100g',95,12,1140,'2016-07-03'),
 ('DSKI15000165','DSKI150046','WATAWALA 50g',48,12,576,'2016-07-03'),
 ('DSKI15000165','DSKI150052','SAMAPOSA 200g',52,12,624,'2016-07-03'),
 ('DSKI15000165','DSKI150054','MAGGI NOODLES 30/=',26,12,312,'2016-07-03'),
 ('DSKI15000165','DSKI150056','MAGGI NOODLES 50/=',45,12,540,'2016-07-03'),
 ('DSKI15000165','DSKI150057','KOTTU MEE',46,12,552,'2016-07-03');
INSERT INTO `invoice` (`invoice_no`,`iid`,`item_name`,`unit_price`,`qty`,`netamount`,`date`) VALUES 
 ('DSKI15000165','DSKI150059','PANADOL',375,2,750,'2016-07-03'),
 ('DSKI15000165','DSKI150061','SAMAHAN',500,1,500,'2016-07-03'),
 ('DSKI15000165','DSKI150062','ASAMODAGAM',60,3,180,'2016-07-03'),
 ('DSKI15000165','DSKI150068','BIC EASY2',46,12,552,'2016-07-03'),
 ('DSKI15000165','DSKI150070','BIC BLAD',80,3,240,'2016-07-03'),
 ('DSKI15000165','DSKI150080','GILLETTE',43,6,258,'2016-07-03'),
 ('DSKI15000165','DSKI150082','PANASONIC BATTRY',63,6,378,'2016-07-03'),
 ('DSKI15000165','DSKI150083','AA',28,12,336,'2016-07-03'),
 ('DSKI15000165','DSKI150085','SIGNAL 40g',36,6,216,'2016-07-03'),
 ('DSKI15000165','DSKI150086','SIGNAL 70g',63,3,189,'2016-07-03'),
 ('DSKI15000165','DSKI150087','SIGNAL 120g',90,3,270,'2016-07-03'),
 ('DSKI15000165','DSKI150090','CLOGURD 70g',63,3,189,'2016-07-03'),
 ('DSKI15000165','DSKI150091','CLOGURD 120g',90,3,270,'2016-07-03'),
 ('DSKI15000165','DSKI150092','SUDANTHA 40g',53,6,318,'2016-07-03'),
 ('DSKI15000165','DSKI150093','SUDANTHA 80g',77,3,231,'2016-07-03');
INSERT INTO `invoice` (`invoice_no`,`iid`,`item_name`,`unit_price`,`qty`,`netamount`,`date`) VALUES 
 ('DSKI15000165','DSKI150094','SUPIRIVIKI 40g',40,6,240,'2016-07-03'),
 ('DSKI15000165','DSKI150095','SUPIRIVIKI 70g',63,3,189,'2016-07-03'),
 ('DSKI15000165','DSKI150096','SUPIRIVIKI 110g',88,3,264,'2016-07-03'),
 ('DSKI15000165','DSKI150099','DENTA BRUSH',40,6,240,'2016-07-03'),
 ('DSKI15000165','DSKI150101','NINJA COIL',55,18,990,'2016-07-03'),
 ('DSKI15000165','DSKI150103','DIAMOND(S)',65,6,390,'2016-07-03'),
 ('DSKI15000165','DSKI150104','DIAMOND(M)',98,6,588,'2016-07-03'),
 ('DSKI15000165','DSKI150107','RASAMALU SAMON',127,12,1524,'2016-07-03'),
 ('DSKI15000165','DSKI150109','BUDDY SHOPPIN',85,4,340,'2016-07-03'),
 ('DSKI15000165','DSKI150110','2/= SHOPPIN',150,2,300,'2016-07-03'),
 ('DSKI15000165','DSKI150117','LUNCH SHEET',225,2,450,'2016-07-03'),
 ('DSKI15000165','DSKI150118','TOFFIE 1/=',90,1,90,'2016-07-03'),
 ('DSKI15000165','DSKI150119','MYLADY',240,1,240,'2016-07-03'),
 ('DSKI15000165','DSKI150122','CENTRE FRUIT',240,1,240,'2016-07-03'),
 ('DSKI15000165','DSKI150123','FOOT BALL 5/=',340,1,340,'2016-07-03');
INSERT INTO `invoice` (`invoice_no`,`iid`,`item_name`,`unit_price`,`qty`,`netamount`,`date`) VALUES 
 ('DSKI15000165','DSKI150124','5/= PIECE (CA/MU/TM/KI/LAY/ID/POL)',160,1,160,'2016-07-03'),
 ('DSKI15000165','DSKI150126','JUJUBBS 2/=',380,1,380,'2016-07-03'),
 ('DSKI15000165','DSKI150128','CHOCALATE 10/=',185,1,185,'2016-07-03'),
 ('DSKI15000165','DSKI150135','TIPI TIP 60/=',45,12,540,'2016-07-03'),
 ('DSKI15000165','DSKI150136','JELLY 5/=',55,2,110,'2016-07-03'),
 ('DSKI15000165','DSKI150137','JELLY 10/=',360,1,360,'2016-07-03'),
 ('DSKI15000165','DSKI150138','MASMELOS 5/=',170,1,170,'2016-07-03'),
 ('DSKI15000165','DSKI150142','SIX O CLOCK 20/=',170,2,340,'2016-07-03'),
 ('DSKI15000165','DSKI150144','AMRITHA 80/= (O/R/B/H/J)',740,2,1480,'2016-07-03'),
 ('DSKI15000165','DSKI150145','SOORYA MATCH',630,1,630,'2016-07-03'),
 ('DSKI15000165','DSKI150149','AMEENS HAIR DIE',360,1,360,'2016-07-03'),
 ('DSKI15000165','DSKI150156','SUNSILK SHAMPOO SH.(B/R/O/Y/BR)',6,36,225,'2016-07-03'),
 ('DSKI15000165','DSKI150161','DIVA WP 70g',9,20,180,'2016-07-03'),
 ('DSKI15000165','DSKI150165','SUNLIGHT WP 10/=',9,24,216,'2016-07-03');
INSERT INTO `invoice` (`invoice_no`,`iid`,`item_name`,`unit_price`,`qty`,`netamount`,`date`) VALUES 
 ('DSKI15000165','DSKI150166','SUNLIGHT WP 200g',31,6,186,'2016-07-03'),
 ('DSKI15000165','DSKI150169','SURF EXEL 7/=',6,24,150,'2016-07-03'),
 ('DSKI15000165','DSKI150183','KUMARIKA H/O 150/=',130,3,390,'2016-07-03'),
 ('DSKI15000165','DSKI150220','LIFE BOUY SHAMPOO SH P 5/=',5,48,216,'2016-07-03'),
 ('DSKI15000165','DSKI150221','DANDEX SHAMPOO SH 5/=',5,24,108,'2016-07-03'),
 ('DSKI15000165','DSKI150234','KUMARIKA H/OIL 145/=',125,3,375,'2016-07-03'),
 ('DSKI15000165','DSKI150259','BABY COLONE 140/=',120,6,720,'2016-07-03'),
 ('DSKI15000165','DSKI150265','CLOGARD 42/=',37,6,222,'2016-07-03'),
 ('DSKI15000165','DSKI150268','PARIS POWDER 45/=',39,3,117,'2016-07-03'),
 ('DSKI15000165','DSKI150269','PARIS POWDER 70/=',60,3,180,'2016-07-03'),
 ('DSKI15000166','DSKI150135','TIPI TIP 60/=',50,1355,67750,'2016-07-03'),
 ('DSKI15000166','DSKI150148','EVA PINK',84,2,168,'2016-07-03'),
 ('DSKI15000167','DSKI150005','RATTHI 400g',307,3,921,'2016-07-03'),
 ('DSKI15000167','DSKI150018','NESTAMOLT 400g',270,6,1620,'2016-07-03');
INSERT INTO `invoice` (`invoice_no`,`iid`,`item_name`,`unit_price`,`qty`,`netamount`,`date`) VALUES 
 ('DSKI15000167','DSKI150020','NESTAMOLT SH.25/=',23,30,690,'2016-07-03'),
 ('DSKI15000167','DSKI150024','SUNLIGHT SOAP',38,12,456,'2016-07-03'),
 ('DSKI15000167','DSKI150025','LIFE BOUY SOAP',43,12,516,'2016-07-03'),
 ('DSKI15000167','DSKI150036','CHERAMY BABY (O/N)',39,12,468,'2016-07-03'),
 ('DSKI15000167','DSKI150038','VIM 100g',18,12,216,'2016-07-03'),
 ('DSKI15000167','DSKI150042','LA O JEE 50g',48,12,576,'2016-07-03'),
 ('DSKI15000167','DSKI150059','PANADOL',370,1,370,'2016-07-03'),
 ('DSKI15000167','DSKI150061','SAMAHAN',500,1,500,'2016-07-03'),
 ('DSKI15000167','DSKI150088','SIGNAL 160g',113,3,339,'2016-07-03'),
 ('DSKI15000167','DSKI150092','SUDANTHA 40g',53,3,159,'2016-07-03'),
 ('DSKI15000167','DSKI150093','SUDANTHA 80g',75,3,225,'2016-07-03'),
 ('DSKI15000167','DSKI150099','DENTA BRUSH',38,12,456,'2016-07-03'),
 ('DSKI15000167','DSKI150101','NINJA COIL',55,12,660,'2016-07-03'),
 ('DSKI15000167','DSKI150109','BUDDY SHOPPIN',85,3,255,'2016-07-03');
INSERT INTO `invoice` (`invoice_no`,`iid`,`item_name`,`unit_price`,`qty`,`netamount`,`date`) VALUES 
 ('DSKI15000167','DSKI150119','MYLADY',230,1,230,'2016-07-03'),
 ('DSKI15000167','DSKI150120','HACKS',300,2,600,'2016-07-03'),
 ('DSKI15000167','DSKI150147','EVA ROSE',90,3,270,'2016-07-03'),
 ('DSKI15000167','DSKI150149','AMEENS HAIR DIE',360,1,360,'2016-07-03'),
 ('DSKI15000167','DSKI150185','TIKIRI MARIE 100g',25,12,300,'2016-07-03'),
 ('DSKI15000167','DSKI150198','CHOCOLATE PUFF(L)',88,3,264,'2016-07-03'),
 ('DSKI15000167','DSKI150216','WAFERS 110/=(C / S / L / V)',510,3,1530,'2016-07-03'),
 ('DSKI15000167','DSKI150219','TIPI TIP  50/=',35,24,840,'2016-07-03'),
 ('DSKI15000167','DSKI150229','EVA  PINK',95,3,285,'2016-07-03'),
 ('DSKI15000167','DSKI150271','DADAYAM BUTTA SOYA 55/=',45,6,270,'2016-07-03'),
 ('DSKI15000168','DSKI150011','NESPRAY SH.18/=',17,30,495,'2016-07-03'),
 ('DSKI15000168','DSKI150019','NESTAMOLT WEL 400g',258,12,3096,'2016-07-03'),
 ('DSKI15000168','DSKI150025','LIFE BOUY SOAP',43,24,1032,'2016-07-03'),
 ('DSKI15000168','DSKI150030','LUX SOAP',42,12,504,'2016-07-03');
INSERT INTO `invoice` (`invoice_no`,`iid`,`item_name`,`unit_price`,`qty`,`netamount`,`date`) VALUES 
 ('DSKI15000168','DSKI150052','SAMAPOSA 200g',51,25,1275,'2016-07-03'),
 ('DSKI15000168','DSKI150058','PRIMA NOODELES 168/=',146,4,584,'2016-07-03'),
 ('DSKI15000168','DSKI150086','SIGNAL 70g',62,12,744,'2016-07-03'),
 ('DSKI15000168','DSKI150101','NINJA COIL',55,24,1320,'2016-07-03'),
 ('DSKI15000168','DSKI150105','DIAMOND(L)',160,24,3840,'2016-07-03'),
 ('DSKI15000168','DSKI150109','BUDDY SHOPPIN',80,15,1200,'2016-07-03'),
 ('DSKI15000168','DSKI150110','2/= SHOPPIN',140,5,700,'2016-07-03'),
 ('DSKI15000168','DSKI150111','3/= SHOPPIN',210,3,630,'2016-07-03'),
 ('DSKI15000168','DSKI150115','GROCERY (7x5)',180,2,360,'2016-07-03'),
 ('DSKI15000168','DSKI150116','GROCERY (7x10)',280,4,1120,'2016-07-03'),
 ('DSKI15000168','DSKI150117','LUNCH SHEET',225,12,2700,'2016-07-03'),
 ('DSKI15000168','DSKI150145','SOORYA MATCH',610,5,3050,'2016-07-03'),
 ('DSKI15000168','DSKI150150','ORANGE BULB(40/60/75/100 W)',55,50,2750,'2016-07-03'),
 ('DSKI15000168','DSKI150151','REKHA PAPADAM',35,15,525,'2016-07-03');
INSERT INTO `invoice` (`invoice_no`,`iid`,`item_name`,`unit_price`,`qty`,`netamount`,`date`) VALUES 
 ('DSKI15000168','DSKI150271','DADAYAM BUTTA SOYA 55/=',40,25,1000,'2016-07-03'),
 ('DSKI15000169','DSKI150009','NESPRAY 400g',300,12,3600,'2016-07-03'),
 ('DSKI15000169','DSKI150024','SUNLIGHT SOAP',37,144,5328,'2016-07-03'),
 ('DSKI15000169','DSKI150025','LIFE BOUY SOAP',42,294,12348,'2016-07-03'),
 ('DSKI15000169','DSKI150037','PEARS BABY (P/R/H)',43,36,1548,'2016-07-03'),
 ('DSKI15000169','DSKI150052','SAMAPOSA 200g',50,25,1250,'2016-07-03'),
 ('DSKI15000169','DSKI150054','MAGGI NOODLES 30/=',26,24,624,'2016-07-03'),
 ('DSKI15000169','DSKI150056','MAGGI NOODLES 50/=',44,48,2112,'2016-07-03'),
 ('DSKI15000169','DSKI150057','KOTTU MEE',44,80,3520,'2016-07-03'),
 ('DSKI15000169','DSKI150062','ASAMODAGAM',55,24,1320,'2016-07-03'),
 ('DSKI15000169','DSKI150068','BIC EASY2',43,40,1720,'2016-07-03'),
 ('DSKI15000169','DSKI150081','VIDYUT BLADE',155,10,1550,'2016-07-03'),
 ('DSKI15000169','DSKI150085','SIGNAL 40g',35,56,1960,'2016-07-03'),
 ('DSKI15000169','DSKI150086','SIGNAL 70g',62,56,3472,'2016-07-03');
INSERT INTO `invoice` (`invoice_no`,`iid`,`item_name`,`unit_price`,`qty`,`netamount`,`date`) VALUES 
 ('DSKI15000169','DSKI150087','SIGNAL 120g',89,48,4272,'2016-07-03'),
 ('DSKI15000169','DSKI150091','CLOGURD 120g',88,12,1056,'2016-07-03'),
 ('DSKI15000169','DSKI150097','SIGNAL BRUSH',36,36,1296,'2016-07-03'),
 ('DSKI15000169','DSKI150101','NINJA COIL',53,100,5300,'2016-07-03'),
 ('DSKI15000169','DSKI150108','CAPTON SAMAN',265,15,3975,'2016-07-03'),
 ('DSKI15000169','DSKI150121','BUBBLE GUM',120,2,240,'2016-07-03'),
 ('DSKI15000169','DSKI150124','5/= PIECE (CA/MU/TM/KI/LAY/ID/POL)',150,10,1500,'2016-07-03'),
 ('DSKI15000169','DSKI150138','MASMELOS 5/=',160,2,320,'2016-07-03'),
 ('DSKI15000169','DSKI150147','EVA ROSE',88,48,4224,'2016-07-03'),
 ('DSKI15000169','DSKI150149','AMEENS HAIR DIE',355,10,3550,'2016-07-03'),
 ('DSKI15000169','DSKI150156','SUNSILK SHAMPOO SH.(B/R/O/Y/BR)',6,120,720,'2016-07-03'),
 ('DSKI15000169','DSKI150158','LIFE BOUY SHAMPOO SH.(B/P/G)',5,120,630,'2016-07-03'),
 ('DSKI15000169','DSKI150161','DIVA WP 70g',9,150,1275,'2016-07-03');
INSERT INTO `invoice` (`invoice_no`,`iid`,`item_name`,`unit_price`,`qty`,`netamount`,`date`) VALUES 
 ('DSKI15000169','DSKI150185','TIKIRI MARIE 100g',25,60,1470,'2016-07-03'),
 ('DSKI15000169','DSKI150193','CREAM CRACKER 100/=',85,16,1360,'2016-07-03'),
 ('DSKI15000169','DSKI150194','CREAM CRACKER 175/=',590,2,1180,'2016-07-03'),
 ('DSKI15000169','DSKI150196','LEMON PUFF (L)',85,15,1275,'2016-07-03'),
 ('DSKI15000169','DSKI150199','CHOCALATE CREAM 100g',41,50,2050,'2016-07-03'),
 ('DSKI15000169','DSKI150204','NICE 400g',580,3,1740,'2016-07-03'),
 ('DSKI15000169','DSKI150212','MUNCHEE SHORTIES 400g',405,2,810,'2016-07-03'),
 ('DSKI15000169','DSKI150220','LIFE BOUY SHAMPOO SH P 5/=',4,72,306,'2016-07-03'),
 ('DSKI15000169','DSKI150221','DANDEX SHAMPOO SH 5/=',4,96,408,'2016-07-03'),
 ('DSKI15000169','DSKI150229','EVA  PINK',93,48,4464,'2016-07-03'),
 ('DSKI15000169','DSKI150232','HAWAIN COOKIES 100/=',85,24,2040,'2016-07-03'),
 ('DSKI15000169','DSKI150241','DIVA W/P 1KG 150/=',130,15,1950,'2016-07-03'),
 ('DSKI15000169','DSKI150265','CLOGARD 42/=',37,24,888,'2016-07-03');
INSERT INTO `invoice` (`invoice_no`,`iid`,`item_name`,`unit_price`,`qty`,`netamount`,`date`) VALUES 
 ('DSKI15000170','DSKI150005','RATTHI 400g',306,5,1530,'2016-07-03'),
 ('DSKI15000170','DSKI150018','NESTAMOLT 400g',268,5,1340,'2016-07-03'),
 ('DSKI15000170','DSKI150062','ASAMODAGAM',58,12,696,'2016-07-03'),
 ('DSKI15000170','DSKI150068','BIC EASY2',45,20,900,'2016-07-03'),
 ('DSKI15000170','DSKI150086','SIGNAL 70g',62,12,744,'2016-07-03'),
 ('DSKI15000170','DSKI150087','SIGNAL 120g',90,5,450,'2016-07-03'),
 ('DSKI15000170','DSKI150092','SUDANTHA 40g',52,10,520,'2016-07-03'),
 ('DSKI15000170','DSKI150093','SUDANTHA 80g',73,10,730,'2016-07-03'),
 ('DSKI15000170','DSKI150109','BUDDY SHOPPIN',85,2,170,'2016-07-03'),
 ('DSKI15000170','DSKI150115','GROCERY (7x5)',180,1,180,'2016-07-03'),
 ('DSKI15000170','DSKI150120','HACKS',295,1,295,'2016-07-03'),
 ('DSKI15000170','DSKI150149','AMEENS HAIR DIE',360,2,720,'2016-07-03'),
 ('DSKI15000171','DSKI150018','NESTAMOLT 400g',270,12,3240,'2016-07-03'),
 ('DSKI15000171','DSKI150100','DENTA JUNIOR',37,12,444,'2016-07-03');
INSERT INTO `invoice` (`invoice_no`,`iid`,`item_name`,`unit_price`,`qty`,`netamount`,`date`) VALUES 
 ('DSKI15000171','DSKI150109','BUDDY SHOPPIN',85,10,850,'2016-07-03'),
 ('DSKI15000171','DSKI150110','2/= SHOPPIN',150,2,300,'2016-07-03'),
 ('DSKI15000171','DSKI150165','SUNLIGHT WP 10/=',9,30,270,'2016-07-03'),
 ('DSKI15000171','DSKI150166','SUNLIGHT WP 200g',31,12,372,'2016-07-03'),
 ('DSKI15000171','DSKI150174','CHAMPIKA BEDI',860,1,860,'2016-07-03'),
 ('DSKI15000171','DSKI150200','CHOCALATE CREAM 400g',645,1,645,'2016-07-03'),
 ('DSKI15000172','DSKI150002','ANCHOR 400g',308,18,5544,'2016-07-03'),
 ('DSKI15000172','DSKI150003','ANCHOR 1kg',765,3,2295,'2016-07-03'),
 ('DSKI15000172','DSKI150004','RATTHI 250g',192,6,1152,'2016-07-03'),
 ('DSKI15000172','DSKI150005','RATTHI 400g',308,18,5544,'2016-07-03'),
 ('DSKI15000172','DSKI150006','RATTHI 1kg',765,3,2295,'2016-07-03'),
 ('DSKI15000172','DSKI150018','NESTAMOLT 400g',265,40,10600,'2016-07-03'),
 ('DSKI15000172','DSKI150019','NESTAMOLT WEL 400g',255,24,6120,'2016-07-03'),
 ('DSKI15000172','DSKI150020','NESTAMOLT SH.25/=',23,90,2070,'2016-07-03');
INSERT INTO `invoice` (`invoice_no`,`iid`,`item_name`,`unit_price`,`qty`,`netamount`,`date`) VALUES 
 ('DSKI15000172','DSKI150024','SUNLIGHT SOAP',37,144,5328,'2016-07-03'),
 ('DSKI15000172','DSKI150025','LIFE BOUY SOAP',42,147,6174,'2016-07-03'),
 ('DSKI15000172','DSKI150031','DETOL SOAP',38,36,1368,'2016-07-03'),
 ('DSKI15000172','DSKI150036','CHERAMY BABY (O/N)',36,150,5325,'2016-07-03'),
 ('DSKI15000172','DSKI150038','VIM 100g',17,144,2448,'2016-07-03'),
 ('DSKI15000172','DSKI150042','LA O JEE 50g',48,12,576,'2016-07-03'),
 ('DSKI15000172','DSKI150043','LA O JEE 100g',92,12,1104,'2016-07-03'),
 ('DSKI15000172','DSKI150051','SAMAPOSA 80g',24,50,1200,'2016-07-03'),
 ('DSKI15000172','DSKI150052','SAMAPOSA 200g',51,25,1275,'2016-07-03'),
 ('DSKI15000172','DSKI150054','MAGGI NOODLES 30/=',26,36,936,'2016-07-03'),
 ('DSKI15000172','DSKI150056','MAGGI NOODLES 50/=',44,24,1056,'2016-07-03'),
 ('DSKI15000172','DSKI150057','KOTTU MEE',44,36,1584,'2016-07-03'),
 ('DSKI15000172','DSKI150058','PRIMA NOODELES 168/=',146,3,438,'2016-07-03'),
 ('DSKI15000172','DSKI150081','VIDYUT BLADE',160,10,1600,'2016-07-03');
INSERT INTO `invoice` (`invoice_no`,`iid`,`item_name`,`unit_price`,`qty`,`netamount`,`date`) VALUES 
 ('DSKI15000172','DSKI150103','DIAMOND(S)',59,50,2950,'2016-07-03'),
 ('DSKI15000172','DSKI150106','DIAMOND JACK',124,48,5952,'2016-07-03'),
 ('DSKI15000172','DSKI150107','RASAMALU SAMON',122,72,8784,'2016-07-03'),
 ('DSKI15000172','DSKI150118','TOFFIE 1/=',80,20,1600,'2016-07-03'),
 ('DSKI15000172','DSKI150120','HACKS',295,6,1770,'2016-07-03'),
 ('DSKI15000172','DSKI150145','SOORYA MATCH',600,10,6000,'2016-07-03'),
 ('DSKI15000172','DSKI150149','AMEENS HAIR DIE',360,5,1800,'2016-07-03'),
 ('DSKI15000172','DSKI150156','SUNSILK SHAMPOO SH.(B/R/O/Y/BR)',6,216,1296,'2016-07-03'),
 ('DSKI15000172','DSKI150158','LIFE BOUY SHAMPOO SH.(B/P/G)',5,144,756,'2016-07-03'),
 ('DSKI15000172','DSKI150161','DIVA WP 70g',9,300,2550,'2016-07-03'),
 ('DSKI15000172','DSKI150163','DIVA WP 400g',53,24,1272,'2016-07-03'),
 ('DSKI15000172','DSKI150165','SUNLIGHT WP 10/=',9,312,2730,'2016-07-03'),
 ('DSKI15000172','DSKI150168','SUNLIGHT WP 1kg',135,15,2025,'2016-07-03'),
 ('DSKI15000172','DSKI150172','SURF EXEL 50/=',44,12,528,'2016-07-03');
INSERT INTO `invoice` (`invoice_no`,`iid`,`item_name`,`unit_price`,`qty`,`netamount`,`date`) VALUES 
 ('DSKI15000172','DSKI150185','TIKIRI MARIE 100g',25,120,2940,'2016-07-03'),
 ('DSKI15000172','DSKI150187','LITE MARIE 100g',18,96,1680,'2016-07-03'),
 ('DSKI15000172','DSKI150220','LIFE BOUY SHAMPOO SH P 5/=',4,144,612,'2016-07-03'),
 ('DSKI15000172','DSKI150230','CLOGARD BRUSH',30,36,1080,'2016-07-03'),
 ('DSKI15000172','DSKI150235','NESTOMALT 175g',140,12,1680,'2016-07-03'),
 ('DSKI15000172','DSKI150241','DIVA W/P 1KG 150/=',130,15,1950,'2016-07-03'),
 ('DSKI15000172','DSKI150243','VELVET 50/=',41,144,5832,'2016-07-03'),
 ('DSKI15000172','DSKI150249','LOLLY POP 5/=',300,3,900,'2016-07-03'),
 ('DSKI15000173','DSKI150002','ANCHOR 400g',307,4,1228,'2016-07-03'),
 ('DSKI15000173','DSKI150005','RATTHI 400g',307,4,1228,'2016-07-03'),
 ('DSKI15000173','DSKI150007','RATTHI SH.70/=',56,9,504,'2016-07-03'),
 ('DSKI15000173','DSKI150009','NESPRAY 400g',300,3,900,'2016-07-03'),
 ('DSKI15000173','DSKI150011','NESPRAY SH.18/=',17,30,495,'2016-07-03'),
 ('DSKI15000173','DSKI150019','NESTAMOLT WEL 400g',258,6,1548,'2016-07-03');
INSERT INTO `invoice` (`invoice_no`,`iid`,`item_name`,`unit_price`,`qty`,`netamount`,`date`) VALUES 
 ('DSKI15000173','DSKI150020','NESTAMOLT SH.25/=',23,15,345,'2016-07-03'),
 ('DSKI15000173','DSKI150024','SUNLIGHT SOAP',38,24,900,'2016-07-03'),
 ('DSKI15000173','DSKI150025','LIFE BOUY SOAP',43,12,516,'2016-07-03'),
 ('DSKI15000173','DSKI150029','VELVET SOAP',42,12,504,'2016-07-03'),
 ('DSKI15000173','DSKI150030','LUX SOAP',42,12,504,'2016-07-03'),
 ('DSKI15000173','DSKI150033','DELMA LIGHT SOAP',20,12,240,'2016-07-03'),
 ('DSKI15000173','DSKI150035','KHOMBA BABY (R/W)',38,24,912,'2016-07-03'),
 ('DSKI15000173','DSKI150037','PEARS BABY (P/R/H)',43,12,516,'2016-07-03'),
 ('DSKI15000173','DSKI150038','VIM 100g',18,12,216,'2016-07-03'),
 ('DSKI15000173','DSKI150042','LA O JEE 50g',48,12,576,'2016-07-03'),
 ('DSKI15000173','DSKI150043','LA O JEE 100g',93,6,558,'2016-07-03'),
 ('DSKI15000173','DSKI150052','SAMAPOSA 200g',51,25,1275,'2016-07-03'),
 ('DSKI15000173','DSKI150054','MAGGI NOODLES 30/=',26,12,312,'2016-07-03'),
 ('DSKI15000173','DSKI150057','KOTTU MEE',45,12,540,'2016-07-03');
INSERT INTO `invoice` (`invoice_no`,`iid`,`item_name`,`unit_price`,`qty`,`netamount`,`date`) VALUES 
 ('DSKI15000173','DSKI150062','ASAMODAGAM',58,12,696,'2016-07-03'),
 ('DSKI15000173','DSKI150080','GILLETTE',38,36,1368,'2016-07-03'),
 ('DSKI15000173','DSKI150088','SIGNAL 160g',113,12,1356,'2016-07-03'),
 ('DSKI15000173','DSKI150097','SIGNAL BRUSH',37,12,444,'2016-07-03'),
 ('DSKI15000173','DSKI150107','RASAMALU SAMON',122,24,2928,'2016-07-03'),
 ('DSKI15000173','DSKI150118','TOFFIE 1/=',85,2,170,'2016-07-03'),
 ('DSKI15000173','DSKI150121','BUBBLE GUM',125,1,125,'2016-07-03'),
 ('DSKI15000173','DSKI150122','CENTRE FRUIT',235,1,235,'2016-07-03'),
 ('DSKI15000173','DSKI150125','WAFER CHOCKS',200,1,200,'2016-07-03'),
 ('DSKI15000173','DSKI150129','CHOCALATE 20/=',384,1,384,'2016-07-03'),
 ('DSKI15000173','DSKI150134','TIPI TIP 10/=',280,1,280,'2016-07-03'),
 ('DSKI15000173','DSKI150135','TIPI TIP 60/=',45,12,540,'2016-07-03'),
 ('DSKI15000173','DSKI150137','JELLY 10/=',350,1,350,'2016-07-03'),
 ('DSKI15000173','DSKI150142','SIX O CLOCK 20/=',160,2,320,'2016-07-03');
INSERT INTO `invoice` (`invoice_no`,`iid`,`item_name`,`unit_price`,`qty`,`netamount`,`date`) VALUES 
 ('DSKI15000173','DSKI150145','SOORYA MATCH',610,5,3050,'2016-07-03'),
 ('DSKI15000173','DSKI150149','AMEENS HAIR DIE',360,2,720,'2016-07-03'),
 ('DSKI15000173','DSKI150156','SUNSILK SHAMPOO SH.(B/R/O/Y/BR)',6,72,432,'2016-07-03'),
 ('DSKI15000173','DSKI150165','SUNLIGHT WP 10/=',9,30,270,'2016-07-03'),
 ('DSKI15000173','DSKI150174','CHAMPIKA BEDI',860,2,1720,'2016-07-03'),
 ('DSKI15000173','DSKI150186','TIKIRI MARIE 400g',460,1,460,'2016-07-03'),
 ('DSKI15000173','DSKI150187','LITE MARIE 100g',18,15,262.5,'2016-07-03'),
 ('DSKI15000173','DSKI150189','CHOCOLATE MARIE 100g',35,15,525,'2016-07-03'),
 ('DSKI15000173','DSKI150191','CREAM CRACKER 50/=',44,10,440,'2016-07-03'),
 ('DSKI15000173','DSKI150193','CREAM CRACKER 100/=',85,8,680,'2016-07-03'),
 ('DSKI15000173','DSKI150194','CREAM CRACKER 175/=',590,1,590,'2016-07-03'),
 ('DSKI15000173','DSKI150195','LEMON PUFF (S)',48,10,480,'2016-07-03'),
 ('DSKI15000173','DSKI150198','CHOCOLATE PUFF(L)',88,10,880,'2016-07-03');
INSERT INTO `invoice` (`invoice_no`,`iid`,`item_name`,`unit_price`,`qty`,`netamount`,`date`) VALUES 
 ('DSKI15000173','DSKI150199','CHOCALATE CREAM 100g',42,15,630,'2016-07-03'),
 ('DSKI15000173','DSKI150204','NICE 400g',580,1,580,'2016-07-03'),
 ('DSKI15000173','DSKI150216','WAFERS 110/=(C / S / L / V)',510,2,1020,'2016-07-03'),
 ('DSKI15000173','DSKI150218','PEEPS 20/=(C / V )',16,50,800,'2016-07-03'),
 ('DSKI15000173','DSKI150220','LIFE BOUY SHAMPOO SH P 5/=',4,60,255,'2016-07-03'),
 ('DSKI15000173','DSKI150221','DANDEX SHAMPOO SH 5/=',4,60,255,'2016-07-03'),
 ('DSKI15000173','DSKI150229','EVA  PINK',93,24,2232,'2016-07-03'),
 ('DSKI15000173','DSKI150231','LANKA SOYA 30/=',22,50,1100,'2016-07-03'),
 ('DSKI15000173','DSKI150240','ONION BISCUT 20/=',480,1,480,'2016-07-03'),
 ('DSKI15000173','DSKI150255','GODRIJ HAIR DIE',300,5,1500,'2016-07-03'),
 ('DSKI15000173','DSKI150271','DADAYAM BUTTA SOYA 55/=',40,60,2400,'2016-07-03'),
 ('DSKI15000174','DSKI150012','MALIBAN 400g',300,6,1800,'2016-07-03'),
 ('DSKI15000174','DSKI150013','MALIBAN 1kg',750,2,1500,'2016-07-03');
INSERT INTO `invoice` (`invoice_no`,`iid`,`item_name`,`unit_price`,`qty`,`netamount`,`date`) VALUES 
 ('DSKI15000174','DSKI150014','MALIBAN SH.18/=',17,20,330,'2016-07-03'),
 ('DSKI15000174','DSKI150020','NESTAMOLT SH.25/=',23,30,690,'2016-07-03'),
 ('DSKI15000174','DSKI150021','VIVA 400g',255,6,1530,'2016-07-03'),
 ('DSKI15000174','DSKI150022','VIVA WEL 400g',245,6,1470,'2016-07-03'),
 ('DSKI15000174','DSKI150024','SUNLIGHT SOAP',37,144,5328,'2016-07-03'),
 ('DSKI15000174','DSKI150033','DELMA LIGHT SOAP',20,36,720,'2016-07-03'),
 ('DSKI15000174','DSKI150047','WATAWALA 100g',95,12,1140,'2016-07-03'),
 ('DSKI15000174','DSKI150057','KOTTU MEE',44,40,1760,'2016-07-03'),
 ('DSKI15000174','DSKI150059','PANADOL',360,3,1080,'2016-07-03'),
 ('DSKI15000174','DSKI150081','VIDYUT BLADE',160,1,160,'2016-07-03'),
 ('DSKI15000174','DSKI150085','SIGNAL 40g',36,12,432,'2016-07-03'),
 ('DSKI15000174','DSKI150086','SIGNAL 70g',62,12,744,'2016-07-03'),
 ('DSKI15000174','DSKI150087','SIGNAL 120g',90,6,540,'2016-07-03'),
 ('DSKI15000174','DSKI150094','SUPIRIVIKI 40g',38,12,456,'2016-07-03');
INSERT INTO `invoice` (`invoice_no`,`iid`,`item_name`,`unit_price`,`qty`,`netamount`,`date`) VALUES 
 ('DSKI15000174','DSKI150099','DENTA BRUSH',36,36,1296,'2016-07-03'),
 ('DSKI15000174','DSKI150107','RASAMALU SAMON',122,24,2928,'2016-07-03'),
 ('DSKI15000174','DSKI150124','5/= PIECE (CA/MU/TM/KI/LAY/ID/POL)',160,2,320,'2016-07-03'),
 ('DSKI15000174','DSKI150135','TIPI TIP 60/=',45,12,540,'2016-07-03'),
 ('DSKI15000174','DSKI150136','JELLY 5/=',55,3,165,'2016-07-03'),
 ('DSKI15000174','DSKI150137','JELLY 10/=',350,1,350,'2016-07-03'),
 ('DSKI15000174','DSKI150138','MASMELOS 5/=',160,1,160,'2016-07-03'),
 ('DSKI15000174','DSKI150142','SIX O CLOCK 20/=',160,3,480,'2016-07-03'),
 ('DSKI15000174','DSKI150145','SOORYA MATCH',610,5,3050,'2016-07-03'),
 ('DSKI15000174','DSKI150155','LANKA SOYA 65/=',50,25,1250,'2016-07-03'),
 ('DSKI15000174','DSKI150156','SUNSILK SHAMPOO SH.(B/R/O/Y/BR)',6,60,360,'2016-07-03'),
 ('DSKI15000174','DSKI150161','DIVA WP 70g',9,40,350,'2016-07-03'),
 ('DSKI15000174','DSKI150162','DIVA WP 200g',35,6,210,'2016-07-03'),
 ('DSKI15000174','DSKI150163','DIVA WP 400g',53,6,318,'2016-07-03');
INSERT INTO `invoice` (`invoice_no`,`iid`,`item_name`,`unit_price`,`qty`,`netamount`,`date`) VALUES 
 ('DSKI15000174','DSKI150174','CHAMPIKA BEDI',860,5,4300,'2016-07-03'),
 ('DSKI15000174','DSKI150193','CREAM CRACKER 100/=',85,16,1360,'2016-07-03'),
 ('DSKI15000174','DSKI150194','CREAM CRACKER 175/=',590,2,1180,'2016-07-03'),
 ('DSKI15000174','DSKI150199','CHOCALATE CREAM 100g',41,50,2050,'2016-07-03'),
 ('DSKI15000174','DSKI150213','SHORTIES 400g(D /MIC /LU)',270,10,2700,'2016-07-03'),
 ('DSKI15000174','DSKI150220','LIFE BOUY SHAMPOO SH P 5/=',4,60,255,'2016-07-03'),
 ('DSKI15000174','DSKI150231','LANKA SOYA 30/=',22,50,1100,'2016-07-03'),
 ('DSKI15000174','DSKI150250','TIPI TIP (MIC) 10/=',270,1,270,'2016-07-03'),
 ('DSKI15000174','DSKI150265','CLOGARD 42/=',37,12,444,'2016-07-03'),
 ('DSKI15000174','DSKI150270','LANKA SOYA 65/=(O/P)',50,12,600,'2016-07-03'),
 ('DSKI15000175','DSKI150002','ANCHOR 400g',307,3,921,'2016-07-03'),
 ('DSKI15000175','DSKI150005','RATTHI 400g',307,6,1842,'2016-07-03'),
 ('DSKI15000175','DSKI150011','NESPRAY SH.18/=',17,30,495,'2016-07-03');
INSERT INTO `invoice` (`invoice_no`,`iid`,`item_name`,`unit_price`,`qty`,`netamount`,`date`) VALUES 
 ('DSKI15000175','DSKI150019','NESTAMOLT WEL 400g',255,6,1530,'2016-07-03'),
 ('DSKI15000175','DSKI150020','NESTAMOLT SH.25/=',23,30,690,'2016-07-03'),
 ('DSKI15000175','DSKI150022','VIVA WEL 400g',245,6,1470,'2016-07-03'),
 ('DSKI15000175','DSKI150056','MAGGI NOODLES 50/=',44,15,660,'2016-07-03'),
 ('DSKI15000175','DSKI150057','KOTTU MEE',45,6,270,'2016-07-03'),
 ('DSKI15000175','DSKI150059','PANADOL',370,1,370,'2016-07-03'),
 ('DSKI15000175','DSKI150061','SAMAHAN',490,1,490,'2016-07-03'),
 ('DSKI15000175','DSKI150070','BIC BLAD',80,5,400,'2016-07-03'),
 ('DSKI15000175','DSKI150101','NINJA COIL',55,15,825,'2016-07-03'),
 ('DSKI15000175','DSKI150102','NILMA LIQUID',215,1,215,'2016-07-03'),
 ('DSKI15000175','DSKI150103','DIAMOND(S)',65,12,780,'2016-07-03'),
 ('DSKI15000175','DSKI150107','RASAMALU SAMON',122,24,2928,'2016-07-03'),
 ('DSKI15000175','DSKI150120','HACKS',295,1,295,'2016-07-03'),
 ('DSKI15000175','DSKI150123','FOOT BALL 5/=',340,1,340,'2016-07-03');
INSERT INTO `invoice` (`invoice_no`,`iid`,`item_name`,`unit_price`,`qty`,`netamount`,`date`) VALUES 
 ('DSKI15000175','DSKI150124','5/= PIECE (CA/MU/TM/KI/LAY/ID/POL)',160,1,160,'2016-07-03'),
 ('DSKI15000175','DSKI150137','JELLY 10/=',350,1,350,'2016-07-03'),
 ('DSKI15000175','DSKI150145','SOORYA MATCH',620,1,620,'2016-07-03'),
 ('DSKI15000175','DSKI150152','REKHA NOODELES 500g',70,10,700,'2016-07-03'),
 ('DSKI15000175','DSKI150213','SHORTIES 400g(D /MIC /LU)',275,5,1375,'2016-07-03'),
 ('DSKI15000175','DSKI150220','LIFE BOUY SHAMPOO SH P 5/=',4,60,255,'2016-07-03'),
 ('DSKI15000175','DSKI150231','LANKA SOYA 30/=',22,50,1100,'2016-07-03'),
 ('DSKI15000175','DSKI150255','GODRIJ HAIR DIE',300,1,300,'2016-07-03'),
 ('DSKI15000175','DSKI150271','DADAYAM BUTTA SOYA 55/=',40,60,2400,'2016-07-03'),
 ('DSKI15000176','DSKI150002','ANCHOR 400g',308,5,1540,'2016-07-04'),
 ('DSKI15000176','DSKI150005','RATTHI 400g',308,5,1540,'2016-07-04'),
 ('DSKI15000176','DSKI150009','NESPRAY 400g',300,8,2400,'2016-07-04'),
 ('DSKI15000176','DSKI150011','NESPRAY SH.18/=',17,30,495,'2016-07-04');
INSERT INTO `invoice` (`invoice_no`,`iid`,`item_name`,`unit_price`,`qty`,`netamount`,`date`) VALUES 
 ('DSKI15000176','DSKI150020','NESTAMOLT SH.25/=',23,60,1380,'2016-07-04'),
 ('DSKI15000176','DSKI150024','SUNLIGHT SOAP',38,36,1350,'2016-07-04'),
 ('DSKI15000176','DSKI150026','KHOMBA SOAP',35,12,420,'2016-07-04'),
 ('DSKI15000176','DSKI150038','VIM 100g',18,20,360,'2016-07-04'),
 ('DSKI15000176','DSKI150052','SAMAPOSA 200g',51,25,1275,'2016-07-04'),
 ('DSKI15000176','DSKI150059','PANADOL',370,2,740,'2016-07-04'),
 ('DSKI15000176','DSKI150062','ASAMODAGAM',58,6,348,'2016-07-04'),
 ('DSKI15000176','DSKI150085','SIGNAL 40g',36,6,216,'2016-07-04'),
 ('DSKI15000176','DSKI150086','SIGNAL 70g',62,12,744,'2016-07-04'),
 ('DSKI15000176','DSKI150092','SUDANTHA 40g',53,12,636,'2016-07-04'),
 ('DSKI15000176','DSKI150097','SIGNAL BRUSH',37,12,444,'2016-07-04'),
 ('DSKI15000176','DSKI150106','DIAMOND JACK',124,24,2976,'2016-07-04'),
 ('DSKI15000176','DSKI150107','RASAMALU SAMON',122,24,2928,'2016-07-04'),
 ('DSKI15000176','DSKI150108','CAPTON SAMAN',265,6,1590,'2016-07-04');
INSERT INTO `invoice` (`invoice_no`,`iid`,`item_name`,`unit_price`,`qty`,`netamount`,`date`) VALUES 
 ('DSKI15000176','DSKI150118','TOFFIE 1/=',85,2,170,'2016-07-04'),
 ('DSKI15000176','DSKI150122','CENTRE FRUIT',235,1,235,'2016-07-04'),
 ('DSKI15000176','DSKI150140','MILLO',38,84,3192,'2016-07-04'),
 ('DSKI15000176','DSKI150174','CHAMPIKA BEDI',860,2,1720,'2016-07-04'),
 ('DSKI15000176','DSKI150216','WAFERS 110/=(C / S / L / V)',510,2,1020,'2016-07-04'),
 ('DSKI15000176','DSKI150230','CLOGARD BRUSH',30,36,1080,'2016-07-04'),
 ('DSKI15000176','DSKI150240','ONION BISCUT 20/=',480,1,480,'2016-07-04'),
 ('DSKI15000176','DSKI150241','DIVA W/P 1KG 150/=',130,6,780,'2016-07-04'),
 ('DSKI15000176','DSKI150271','DADAYAM BUTTA SOYA 55/=',40,60,2400,'2016-07-04'),
 ('DSKI15000177','DSKI150005','RATTHI 400g',310,4,1240,'2016-07-04'),
 ('DSKI15000177','DSKI150008','RATTHI SH.130/=',124,6,744,'2016-07-04'),
 ('DSKI15000177','DSKI150018','NESTAMOLT 400g',270,6,1620,'2016-07-04'),
 ('DSKI15000177','DSKI150019','NESTAMOLT WEL 400g',262,3,786,'2016-07-04'),
 ('DSKI15000177','DSKI150024','SUNLIGHT SOAP',38,12,456,'2016-07-04');
INSERT INTO `invoice` (`invoice_no`,`iid`,`item_name`,`unit_price`,`qty`,`netamount`,`date`) VALUES 
 ('DSKI15000177','DSKI150025','LIFE BOUY SOAP',43,12,516,'2016-07-04'),
 ('DSKI15000177','DSKI150038','VIM 100g',18,20,360,'2016-07-04'),
 ('DSKI15000177','DSKI150042','LA O JEE 50g',49,36,1764,'2016-07-04'),
 ('DSKI15000177','DSKI150048','KOTAGALA SH.20/=',17,24,408,'2016-07-04'),
 ('DSKI15000177','DSKI150054','MAGGI NOODLES 30/=',26,30,780,'2016-07-04'),
 ('DSKI15000177','DSKI150057','KOTTU MEE',46,10,460,'2016-07-04'),
 ('DSKI15000177','DSKI150059','PANADOL',370,1,370,'2016-07-04'),
 ('DSKI15000177','DSKI150083','AA',27,12,324,'2016-07-04'),
 ('DSKI15000177','DSKI150085','SIGNAL 40g',36,12,432,'2016-07-04'),
 ('DSKI15000177','DSKI150121','BUBBLE GUM',130,1,130,'2016-07-04'),
 ('DSKI15000177','DSKI150122','CENTRE FRUIT',235,1,235,'2016-07-04'),
 ('DSKI15000177','DSKI150124','5/= PIECE (CA/MU/TM/KI/LAY/ID/POL)',160,5,800,'2016-07-04'),
 ('DSKI15000177','DSKI150138','MASMELOS 5/=',170,1,170,'2016-07-04'),
 ('DSKI15000177','DSKI150140','MILLO',39,20,780,'2016-07-04');
INSERT INTO `invoice` (`invoice_no`,`iid`,`item_name`,`unit_price`,`qty`,`netamount`,`date`) VALUES 
 ('DSKI15000177','DSKI150150','ORANGE BULB(40/60/75/100 W)',60,25,1500,'2016-07-04'),
 ('DSKI15000177','DSKI150174','CHAMPIKA BEDI',860,3,2580,'2016-07-04'),
 ('DSKI15000177','DSKI150183','KUMARIKA H/O 150/=',128,6,768,'2016-07-04'),
 ('DSKI15000177','DSKI150185','TIKIRI MARIE 100g',25,20,500,'2016-07-04'),
 ('DSKI15000177','DSKI150187','LITE MARIE 100g',18,20,360,'2016-07-04'),
 ('DSKI15000177','DSKI150191','CREAM CRACKER 50/=',44,12,528,'2016-07-04'),
 ('DSKI15000177','DSKI150193','CREAM CRACKER 100/=',87,8,696,'2016-07-04'),
 ('DSKI15000177','DSKI150194','CREAM CRACKER 175/=',600,1,600,'2016-07-04'),
 ('DSKI15000177','DSKI150212','MUNCHEE SHORTIES 400g',410,2,820,'2016-07-04'),
 ('DSKI15000177','DSKI150235','NESTOMALT 175g',140,3,420,'2016-07-04'),
 ('DSKI15000177','DSKI150240','ONION BISCUT 20/=',480,1,480,'2016-07-04'),
 ('DSKI15000177','DSKI150268','PARIS POWDER 45/=',40,3,120,'2016-07-04'),
 ('DSKI15000177','DSKI150269','PARIS POWDER 70/=',60,3,180,'2016-07-04');
INSERT INTO `invoice` (`invoice_no`,`iid`,`item_name`,`unit_price`,`qty`,`netamount`,`date`) VALUES 
 ('DSKI15000177','DSKI150271','DADAYAM BUTTA SOYA 55/=',43,25,1075,'2016-07-04'),
 ('DSKI15000178','DSKI150001','ANCHOR 250g',310,3,930,'2016-07-05'),
 ('DSKI15000178','DSKI150002','ANCHOR 400g',310,3,930,'2016-07-04'),
 ('DSKI15000178','DSKI150005','RATTHI 400g',310,3,930,'2016-07-04'),
 ('DSKI15000178','DSKI150009','NESPRAY 400g',305,3,915,'2016-07-04'),
 ('DSKI15000178','DSKI150018','NESTAMOLT 400g',270,6,1620,'2016-07-04'),
 ('DSKI15000178','DSKI150020','NESTAMOLT SH.25/=',23,30,690,'2016-07-04'),
 ('DSKI15000178','DSKI150021','VIVA 400g',260,3,780,'2016-07-04'),
 ('DSKI15000178','DSKI150021','VIVA 400g',265,3,795,'2016-07-04'),
 ('DSKI15000178','DSKI150024','SUNLIGHT SOAP',37,120,4440,'2016-07-04'),
 ('DSKI15000178','DSKI150025','LIFE BOUY SOAP',43,24,1032,'2016-07-04'),
 ('DSKI15000178','DSKI150032','DELMA SOAP (S/A)',30,12,360,'2016-07-04'),
 ('DSKI15000178','DSKI150036','CHERAMY BABY (O/N)',38,36,1368,'2016-07-04'),
 ('DSKI15000178','DSKI150038','VIM 100g',18,15,270,'2016-07-04');
INSERT INTO `invoice` (`invoice_no`,`iid`,`item_name`,`unit_price`,`qty`,`netamount`,`date`) VALUES 
 ('DSKI15000178','DSKI150042','LA O JEE 50g',48,24,1152,'2016-07-04'),
 ('DSKI15000178','DSKI150046','WATAWALA 50g',48,12,576,'2016-07-04'),
 ('DSKI15000178','DSKI150048','KOTAGALA SH.20/=',17,24,408,'2016-07-04'),
 ('DSKI15000178','DSKI150049','ZENRA 50g',47,12,564,'2016-07-04'),
 ('DSKI15000178','DSKI150054','MAGGI NOODLES 30/=',26,12,312,'2016-07-04'),
 ('DSKI15000178','DSKI150059','PANADOL',370,2,740,'2016-07-04'),
 ('DSKI15000178','DSKI150061','SAMAHAN',500,1,500,'2016-07-04'),
 ('DSKI15000178','DSKI150069','BIC ORANGE',34,12,408,'2016-07-04'),
 ('DSKI15000178','DSKI150070','BIC BLAD',80,5,400,'2016-07-04'),
 ('DSKI15000178','DSKI150083','AA',27,12,324,'2016-07-04'),
 ('DSKI15000178','DSKI150085','SIGNAL 40g',36,12,432,'2016-07-04'),
 ('DSKI15000178','DSKI150086','SIGNAL 70g',63,12,756,'2016-07-04'),
 ('DSKI15000178','DSKI150092','SUDANTHA 40g',53,12,636,'2016-07-04'),
 ('DSKI15000178','DSKI150101','NINJA COIL',55,10,550,'2016-07-04'),
 ('DSKI15000178','DSKI150102','NILMA LIQUID',215,1,215,'2016-07-04');
INSERT INTO `invoice` (`invoice_no`,`iid`,`item_name`,`unit_price`,`qty`,`netamount`,`date`) VALUES 
 ('DSKI15000178','DSKI150103','DIAMOND(S)',65,12,780,'2016-07-04'),
 ('DSKI15000178','DSKI150106','DIAMOND JACK',125,24,3000,'2016-07-04'),
 ('DSKI15000178','DSKI150109','BUDDY SHOPPIN',85,3,255,'2016-07-04'),
 ('DSKI15000178','DSKI150117','LUNCH SHEET',225,3,675,'2016-07-04'),
 ('DSKI15000178','DSKI150118','TOFFIE 1/=',90,2,180,'2016-07-04'),
 ('DSKI15000178','DSKI150119','MYLADY',240,1,240,'2016-07-04'),
 ('DSKI15000178','DSKI150120','HACKS',300,1,300,'2016-07-04'),
 ('DSKI15000178','DSKI150122','CENTRE FRUIT',235,1,235,'2016-07-04'),
 ('DSKI15000178','DSKI150124','5/= PIECE (CA/MU/TM/KI/LAY/ID/POL)',160,2,320,'2016-07-04'),
 ('DSKI15000178','DSKI150125','WAFER CHOCKS',200,1,200,'2016-07-04'),
 ('DSKI15000178','DSKI150129','CHOCALATE 20/=',384,1,384,'2016-07-04'),
 ('DSKI15000178','DSKI150136','JELLY 5/=',55,2,110,'2016-07-04'),
 ('DSKI15000178','DSKI150137','JELLY 10/=',350,1,350,'2016-07-04'),
 ('DSKI15000178','DSKI150143','HANDUNKURU 50/=(R/P)',456,1,456,'2016-07-04');
INSERT INTO `invoice` (`invoice_no`,`iid`,`item_name`,`unit_price`,`qty`,`netamount`,`date`) VALUES 
 ('DSKI15000178','DSKI150145','SOORYA MATCH',630,2,1260,'2016-07-04'),
 ('DSKI15000178','DSKI150149','AMEENS HAIR DIE',360,2,720,'2016-07-04'),
 ('DSKI15000178','DSKI150150','ORANGE BULB(40/60/75/100 W)',60,15,900,'2016-07-04'),
 ('DSKI15000178','DSKI150156','SUNSILK SHAMPOO SH.(B/R/O/Y/BR)',6,96,576,'2016-07-04'),
 ('DSKI15000178','DSKI150158','LIFE BOUY SHAMPOO SH.(B/P/G)',5,72,378,'2016-07-04'),
 ('DSKI15000178','DSKI150162','DIVA WP 200g',36,15,540,'2016-07-04'),
 ('DSKI15000178','DSKI150163','DIVA WP 400g',54,12,648,'2016-07-04'),
 ('DSKI15000178','DSKI150168','SUNLIGHT WP 1kg',135,3,405,'2016-07-04'),
 ('DSKI15000178','DSKI150174','CHAMPIKA BEDI',860,2,1720,'2016-07-04'),
 ('DSKI15000178','DSKI150176','PAHANTHIRA 5/=',250,1,250,'2016-07-04'),
 ('DSKI15000178','DSKI150185','TIKIRI MARIE 100g',25,60,1470,'2016-07-04'),
 ('DSKI15000178','DSKI150187','LITE MARIE 100g',18,48,840,'2016-07-04'),
 ('DSKI15000178','DSKI150193','CREAM CRACKER 100/=',85,8,680,'2016-07-04');
INSERT INTO `invoice` (`invoice_no`,`iid`,`item_name`,`unit_price`,`qty`,`netamount`,`date`) VALUES 
 ('DSKI15000178','DSKI150195','LEMON PUFF (S)',48,12,576,'2016-07-04'),
 ('DSKI15000178','DSKI150196','LEMON PUFF (L)',88,12,1056,'2016-07-04'),
 ('DSKI15000178','DSKI150221','DANDEX SHAMPOO SH 5/=',4,36,153,'2016-07-04'),
 ('DSKI15000178','DSKI150241','DIVA W/P 1KG 150/=',130,6,780,'2016-07-04'),
 ('DSKI15000178','DSKI150243','VELVET 50/=',43,12,516,'2016-07-04'),
 ('DSKI15000178','DSKI150271','DADAYAM BUTTA SOYA 55/=',41,60,2460,'2016-07-04'),
 ('DSKI15000179','DSKI150002','ANCHOR 400g',310,56,17360,'2016-07-05'),
 ('DSKI15000180','DSKI150001','ANCHOR 250g',250,1,250,'2016-07-15'),
 ('DSKI15000180','DSKI150021','VIVA 400g',56,5,280,'2016-07-15'),
 ('DSKI15000180','DSKI150024','SUNLIGHT SOAP',25,2,50,'2016-07-15'),
 ('DSKI15000180','DSKI150031','DETOL SOAP',38,10,380,'2016-07-15'),
 ('DSKI15000180','DSKI150057','KOTTU MEE',52,3,156,'2016-07-15'),
 ('DSKI15000180','DSKI150063','IDEX 70/=',85,5,425,'2016-07-15'),
 ('DSKI15000180','DSKI150068','BIC EASY2',45,5,225,'2016-07-15');
INSERT INTO `invoice` (`invoice_no`,`iid`,`item_name`,`unit_price`,`qty`,`netamount`,`date`) VALUES 
 ('DSKI15000180','DSKI150080','GILLETTE',36,60,2160,'2016-07-15'),
 ('DSKI15000180','DSKI150092','SUDANTHA 40g',23,3,69,'2016-07-15'),
 ('DSKI15000180','DSKI150099','DENTA BRUSH',50,2,100,'2016-07-15'),
 ('DSKI15000180','DSKI150123','FOOT BALL 5/=',20,1,20,'2016-07-15'),
 ('DSKI15000180','DSKI150126','JUJUBBS 2/=',3,2,6,'2016-07-15'),
 ('DSKI15000180','DSKI150137','JELLY 10/=',25,5,125,'2016-07-15'),
 ('DSKI15000180','DSKI150141','HANDUNKURU 10/=',25,2,50,'2016-07-15'),
 ('DSKI15000180','DSKI150166','SUNLIGHT WP 200g',60,5,300,'2016-07-15'),
 ('DSKI15000180','DSKI150242','HEAD PAST 75/=',45,5,225,'2016-07-15');
/*!40000 ALTER TABLE `invoice` ENABLE KEYS */;


--
-- Table structure for table `dmk`.`invoice_info`
--

DROP TABLE IF EXISTS `invoice_info`;
CREATE TABLE `invoice_info` (
  `invoice_no` varchar(45) NOT NULL,
  `date` date default NULL,
  `item_count` double default NULL,
  `total_amount` double default NULL,
  `cid` varchar(255) NOT NULL,
  `route` varchar(255) default NULL,
  `cost` double(45,0) default NULL,
  PRIMARY KEY  (`invoice_no`,`cid`),
  KEY `fk_invoice_has_customer_customer1_idx` (`cid`),
  KEY `fk_invoice_has_customer_invoice1_idx` (`invoice_no`)
) ENGINE=InnoDB DEFAULT CHARSET=utf8;

--
-- Dumping data for table `dmk`.`invoice_info`
--

/*!40000 ALTER TABLE `invoice_info` DISABLE KEYS */;
/*!40000 ALTER TABLE `invoice_info` ENABLE KEYS */;


--
-- Table structure for table `dmk`.`items`
--

DROP TABLE IF EXISTS `items`;
CREATE TABLE `items` (
  `iid` varchar(45) NOT NULL,
  `name` varchar(45) NOT NULL,
  `status` varchar(45) default NULL,
  `item_combo` varchar(250) default NULL,
  PRIMARY KEY  (`iid`)
) ENGINE=InnoDB DEFAULT CHARSET=utf8;

--
-- Dumping data for table `dmk`.`items`
--

/*!40000 ALTER TABLE `items` DISABLE KEYS */;
INSERT INTO `items` (`iid`,`name`,`status`,`item_combo`) VALUES 
 ('DSKI150001','ANCHOR 250g','Active','DSKI150001-ANCHOR 250g'),
 ('DSKI150002','ANCHOR 400g','Active','DSKI150002-ANCHOR 400g'),
 ('DSKI150003','ANCHOR 1kg','Active','DSKI150003-ANCHOR 1kg'),
 ('DSKI150004','RATTHI 250g','Active','DSKI150004-RATTHI 250g'),
 ('DSKI150005','RATTHI 400g','Active','DSKI150005-RATTHI 400g'),
 ('DSKI150006','RATTHI 1kg','Active','DSKI150006-RATTHI 1kg'),
 ('DSKI150007','RATTHI SH.70/=','Active','DSKI150007-RATTHI SH.70/='),
 ('DSKI150008','RATTHI SH.130/=','Active','DSKI150008-RATTHI SH.130/='),
 ('DSKI150009','NESPRAY 400g','Active','DSKI150009-NESPRAY 400g'),
 ('DSKI150010','NESPRAY 1kg','Active','DSKI150010-NESPRAY 1kg'),
 ('DSKI150011','NESPRAY SH.18/=','Active','DSKI150011-NESPRAY SH.18/=0'),
 ('DSKI150012','MALIBAN 400g','Active','DSKI150012-MALIBAN 400g'),
 ('DSKI150013','MALIBAN 1kg','Active','DSKI150013-MALIBAN 1kg'),
 ('DSKI150014','MALIBAN SH.18/=','Active','DSKI150014-MALIBAN SH.18/='),
 ('DSKI150015','MALIBAN SH.65/=','Active','DSKI150015-MALIBAN SH.65/=');
INSERT INTO `items` (`iid`,`name`,`status`,`item_combo`) VALUES 
 ('DSKI150016','MALIBAN SH.125/=','Active','DSKI150016-MALIBAN SH.125/='),
 ('DSKI150017','NESTAMOLT 250g','Active','DSKI150017-NESTAMOLT 250g'),
 ('DSKI150018','NESTAMOLT 400g','Active','DSKI150018-NESTAMOLT 400g'),
 ('DSKI150019','NESTAMOLT WEL 400g','Active','DSKI150019-NESTAMOLT WELFARE 400g'),
 ('DSKI150020','NESTAMOLT SH.25/=','Active','DSKI150020-NESTAMOLT SH.25/='),
 ('DSKI150021','VIVA 400g','Active','DSKI150021-VIVA 400g'),
 ('DSKI150022','VIVA WEL 400g','Active','DSKI150022-VIVA WELFARE 400g'),
 ('DSKI150023','VIVA SH.25/=','Active','DSKI150023-VIVA SH.25/='),
 ('DSKI150024','SUNLIGHT SOAP','Active','DSKI150024-SUNLIGHT'),
 ('DSKI150025','LIFE BOUY SOAP','Active','DSKI150025-LIFE BOUY SOAP'),
 ('DSKI150026','KHOMBA SOAP','Active','DSKI150026-KHOMBO SOAP'),
 ('DSKI150027','RANI SOAP','Active','DSKI150027-RANI SOAP'),
 ('DSKI150028','VENIVAL','Active','DSKI150028-VENIVAL'),
 ('DSKI150029','VELVET SOAP','Active','DSKI150029-VELVET SOAP'),
 ('DSKI150030','LUX SOAP','Active','DSKI150030-LUX SOAP');
INSERT INTO `items` (`iid`,`name`,`status`,`item_combo`) VALUES 
 ('DSKI150031','DETOL SOAP','Active','DSKI150031-DETOL SOAP'),
 ('DSKI150032','DELMA SOAP (S/A)','Active','DSKI150032-DELMA SOAP (S/A)'),
 ('DSKI150033','DELMA LIGHT SOAP','Active','DSKI150033-DELMA LIGHT SOAP'),
 ('DSKI150034','HAPPY BOUY','Active','DSKI150034-HAPPY BOUY'),
 ('DSKI150035','KHOMBA BABY (R/W)','Active','DSKI150035-KHOMBA BABY '),
 ('DSKI150036','CHERAMY BABY (O/N)','Active','DSKI150036-CHERAMY BABY'),
 ('DSKI150037','PEARS BABY (P/R/H)','Active','DSKI150037-PEARS BABY'),
 ('DSKI150038','VIM 100g','Active','DSKI150038-VIM'),
 ('DSKI150039','VIM 200g','Active','DSKI150039-VIM 200g'),
 ('DSKI150040','VIM 400g','Active','DSKI150040-VIM 400g'),
 ('DSKI150041','LA O JEE BATTA','Active','DSKI150041-LA O JEE BATTA'),
 ('DSKI150042','LA O JEE 50g','Active','DSKI150042-LA O JEE 50g'),
 ('DSKI150043','LA O JEE 100g','Active','DSKI150043-LA O JEE 100g'),
 ('DSKI150044','CEYLONTA 50g','Active','DSKI150044-CEYLONTA 50g'),
 ('DSKI150045','CEYLONTA 100g','Active','DSKI150045-CEYLONTA 100g');
INSERT INTO `items` (`iid`,`name`,`status`,`item_combo`) VALUES 
 ('DSKI150046','WATAWALA 50g','Active','0046-WATAWALA 50g'),
 ('DSKI150047','WATAWALA 100g','Active','DSKI150047-WATAWALA 100g'),
 ('DSKI150048','KOTAGALA SH.20/=','Active','DSKI150048-KOTAGALA SH.20/='),
 ('DSKI150049','ZENRA 50g','Active','DSKI150049-ZENRA 50g'),
 ('DSKI150050','ZENRA 100g','Active','DSKI150050-ZENRA 100g'),
 ('DSKI150051','SAMAPOSA 80g','Active','DSKI150051-SAMAPOSA 80g'),
 ('DSKI150052','SAMAPOSA 200g','Active','DSKI150052-SAMAPOSA 200g'),
 ('DSKI150053','MAGGI NOODLES 28/=','Active','DSKI150053-MAGGI NOODLES 28/='),
 ('DSKI150054','MAGGI NOODLES 30/=','Active','DSKI150054-MAGGI NOODLES 30/='),
 ('DSKI150055','MAGGI NOODLES 47/=','Active','DSKI150055-MAGGI NOODLES 47/='),
 ('DSKI150056','MAGGI NOODLES 50/=','Active','DSKI150056-MAGGI NOODLES 50/='),
 ('DSKI150057','KOTTU MEE','Active','DSKI150057-KOTTU MEE'),
 ('DSKI150058','PRIMA NOODELES 168/=','Active','DSKI150058-PRIMA NOODELES 168/='),
 ('DSKI150059','PANADOL','Active','DSKI150059-PANADOL'),
 ('DSKI150060','PNADOL SYRUP','Active','DSKI150060-PNADOL SYRUP');
INSERT INTO `items` (`iid`,`name`,`status`,`item_combo`) VALUES 
 ('DSKI150061','SAMAHAN','Active','DSKI150061-SAMAHAN'),
 ('DSKI150062','ASAMODAGAM','Active','DSKI150062-ASAMODAGAM'),
 ('DSKI150063','IDEX 70/=','Active','DSKI150063-IDEX 70/='),
 ('DSKI150064','HEAD PAST 75/=','Active','DSKI150064-HEAD PAST 75/='),
 ('DSKI150065','SIDDALEPA 25/=','Active','DSKI150065-SIDDALEPA 25/='),
 ('DSKI150066','SIDDALEPA 40/=','Active','DSKI150066-SIDDALEPA 40/='),
 ('DSKI150067','MORISION 100ml','Active','DSKI150067-MORISION 100ml'),
 ('DSKI150068','BIC EASY2','Active','DSKI150068-BIC EASY2'),
 ('DSKI150069','BIC ORANGE','Active','DSKI150069-BIC ORANGE'),
 ('DSKI150070','BIC BLAD','Active','DSKI150070-BIC BLAD'),
 ('DSKI150080','GILLETTE','Active','DSKI150080-GILLETTE'),
 ('DSKI150081','VIDYUT BLADE','Active','DSKI150081-VIDYUT BLADE'),
 ('DSKI150082','PANASONIC BATTRY','Active','DSKI150082-PANASONIC BATTRY'),
 ('DSKI150083','AA','Active','DSKI150083-AA'),
 ('DSKI150084','AAA','Active','DSKI150084-AAA'),
 ('DSKI150085','SIGNAL 40g','Active','DSKI150085- SIGNAL 40g');
INSERT INTO `items` (`iid`,`name`,`status`,`item_combo`) VALUES 
 ('DSKI150086','SIGNAL 70g','Active','DSKI150086-SIGNAL 70g'),
 ('DSKI150087','SIGNAL 120g','Active','DSKI150087-SIGNAL 120g'),
 ('DSKI150088','SIGNAL 160g','Active','DSKI150088-SIGNAL 160g'),
 ('DSKI150089','CLOGURD 40g','Active','DSKI150089-CLOGURD 40g'),
 ('DSKI150090','CLOGURD 70g','Active','DSKI150090-CLOGURD 70g'),
 ('DSKI150091','CLOGURD 120g','Active','DSKI150091-CLOGURD 120g'),
 ('DSKI150092','SUDANTHA 40g','Active','DSKI150092-SUDANTHA 40g'),
 ('DSKI150093','SUDANTHA 80g','Active','DSKI150093-SUDANTHA 80g'),
 ('DSKI150094','SUPIRIVIKI 40g','Active','DSKI150094-SUPIRIVIKI 40g'),
 ('DSKI150095','SUPIRIVIKI 70g','Active','DSKI150095-SUPIRIVIKI 70g'),
 ('DSKI150096','SUPIRIVIKI 110g','Active','DSKI150096-SUPIRIVIKI 110g'),
 ('DSKI150097','SIGNAL BRUSH','Active','DSKI150097-SIGNAL BRUSH'),
 ('DSKI150098','SIGNAL JUNIOR','Active','DSKI150098-SIGNAL JUNIOR'),
 ('DSKI150099','DENTA BRUSH','Active','DSKI150099-DENTA BRUSH'),
 ('DSKI150100','DENTA JUNIOR','Active','DSKI150100-DENTA JUNIOR');
INSERT INTO `items` (`iid`,`name`,`status`,`item_combo`) VALUES 
 ('DSKI150101','NINJA COIL','Active','DSKI150101-NINJA COIL'),
 ('DSKI150102','NILMA LIQUID','Active','DSKI150102-NILMA LIQUID'),
 ('DSKI150103','DIAMOND(S)','Active','DSKI150103-DIAMOND(S)'),
 ('DSKI150104','DIAMOND(M)','Active','DSKI150104-DIAMOND(M)'),
 ('DSKI150105','DIAMOND(L)','Active','DSKI150105-DIAMOND(L)'),
 ('DSKI150106','DIAMOND JACK','Active','DSKI150106-DIAMOND JACK'),
 ('DSKI150107','RASAMALU SAMON','Active','DSKI150107-RASAMALU SAMON'),
 ('DSKI150108','CAPTON SAMAN','Active','DSKI150108-CAPTON SAMAN'),
 ('DSKI150109','BUDDY SHOPPIN','Active','DSKI150109-BUDDY SHOPPIN'),
 ('DSKI150110','2/= SHOPPIN','Active','DSKI150110-2/= SHOPPIN'),
 ('DSKI150111','3/= SHOPPIN','Active','DSKI150111-3/= SHOPPIN'),
 ('DSKI150112','5/= SHOPPIN','Active','DSKI150112-5/= SHOPPIN'),
 ('DSKI150113','10/= SHOPPIN','Active','DSKI150113-10/= SHOPPIN'),
 ('DSKI150115','GROCERY (7x5)','Active','DSKI150115-GROCERY (7x5)'),
 ('DSKI150116','GROCERY (7x10)','Active','DSKI150116-GROCERY (7x10)'),
 ('DSKI150117','LUNCH SHEET','Active','DSKI150117-LUNCH SHEET');
INSERT INTO `items` (`iid`,`name`,`status`,`item_combo`) VALUES 
 ('DSKI150118','TOFFIE 1/=','Active','DSKI150118-TOFFIE 1/='),
 ('DSKI150119','MYLADY','Active','DSKI150119-MYLADY'),
 ('DSKI150120','HACKS','Active','DSKI150120-HACKS'),
 ('DSKI150121','BUBBLE GUM','Active','DSKI150121-BUBBLE GUM'),
 ('DSKI150122','CENTRE FRUIT','Active','DSKI150122-CENTRE FRUIT'),
 ('DSKI150123','FOOT BALL 5/=','Active','DSKI150123-FOOT BALL 5/='),
 ('DSKI150124','5/= PIECE (CA/MU/TM/KI/LAY/ID/POL)','Active','DSKI150124-5/= PIECE (CA/MU/TM/KI/LAY/ID/POL) '),
 ('DSKI150125','WAFER CHOCKS','Active','DSKI150125-WAFER CHOCKS'),
 ('DSKI150126','JUJUBBS 2/=','Active','DSKI150126-JUJUBBS 2/='),
 ('DSKI150127','CHOCALATE 2/=','Active','DSKI150127-CHOCALATE 2/='),
 ('DSKI150128','CHOCALATE 10/=','Active','DSKI150128-CHOCALATE 10/='),
 ('DSKI150129','CHOCALATE 20/=','Active','DSKI150129-CHOCALATE 20/='),
 ('DSKI150130','CHOCALATE 30/=','Active','DSKI150130-CHOCALATE 30/='),
 ('DSKI150131','CHOCALATE 50/=','Active','DSKI150131-CHOCALATE 50/='),
 ('DSKI150132','CHOCALATE 50/=','Active','DSKI150132-CHOCALATE 50/=');
INSERT INTO `items` (`iid`,`name`,`status`,`item_combo`) VALUES 
 ('DSKI150133','CHOCALATE 100/=','Active','DSKI150133-CHOCALATE 100/='),
 ('DSKI150134','TIPI TIP 10/=','Active','DSKI150134-TIPI TIP 10/='),
 ('DSKI150135','TIPI TIP 60/=','Active','DSKI150135-TIPI TIP 60/='),
 ('DSKI150136','JELLY 5/=','Active','DSKI150136-JELLY 5/='),
 ('DSKI150137','JELLY 10/=','Active','DSKI150137-JELLY 10/='),
 ('DSKI150138','MASMELOS 5/=','Active','DSKI150138-MASMELOS 5/='),
 ('DSKI150139','PEPERMINT','Active','DSKI150139-PEPERMINT'),
 ('DSKI150140','MILLO','Active','DSKI150140-MILLO'),
 ('DSKI150141','HANDUNKURU 10/=','Active','DSKI150141-HANDUNKURU 10/='),
 ('DSKI150142','SIX O CLOCK 20/=','Active','DSKI150142-SIX O CLOCK 20/='),
 ('DSKI150143','HANDUNKURU 50/=(R/P)','Active','DSKI150143-HANDUNKURU 50/=(R/P)'),
 ('DSKI150144','AMRITHA 80/= (O/R/B/H/J)','Active','DSKI150144-AMRITHA 80/= (O/R/B/H/J)'),
 ('DSKI150145','SOORYA MATCH','Active','00145-SOORYA MATCH'),
 ('DSKI150146','MATCHES','Active','DSKI150146-MATCHES'),
 ('DSKI150147','EVA ROSE','Active','DSKI150147-EVA ROSE');
INSERT INTO `items` (`iid`,`name`,`status`,`item_combo`) VALUES 
 ('DSKI150148','EVA PINK','Active','DSKI150148-EVA PINK'),
 ('DSKI150149','AMEENS HAIR DIE','Active','DSKI150149-AMEENS HAIR DIE'),
 ('DSKI150150','ORANGE BULB(40/60/75/100 W)','Active','DSKI150150-ORANGE BULB(40/60/75/100 W)'),
 ('DSKI150151','REKHA PAPADAM','Active','DSKI150151-REKHA PAPADAM'),
 ('DSKI150152','REKHA NOODELES 500g','Active','DSKI150152-REKHA NOODELES 500g'),
 ('DSKI150153','LANKA SOYA 25/=','Active','DSKI150153-LANKA SOYA 25/='),
 ('DSKI150154','LANKA SOYA 60/=','Active','DSKI150154-LANKA SOYA 60/='),
 ('DSKI150155','LANKA SOYA 65/=','Active','DSKI150155-LANKA SOYA 65/='),
 ('DSKI150156','SUNSILK SHAMPOO SH.(B/R/O/Y/BR)','Active','DSKI150156-SUNSILK SHAMPOO SH.(B/R/O/Y/BR)'),
 ('DSKI150157','SUNSILK SHAMPOO BOT.(B/R/O/Y/BR)','Active','DSKI150157-SUNSILK SHAMPOO BOT.(B/R/O/Y/BR)'),
 ('DSKI150158','LIFE BOUY SHAMPOO SH.(B/P/G)','Active','DSKI150158-LIFE BOUY SHAMPOO SH.(B/P/G)'),
 ('DSKI150159','LIFE BOUY SHAMPOO BOT.(B/G)','Active','DSKI150159-LIFE BOUY SHAMPOO BOT.(B/G)'),
 ('DSKI150160','LIFE BOUY SHAMPOO BOT.(P)','Active','DSKI150160-LIFE BOUY SHAMPOO BOT.(P)');
INSERT INTO `items` (`iid`,`name`,`status`,`item_combo`) VALUES 
 ('DSKI150161','DIVA WP 70g','Active','DSKI150161-DIVA WP 70g'),
 ('DSKI150162','DIVA WP 200g','Active','DSKI150162-DIVA WP 200g'),
 ('DSKI150163','DIVA WP 400g','Active','DSKI150163-DIVA WP 400g'),
 ('DSKI150164','DIVA WP 1kg','Active','DSKI150164-DIVA WP 1kg'),
 ('DSKI150165','SUNLIGHT WP 10/=','Active','DSKI150165-SUNLIGHT WP 10/='),
 ('DSKI150166','SUNLIGHT WP 200g','Active','DSKI150166-SUNLIGHT WP 200g'),
 ('DSKI150167','SUNLIGHT WP 400g','Active','DSKI150167-SUNLIGHT WP 400g'),
 ('DSKI150168','SUNLIGHT WP 1kg','Active','DSKI150168-SUNLIGHT WP 1kg'),
 ('DSKI150169','SURF EXEL 7/=','Active','DSKI150169-SURF EXEL 7/='),
 ('DSKI150170','SURF EXEL 20/=','Active','DSKI150170-SURF EXEL 20/='),
 ('DSKI150171','SURF EXEL 50/=','Active','DSKI150171-SURF EXEL 50/='),
 ('DSKI150172','SURF EXEL 50/=','Active','DSKI150172-SURF EXEL 50/='),
 ('DSKI150173','SURF EXEL 500g','Active','DSKI150173-SURF EXEL 500g'),
 ('DSKI150174','CHAMPIKA BEDI','Active','DSKI150174-CHAMPIKA BEDI'),
 ('DSKI150175','A K SURUTTU','Active','DSKI150175-A K SURUTTU');
INSERT INTO `items` (`iid`,`name`,`status`,`item_combo`) VALUES 
 ('DSKI150176','PAHANTHIRA 5/=','Active','DSKI150176-PAHANTHIRA 5/='),
 ('DSKI150177','BABY CREAM 80/=','Active','DSKI150177-BABY CREAM 80/='),
 ('DSKI150178','BABY CREAM 135/=','Active','DSKI150178-BABY CREAM 135/='),
 ('DSKI150179','BABY POWDER','Active','DSKI150179-BABY POWDER'),
 ('DSKI150180','BABY COLONE','Active','DSKI150180-BABY COLONE'),
 ('DSKI150181','BABY SHAMPOO','Active','DSKI150181-BABY SHAMPOO'),
 ('DSKI150182','KUMARIKA H/O 140/=','Active','DSKI150182-KUMARIKA H/O 140/='),
 ('DSKI150183','KUMARIKA H/O 150/=','Active','DSKI150183-KUMARIKA H/O 150/='),
 ('DSKI150184','KESHA H/O','Active','DSKI150184-KESHA H/O'),
 ('DSKI150185','TIKIRI MARIE 100g','Active','DSKI150185-TIKIRI MARIE 100g'),
 ('DSKI150186','TIKIRI MARIE 400g','Active','DSKI150186-TIKIRI MARIE 400g'),
 ('DSKI150187','LITE MARIE 100g','Active','DSKI150187-LITE MARIE 100g'),
 ('DSKI150188','LITE MARIE 400g','Active','DSKI150188-LITE MARIE 400g'),
 ('DSKI150189','CHOCOLATE MARIE 100g','Active','DSKI150189-CHOCOLATE MARIE 100g');
INSERT INTO `items` (`iid`,`name`,`status`,`item_combo`) VALUES 
 ('DSKI150190','CHOCOLATE MARIE 400g','Active','DSKI150190-CHOCOLATE MARIE 400g'),
 ('DSKI150191','CREAM CRACKER 50/=','Active','DSKI150191-CREAM CRACKER 50/='),
 ('DSKI150192','CREAM CRACKER 75/=','Active','DSKI150192-CREAM CRACKER 75/='),
 ('DSKI150193','CREAM CRACKER 100/=','Active','DSKI150193-CREAM CRACKER 100/='),
 ('DSKI150194','CREAM CRACKER 175/=','Active','DSKI150194-CREAM CRACKER 175/='),
 ('DSKI150195','LEMON PUFF (S)','Active','DSKI150195-LEMON PUFF (S)'),
 ('DSKI150196','LEMON PUFF (L)','Active','DSKI150196-LEMON PUFF (L)'),
 ('DSKI150197','CHOCOLATE PUFF(S)','Active','DSKI150197-CHOCOLATE PUFF(S)'),
 ('DSKI150198','CHOCOLATE PUFF(L)','Active','DSKI150198-CHOCOLATE PUFF(L)'),
 ('DSKI150199','CHOCALATE CREAM 100g','Active','DSKI150199-CHOCALATE CREAM 100g'),
 ('DSKI150200','CHOCALATE CREAM 400g','Active','DSKI150200-CHOCALATE CREAM 400g'),
 ('DSKI150201','GINGER 100g','Active','DSKI150201-GINGER 100g'),
 ('DSKI150202','GINGER 400g','Active','DSKI150202-GINGER 400g'),
 ('DSKI150203','NICE 100g','Active','DSKI150203-NICE 100g');
INSERT INTO `items` (`iid`,`name`,`status`,`item_combo`) VALUES 
 ('DSKI150204','NICE 400g','Active','DSKI150204-NICE 400g'),
 ('DSKI150205','WAFERS 100g(C/V/L)','Active','DSKI150205-WAFERS 100g(C/V/L)'),
 ('DSKI150206','WAFERS 400g(C/V/L)','Active','DSKI150206-WAFERS 400g(C/V/L)'),
 ('DSKI150207','HAWAIN COKIES 50/=','Active','DSKI150207-HAWAIN COKIES 50/='),
 ('DSKI150208','HAWAIN COKIES 95/=','Active','DSKI150208-HAWAIN COKIES 95/='),
 ('DSKI150209','MSC 40/=','Deactive','DSKI150209-MSC 40/='),
 ('DSKI150210','MSC 90/=','Active','DSKI150210-MSC 90/='),
 ('DSKI150211','TIPPIN 70/=(G / B)','Active','DSKI150211-TIPPIN 70/=(G / B)'),
 ('DSKI150212','MUNCHEE SHORTIES 400g','Active','DSKI150212-MUNCHEE SHORTIES 400g'),
 ('DSKI150213','SHORTIES 400g(D /MIC /LU)','Active','DSKI150213-SHORTIES 400g(D /MIC /LU)'),
 ('DSKI150214','SHORTIES 400g(CHE)','Active','DSKI150214-SHORTIES 400g(CHE)'),
 ('DSKI150215','WAFERS 20/=(C / S / L / V)','Active','DSKI150215-WAFERS 20/=(C / S / L / V)'),
 ('DSKI150216','WAFERS 110/=(C / S / L / V)','Active','DSKI150216-WAFERS 110/=(C / S / L / V)'),
 ('DSKI150217','WAFERS 205/=(C / S / L / V)','Active','DSKI150217-WAFERS 205/=(C / S / L / V)');
INSERT INTO `items` (`iid`,`name`,`status`,`item_combo`) VALUES 
 ('DSKI150218','PEEPS 20/=(C / V )','Active','DSKI150218-PEEPS 20/=(C / V )'),
 ('DSKI150219','TIPI TIP  50/=','Active','DSKI150219-TIPI TIP  50/='),
 ('DSKI150220','LIFE BOUY SHAMPOO SH P 5/=','Active','DSKI150220-LIFE BOUY SHAMPOO SH P 5/='),
 ('DSKI150221','DANDEX SHAMPOO SH 5/=','Active','DSKI150221-DANDEX SHAMPOO SH 5/='),
 ('DSKI150222','DANDEX SHAMPOO BOTTLE','Active','DSKI150222-DANDEX SHAMPOO BOTTLE '),
 ('DSKI150223','VINIGER S','Active','DSKI150223-VINIGER S'),
 ('DSKI150224','MSC 45/=','Active','DSKI150224-MSC 45/='),
 ('DSKI150225','BUTTER  CAROL  120/=','Active','DSKI150225-BUTTER  CAROL  120/='),
 ('DSKI150226','BUTTER CAROL  175/=','Active','DSKI150226-BUTTER CAROL  175/='),
 ('DSKI150227','GINGER  COOKIES  100/=','Active','DSKI150227-GINGER  COOKIES  100/='),
 ('DSKI150228','VITA  COOKIES  100/=','Active','DSKI150228-VITA  COOKIES  100/='),
 ('DSKI150229','EVA  PINK','Active','DSKI150229-EVA  PINK'),
 ('DSKI150230','CLOGARD BRUSH','Active','DSKI150230-CLOGARD BRUSH'),
 ('DSKI150231','LANKA SOYA 30/=','Active','DSKI150231-LANKA SOYA 30/=');
INSERT INTO `items` (`iid`,`name`,`status`,`item_combo`) VALUES 
 ('DSKI150232','HAWAIN COOKIES 100/=','Active','DSKI150232-HAWAIN COOKIES 100/='),
 ('DSKI150233','MSC  100/=','Active','DSKI150233-MSC  100/='),
 ('DSKI150234','KUMARIKA H/OIL 145/=','Active','DSKI150234-KUMARIKA H/OIL 145/='),
 ('DSKI150235','NESTOMALT 175g','Active','DSKI150235-NESTOMALT 175g'),
 ('DSKI150236','BABY OIL 85/=','Active','DSKI150236-BABY OIL 85/='),
 ('DSKI150237','BABY SHAMPOO 115/=','Active','DSKI150237-BABY SHAMPOO 115/='),
 ('DSKI150238','PANADOL SYRUP','Active','DSKI150238-PANADOL SYRUP'),
 ('DSKI150239','TREET BLAD','Active','DSKI150239-TREET BLAD'),
 ('DSKI150240','ONION BISCUT 20/=','Active','DSKI150240-ONION BISCUT 20/='),
 ('DSKI150241','DIVA W/P 1KG 150/=','Active','DSKI150241-DIVA W/P 1KG 150/='),
 ('DSKI150242','HEAD PAST 75/=','Active','DSKI150242-HEAD PAST 75/='),
 ('DSKI150243','VELVET 50/=','Active','DSKI150243-VELVET 50/='),
 ('DSKI150244','MSC 50/=','Active','DSKI150244-MSC 50/='),
 ('DSKI150245','BABY POWDER 89/=','Active','DSKI150245-BABY POWDER 89/='),
 ('DSKI150246','REAL COOKIES 100/=','Active','DSKI150246-REAL COOKIES 100/=');
INSERT INTO `items` (`iid`,`name`,`status`,`item_combo`) VALUES 
 ('DSKI150247','COOKIE RING 120/=','Active','DSKI150247-COOKIE RING 120/='),
 ('DSKI150248','BUTTER CAROL 45/=','Active','DSKI150248-BUTTER CAROL 45/='),
 ('DSKI150249','LOLLY POP 5/=','Active','DSKI150249-LOLLY POP 5/='),
 ('DSKI150250','TIPI TIP (MIC) 10/=','Active','DSKI150250-TIPI TIP (MIC) 10/='),
 ('DSKI150251','CHOCOLATE SHO. 20/=','Active','DSKI150251-CHOCOLATE SHO. 20/='),
 ('DSKI150252','DIVA W/P 400g (SEP)','Active','DSKI150252-DIVA W/P 400g (SEP)'),
 ('DSKI150253','DIVA 130g 20/=','Active','DSKI150253-DIVA 130g 20/='),
 ('DSKI150254','DIVA 1kg (SEP)','Active','DSKI150254-DIVA 1kg (SEP)'),
 ('DSKI150255','GODRIJ HAIR DIE','Active','DSKI150255-GODRIJ HAIR DIE'),
 ('DSKI150256','HANDUNKURU 30/=','Active','DSKI150256-HANDUNKURU 30/='),
 ('DSKI150257','SUPIRI SAMAN','Active','DSKI150257-SUPIRI SAMAN'),
 ('DSKI150258','LIFE BOUY SOAP 50/=','Active','DSKI150258-LIFE BOUY SOAP 50/='),
 ('DSKI150259','BABY COLONE 140/=','Active','DSKI150259-BABY COLONE 140/='),
 ('DSKI150260','DIAMOND (mID)','Active','DSKI150260-DIAMOND (mID)');
INSERT INTO `items` (`iid`,`name`,`status`,`item_combo`) VALUES 
 ('DSKI150261','CHOCOLATE 10/=(N/P)','Active','DSKI150261-CHOCOLATE 10/=(N/P)'),
 ('DSKI150262','CHOCOLATE 50/=(N/P)','Active','DSKI150262-CHOCOLATE 50/=(N/P)'),
 ('DSKI150263','LANKA SOYA 70/=','Active','DSKI150263-LANKA SOYA 70/='),
 ('DSKI150264','GILLETTE 55/=','Active','DSKI150264-GILLETTE 55/='),
 ('DSKI150265','CLOGARD 42/=','Active','DSKI150265-CLOGARD 42/='),
 ('DSKI150266','CLOGARD 73/=','Active','DSKI150266-CLOGARD 73/='),
 ('DSKI150267','BABY OIL 130/=','Active','DSKI150267-BABY OIL 130/='),
 ('DSKI150268','PARIS POWDER 45/=','Active','DSKI150268-PARIS POWDER 45/='),
 ('DSKI150269','PARIS POWDER 70/=','Active','DSKI150269-PARIS POWDER 70/='),
 ('DSKI150270','LANKA SOYA 65/=(O/P)','Active','DSKI150270-LANKA SOYA 65/=(O/P)'),
 ('DSKI150271','DADAYAM BUTTA SOYA 55/=','Active','DSKI150271-DADAYAM BUTTA SOYA 55/=');
/*!40000 ALTER TABLE `items` ENABLE KEYS */;


--
-- Table structure for table `dmk`.`market_return`
--

DROP TABLE IF EXISTS `market_return`;
CREATE TABLE `market_return` (
  `id` int(10) NOT NULL auto_increment,
  `invoice_no` varchar(255) default NULL,
  `iid` varchar(255) default NULL,
  `item_name` varchar(255) default NULL,
  `unit_price` double(10,0) default NULL,
  `qty` double(10,0) default NULL,
  `netamount` double(10,0) default NULL,
  `status` varchar(255) default NULL,
  PRIMARY KEY  (`id`)
) ENGINE=InnoDB DEFAULT CHARSET=latin1;

--
-- Dumping data for table `dmk`.`market_return`
--

/*!40000 ALTER TABLE `market_return` DISABLE KEYS */;
INSERT INTO `market_return` (`id`,`invoice_no`,`iid`,`item_name`,`unit_price`,`qty`,`netamount`,`status`) VALUES 
 (12,'DSKI15000003','null','null',250,1,250,'non'),
 (13,'DSKI15000004','DSKI150000','asd',150,2,300,'Visible'),
 (14,'DSKI15000020','DSKI150151','REKHA PAPADAM',35,9,315,'Visible');
/*!40000 ALTER TABLE `market_return` ENABLE KEYS */;


--
-- Table structure for table `dmk`.`paths`
--

DROP TABLE IF EXISTS `paths`;
CREATE TABLE `paths` (
  `id` int(11) NOT NULL auto_increment,
  `path` varchar(255) default NULL,
  PRIMARY KEY  (`id`)
) ENGINE=InnoDB DEFAULT CHARSET=utf8;

--
-- Dumping data for table `dmk`.`paths`
--

/*!40000 ALTER TABLE `paths` DISABLE KEYS */;
/*!40000 ALTER TABLE `paths` ENABLE KEYS */;


--
-- Table structure for table `dmk`.`return_ability`
--

DROP TABLE IF EXISTS `return_ability`;
CREATE TABLE `return_ability` (
  `id` int(11) NOT NULL default '0',
  `cheque_no` varchar(255) default NULL,
  PRIMARY KEY  (`id`)
) ENGINE=InnoDB DEFAULT CHARSET=latin1;

--
-- Dumping data for table `dmk`.`return_ability`
--

/*!40000 ALTER TABLE `return_ability` DISABLE KEYS */;
INSERT INTO `return_ability` (`id`,`cheque_no`) VALUES 
 (0,'1');
/*!40000 ALTER TABLE `return_ability` ENABLE KEYS */;


--
-- Table structure for table `dmk`.`route`
--

DROP TABLE IF EXISTS `route`;
CREATE TABLE `route` (
  `id` int(10) NOT NULL auto_increment,
  `route_no` varchar(10) default NULL,
  `route_name` varchar(255) default NULL,
  `route_cc` varchar(255) default NULL,
  PRIMARY KEY  (`id`)
) ENGINE=InnoDB DEFAULT CHARSET=latin1;

--
-- Dumping data for table `dmk`.`route`
--

/*!40000 ALTER TABLE `route` DISABLE KEYS */;
INSERT INTO `route` (`id`,`route_no`,`route_name`,`route_cc`) VALUES 
 (1,'01','KALUGAMUWA ROAD','01-KALUGAMUWA ROAD'),
 (2,'02','GIRILLA,RASNAYAKEPURA','02-GIRILLA,RASNAYAKEPURA'),
 (3,'03','VITHIKULIYA ,ALAWAKA','03-VITHIKULIYA ,ALAWAKA'),
 (4,'04','IGINIMITIYA MEEWALLAWA','04-IGINIMITIYA MEEWALLAWA'),
 (5,'05','HETTIPOLA ,BANDARAKOSWATHTHA,VITHIKULIYA','05-HETTIPOLA ,BANDARAKOSWATHTHA,VITHIKULIYA'),
 (6,'06','NAWAGATHTHEGAMA,KALEGAMA','06-NAWAGATHTHEGAMA,KALEGAMA'),
 (7,'07','PANNAWA','07-PANNAWA'),
 (8,'08','NIKAWERATIYA,ANAMADUWA','08-NIKAWERATIYA,ANAMADUWA'),
 (9,'09','AMBANPOLA','09-AMBANPOLA');
/*!40000 ALTER TABLE `route` ENABLE KEYS */;


--
-- Table structure for table `dmk`.`salable_return`
--

DROP TABLE IF EXISTS `salable_return`;
CREATE TABLE `salable_return` (
  `id` int(10) NOT NULL auto_increment,
  `invoice_no` varchar(255) default NULL,
  `iid` varchar(255) default NULL,
  `item_name` varchar(255) default NULL,
  `unit_price` double(10,0) default NULL,
  `qty` double(10,0) default NULL,
  `netamount` double(10,0) default NULL,
  PRIMARY KEY  (`id`)
) ENGINE=InnoDB DEFAULT CHARSET=latin1;

--
-- Dumping data for table `dmk`.`salable_return`
--

/*!40000 ALTER TABLE `salable_return` DISABLE KEYS */;
INSERT INTO `salable_return` (`id`,`invoice_no`,`iid`,`item_name`,`unit_price`,`qty`,`netamount`) VALUES 
 (15,'DSKI15000003','null','null',5,10,50),
 (16,'DSKI15000004','DSKI150123','FOOT BALL 5/=',10,2,20);
/*!40000 ALTER TABLE `salable_return` ENABLE KEYS */;


--
-- Table structure for table `dmk`.`stock`
--

DROP TABLE IF EXISTS `stock`;
CREATE TABLE `stock` (
  `id` int(11) NOT NULL auto_increment,
  `iid` varchar(45) NOT NULL,
  `name` varchar(45) default NULL,
  `unit_price` double default NULL,
  `qty` int(11) default NULL,
  `stock_combo` varchar(45) default NULL,
  PRIMARY KEY  (`id`),
  KEY `fk_stock_items1_idx` (`iid`)
) ENGINE=InnoDB DEFAULT CHARSET=utf8;

--
-- Dumping data for table `dmk`.`stock`
--

/*!40000 ALTER TABLE `stock` DISABLE KEYS */;
INSERT INTO `stock` (`id`,`iid`,`name`,`unit_price`,`qty`,`stock_combo`) VALUES 
 (15,'DSKI150001','ANCHOR 250g',187,39,'DSKI150001-ANCHOR 250g'),
 (16,'DSKI150002','ANCHOR 400g',304.5,104,'DSKI150002-ANCHOR 400g'),
 (17,'DSKI150003','ANCHOR 1kg',757,23,'DSKI150003-ANCHOR 1kg'),
 (18,'DSKI150004','RATTHI 250g',187,75,'DSKI150004-RATTHI 250g'),
 (19,'DSKI150005','RATTHI 400g',304.5,202,'DSKI150005-RATTHI 400g'),
 (20,'DSKI150006','RATTHI 1kg',757.5,49,'DSKI150006-RATTHI 1kg'),
 (21,'DSKI150007','RATTHI SH.70/=',56,171,'DSKI150007-RATTHI SH.70/='),
 (22,'DSKI150008','RATTHI SH.130/=',121.6,90,'DSKI150008-RATTHI SH.130/='),
 (23,'DSKI150009','NESPRAY 400g',292,183,'DSKI150009-NESPRAY 400g'),
 (24,'DSKI150011','NESPRAY SH.18/=',16,300,'DSKI150011-NESPRAY SH.18/='),
 (25,'DSKI150012','MALIBAN 400g',290,25,'DSKI150012-MALIBAN 400g'),
 (26,'DSKI150013','MALIBAN 1kg',725,2,'DSKI150013-MALIBAN 1kg'),
 (27,'DSKI150014','MALIBAN SH.18/=',16,82,'DSKI150014-MALIBAN SH.18/='),
 (28,'DSKI150018','NESTAMOLT 400g',260,493,'DSKI150018-NESTAMOLT 400g'),
 (29,'DSKI150019','NESTAMOLT WEL 400g',250,188,'DSKI150019-NESTAMOLT WEL 400g');
INSERT INTO `stock` (`id`,`iid`,`name`,`unit_price`,`qty`,`stock_combo`) VALUES 
 (30,'DSKI150020','NESTAMOLT SH.25/=',22,2205,'DSKI150020-NESTAMOLT SH.25/='),
 (31,'DSKI150021','VIVA 400g',235,74,'DSKI150021-VIVA 400g'),
 (32,'DSKI150022','VIVA WEL 400g',230,112,'DSKI150022-VIVA WEL 400g'),
 (33,'DSKI150023','VIVA SH.25/=',21,348,'DSKI150023-VIVA SH.25/='),
 (34,'DSKI150024','SUNLIGHT SOAP',36.25,19540,'DSKI150024-SUNLIGHT SOAP'),
 (35,'DSKI150025','LIFE BOUY SOAP',40.8,471,'DSKI150025-LIFE BOUY SOAP'),
 (36,'DSKI150026','KHOMBA SOAP',31.5,183,'DSKI150026-KHOMBA SOAP'),
 (37,'DSKI150027','RANI SOAP',38,256,'DSKI150027-RANI SOAP'),
 (38,'DSKI150028','VENIVAL',30,481,'DSKI150028-VENIVAL'),
 (39,'DSKI150029','VELVET SOAP',37.5,287,'DSKI150029-VELVET SOAP'),
 (40,'DSKI150030','LUX SOAP',39,376,'DSKI150030-LUX SOAP'),
 (41,'DSKI150031','DETOL SOAP',35.5,835,'DSKI150031-DETOL SOAP'),
 (42,'DSKI150032','DELMA SOAP (S/A)',27.25,265,'DSKI150032-DELMA SOAP (S/A)'),
 (43,'DSKI150033','DELMA LIGHT SOAP',19,-68,'DSKI150033-DELMA LIGHT SOAP'),
 (44,'DSKI150034','HAPPY BOUY',35.5,375,'DSKI150034-HAPPY BOUY');
INSERT INTO `stock` (`id`,`iid`,`name`,`unit_price`,`qty`,`stock_combo`) VALUES 
 (45,'DSKI150035','KHOMBA BABY (R/W)',35,442,'DSKI150035-KHOMBA BABY (R/W)'),
 (46,'DSKI150036','CHERAMY BABY (O/N)',34,777,'DSKI150036-CHERAMY BABY (O/N)'),
 (47,'DSKI150037','PEARS BABY (P/R/H)',40.5,159,'DSKI150037-PEARS BABY (P/R/H)'),
 (48,'DSKI150038','VIM 100g',16,2006,'DSKI150038-VIM 100g'),
 (49,'DSKI150042','LA O JEE 50g',45.5,66,'DSKI150042-LA O JEE 50g'),
 (50,'DSKI150043','LA O JEE 100g',85,54,'DSKI150043-LA O JEE 100g'),
 (51,'DSKI150044','CEYLONTA 50g',46,72,'DSKI150044-CEYLONTA 50g'),
 (52,'DSKI150045','CEYLONTA 100g',91,81,'DSKI150045-CEYLONTA 100g'),
 (53,'DSKI150046','WATAWALA 50g',42.5,684,'DSKI150046-WATAWALA 50g'),
 (54,'DSKI150047','WATAWALA 100g',86,144,'DSKI150047-WATAWALA 100g'),
 (55,'DSKI150048','KOTAGALA SH.20/=',15,45,'DSKI150048-KOTAGALA SH.20/='),
 (56,'DSKI150049','ZENRA 50g',38.5,142,'DSKI150049-ZENRA 50g'),
 (57,'DSKI150050','ZENRA 100g',84,77,'DSKI150050-ZENRA 100g'),
 (58,'DSKI150051','SAMAPOSA 80g',23,110,'DSKI150051-SAMAPOSA 80g'),
 (59,'DSKI150054','MAGGI NOODLES 30/=',24,217,'DSKI150054-MAGGI NOODLES 30/=');
INSERT INTO `stock` (`id`,`iid`,`name`,`unit_price`,`qty`,`stock_combo`) VALUES 
 (60,'DSKI150056','MAGGI NOODLES 50/=',42,759,'DSKI150056-MAGGI NOODLES 50/='),
 (61,'DSKI150057','KOTTU MEE',43,528,'DSKI150057-KOTTU MEE'),
 (62,'DSKI150058','PRIMA NOODELES 168/=',138,37,'DSKI150058-PRIMA NOODELES 168/='),
 (63,'DSKI150059','PANADOL',346,67,'DSKI150059-PANADOL'),
 (64,'DSKI150060','PNADOL SYRUP',134,1,'DSKI150060-PNADOL SYRUP'),
 (65,'DSKI150061','SAMAHAN',460,64,'DSKI150061-SAMAHAN'),
 (66,'DSKI150062','ASAMODAGAM',53,304,'DSKI150062-ASAMODAGAM'),
 (67,'DSKI150063','IDEX 70/=',57.5,49,'DSKI150063-IDEX 70/='),
 (68,'DSKI150065','SIDDALEPA 25/=',19,168,'DSKI150065-SIDDALEPA 25/='),
 (69,'DSKI150066','SIDDALEPA 40/=',32,120,'DSKI150066-SIDDALEPA 40/='),
 (70,'DSKI150068','BIC EASY2',40,1721,'DSKI150068-BIC EASY2'),
 (71,'DSKI150069','BIC ORANGE',30,125,'DSKI150069-BIC ORANGE'),
 (72,'DSKI150070','BIC BLAD',75,3,'DSKI150070-BIC BLAD'),
 (73,'DSKI150080','GILLETTE',39,76,'DSKI150080-GILLETTE'),
 (74,'DSKI150082','PANASONIC BATTRY',50,990,'DSKI150082-PANASONIC BATTRY');
INSERT INTO `stock` (`id`,`iid`,`name`,`unit_price`,`qty`,`stock_combo`) VALUES 
 (75,'DSKI150083','AA',20,1356,'DSKI150083-AA'),
 (76,'DSKI150084','AAA',20,576,'DSKI150084-AAA'),
 (77,'DSKI150089','CLOGURD 40g',32.5,2,'DSKI150089-CLOGURD 40g'),
 (78,'DSKI150090','CLOGURD 70g',57.5,68,'DSKI150090-CLOGURD 70g'),
 (79,'DSKI150091','CLOGURD 120g',82,69,'DSKI150091-CLOGURD 120g'),
 (80,'DSKI150092','SUDANTHA 40g',47,484,'DSKI150092-SUDANTHA 40g'),
 (81,'DSKI150094','SUPIRIVIKI 40g',35,120,'DSKI150094-SUPIRIVIKI 40g'),
 (82,'DSKI150095','SUPIRIVIKI 70g',52,146,'DSKI150095-SUPIRIVIKI 70g'),
 (83,'DSKI150096','SUPIRIVIKI 110g',75,35,'DSKI150096-SUPIRIVIKI 110g'),
 (84,'DSKI150097','SIGNAL BRUSH',34.5,446,'DSKI150097-SIGNAL BRUSH'),
 (85,'DSKI150099','DENTA BRUSH',33,526,'DSKI150099-DENTA BRUSH'),
 (86,'DSKI150100','DENTA JUNIOR',34.5,96,'DSKI150100-DENTA JUNIOR'),
 (87,'DSKI150101','NINJA COIL',50,22,'DSKI150101-NINJA COIL'),
 (88,'DSKI150102','NILMA LIQUID',205,13,'DSKI150102-NILMA LIQUID'),
 (89,'DSKI150103','DIAMOND(S)',56,-6,'DSKI150103-DIAMOND(S)');
INSERT INTO `stock` (`id`,`iid`,`name`,`unit_price`,`qty`,`stock_combo`) VALUES 
 (90,'DSKI150104','DIAMOND(M)',89,186,'DSKI150104-DIAMOND(M)'),
 (91,'DSKI150105','DIAMOND(L)',154,172,'DSKI150105-DIAMOND(L)'),
 (92,'DSKI150106','DIAMOND JACK',122,446,'DSKI150106-DIAMOND JACK'),
 (93,'DSKI150107','RASAMALU SAMON',120,666,'DSKI150107-RASAMALU SAMON'),
 (94,'DSKI150108','CAPTON SAMAN',258,89,'DSKI150108-CAPTON SAMAN'),
 (95,'DSKI150109','BUDDY SHOPPIN',75,844,'DSKI150109-BUDDY SHOPPIN'),
 (96,'DSKI150110','2/= SHOPPIN',127,307,'DSKI150110-2/= SHOPPIN'),
 (97,'DSKI150111','3/= SHOPPIN',183,72,'DSKI150111-3/= SHOPPIN'),
 (98,'DSKI150112','5/= SHOPPIN',245,18,'DSKI150112-5/= SHOPPIN'),
 (99,'DSKI150113','10/= SHOPPIN',396,4,'DSKI150113-10/= SHOPPIN'),
 (100,'DSKI150115','GROCERY (7x5)',130,72,'DSKI150115-GROCERY (7x5)'),
 (101,'DSKI150116','GROCERY (7x10)',230,230,'DSKI150116-GROCERY (7x10)'),
 (102,'DSKI150118','TOFFIE 1/=',73,69,'DSKI150118-TOFFIE 1/='),
 (103,'DSKI150119','MYLADY',220,43,'DSKI150119-MYLADY'),
 (104,'DSKI150120','HACKS',285,13,'DSKI150120-HACKS');
INSERT INTO `stock` (`id`,`iid`,`name`,`unit_price`,`qty`,`stock_combo`) VALUES 
 (105,'DSKI150121','BUBBLE GUM',105,60,'DSKI150121-BUBBLE GUM'),
 (106,'DSKI150122','CENTRE FRUIT',212,20,'DSKI150122-CENTRE FRUIT'),
 (107,'DSKI150123','FOOT BALL 5/=',310,0,'DSKI150123-FOOT BALL 5/='),
 (108,'DSKI150124','5/= PIECE (CA/MU/TM/KI/LAY/ID/POL)',140,41,'DSKI150124-5/= PIECE (CA/MU/TM/KI/LAY/ID/POL)'),
 (109,'DSKI150205','WAFERS 100g(C/V/L)',41,137,'DSKI150205-WAFERS 100g(C/V/L)'),
 (110,'DSKI150126','JUJUBBS 2/=',358,5,'DSKI150126-JUJUBBS 2/='),
 (111,'DSKI150128','CHOCALATE 10/=',158,45,'DSKI150128-CHOCALATE 10/='),
 (112,'DSKI150129','CHOCALATE 20/=',302,28,'DSKI150129-CHOCALATE 20/='),
 (113,'DSKI150132','CHOCALATE 50/=',394,14,'DSKI150132-CHOCALATE 50/='),
 (114,'DSKI150134','TIPI TIP 10/=',254,17,'DSKI150134-TIPI TIP 10/='),
 (115,'DSKI150135','TIPI TIP 60/=',40,1351,'DSKI150135-TIPI TIP 60/='),
 (116,'DSKI150136','JELLY 5/=',43,69,'DSKI150136-JELLY 5/='),
 (117,'DSKI150137','JELLY 10/=',330,20,'DSKI150137-JELLY 10/='),
 (118,'DSKI150138','MASMELOS 5/=',140,33,'DSKI150138-MASMELOS 5/=');
INSERT INTO `stock` (`id`,`iid`,`name`,`unit_price`,`qty`,`stock_combo`) VALUES 
 (119,'DSKI150139','PEPERMINT',140,8,'DSKI150139-PEPERMINT'),
 (120,'DSKI150140','MILLO',37.5,311,'DSKI150140-MILLO'),
 (121,'DSKI150141','HANDUNKURU 10/=',40,812,'DSKI150141-HANDUNKURU 10/='),
 (122,'DSKI150142','SIX O CLOCK 20/=',130,382,'DSKI150142-SIX O CLOCK 20/='),
 (123,'DSKI150143','HANDUNKURU 50/=(R/P)',348,228,'DSKI150143-HANDUNKURU 50/=(R/P)'),
 (124,'DSKI150144','AMRITHA 80/= (O/R/B/H/J)',705,50,'DSKI150144-AMRITHA 80/= (O/R/B/H/J)'),
 (125,'DSKI150145','SOORYA MATCH',600,102,'DSKI150145-SOORYA MATCH'),
 (126,'DSKI150146','MATCHES',550,2,'DSKI150146-MATCHES'),
 (127,'DSKI150147','EVA ROSE',84,294,'DSKI150147-EVA ROSE'),
 (128,'DSKI150148','EVA PINK',84,0,'DSKI150148-EVA PINK'),
 (129,'DSKI150149','AMEENS HAIR DIE',335,118,'DSKI150149-AMEENS HAIR DIE'),
 (130,'DSKI150150','ORANGE BULB(40/60/75/100 W)',48,933,'DSKI150150-ORANGE BULB(40/60/75/100 W)'),
 (131,'DSKI150151','REKHA PAPADAM',31.5,1687,'DSKI150151-REKHA PAPADAM'),
 (132,'DSKI150152','REKHA NOODELES 500g',65,279,'DSKI150152-REKHA NOODELES 500g');
INSERT INTO `stock` (`id`,`iid`,`name`,`unit_price`,`qty`,`stock_combo`) VALUES 
 (133,'DSKI150155','LANKA SOYA 65/=',47,116,'DSKI150155-LANKA SOYA 65/='),
 (134,'DSKI150156','SUNSILK SHAMPOO SH.(B/R/O/Y/BR)',5.5,4368,'DSKI150156-SUNSILK SHAMPOO SH.(B/R/O/Y/BR)'),
 (135,'DSKI150157','SUNSILK SHAMPOO BOT.(B/R/O/Y/BR)',121,6,'DSKI150157-SUNSILK SHAMPOO BOT.(B/R/O/Y/BR)'),
 (136,'DSKI150158','LIFE BOUY SHAMPOO SH.(B/P/G)',5,2076,'DSKI150158-LIFE BOUY SHAMPOO SH.(B/P/G)'),
 (137,'DSKI150159','LIFE BOUY SHAMPOO BOT.(B/G)',93,71,'DSKI150159-LIFE BOUY SHAMPOO BOT.(B/G)'),
 (138,'DSKI150160','LIFE BOUY SHAMPOO BOT.(P)',98,63,'DSKI150160-LIFE BOUY SHAMPOO BOT.(P)'),
 (139,'DSKI150162','DIVA WP 200g',33,234,'DSKI150162-DIVA WP 200g'),
 (140,'DSKI150164','DIVA WP 1kg',120,0,'DSKI150164-DIVA WP 1kg'),
 (141,'DSKI150165','SUNLIGHT WP 10/=',8,1715,'DSKI150165-SUNLIGHT WP 10/='),
 (142,'DSKI150166','SUNLIGHT WP 200g',29.5,598,'DSKI150166-SUNLIGHT WP 200g'),
 (143,'DSKI150168','SUNLIGHT WP 1kg',130,227,'DSKI150168-SUNLIGHT WP 1kg'),
 (144,'DSKI150169','SURF EXEL 7/=',5.75,42,'DSKI150169-SURF EXEL 7/=');
INSERT INTO `stock` (`id`,`iid`,`name`,`unit_price`,`qty`,`stock_combo`) VALUES 
 (145,'DSKI150170','SURF EXEL 20/=',16,294,'DSKI150170-SURF EXEL 20/='),
 (146,'DSKI150172','SURF EXEL 50/=',43,162,'DSKI150172-SURF EXEL 50/='),
 (147,'DSKI150173','SURF EXEL 500g',120,0,'DSKI150173-SURF EXEL 500g'),
 (148,'DSKI150174','CHAMPIKA BEDI',860,84,'DSKI150174-CHAMPIKA BEDI'),
 (149,'DSKI150175','A K SURUTTU',393,37,'DSKI150175-A K SURUTTU'),
 (150,'DSKI150176','PAHANTHIRA 5/=',200,5,'DSKI150176-PAHANTHIRA 5/='),
 (151,'DSKI150177','BABY CREAM 80/=',62.5,18,'DSKI150177-BABY CREAM 80/='),
 (152,'DSKI150178','BABY CREAM 135/=',105,14,'DSKI150178-BABY CREAM 135/='),
 (153,'DSKI150179','BABY POWDER',66,2,'DSKI150179-BABY POWDER'),
 (154,'DSKI150180','BABY COLONE',105,2,'DSKI150180-BABY COLONE'),
 (155,'DSKI150184','KESHA H/O',118,72,'DSKI150184-KESHA H/O'),
 (156,'DSKI150185','TIKIRI MARIE 100g',23.7,134,'DSKI150185-TIKIRI MARIE 100g'),
 (157,'DSKI150186','TIKIRI MARIE 400g',448,4,'DSKI150186-TIKIRI MARIE 400g'),
 (158,'DSKI150187','LITE MARIE 100g',17.3,220,'DSKI150187-LITE MARIE 100g');
INSERT INTO `stock` (`id`,`iid`,`name`,`unit_price`,`qty`,`stock_combo`) VALUES 
 (159,'DSKI150188','LITE MARIE 400g',299,1,'DSKI150188-LITE MARIE 400g'),
 (160,'DSKI150190','CHOCOLATE MARIE 400g',530,0,'DSKI150190-CHOCOLATE MARIE 400g'),
 (161,'DSKI150191','CREAM CRACKER 50/=',41.5,272,'DSKI150191-CREAM CRACKER 50/='),
 (162,'DSKI150192','CREAM CRACKER 75/=',62.25,264,'DSKI150192-CREAM CRACKER 75/='),
 (163,'DSKI150193','CREAM CRACKER 100/=',83,199,'DSKI150193-CREAM CRACKER 100/='),
 (164,'DSKI150194','CREAM CRACKER 175/=',570,38,'DSKI150194-CREAM CRACKER 175/='),
 (165,'DSKI150195','LEMON PUFF (S)',45.65,85,'DSKI150195-LEMON PUFF (S)'),
 (166,'DSKI150196','LEMON PUFF (L)',83,20,'DSKI150196-LEMON PUFF (L)'),
 (167,'DSKI150197','CHOCOLATE PUFF(S)',45.65,87,'DSKI150197-CHOCOLATE PUFF(S)'),
 (168,'DSKI150198','CHOCOLATE PUFF(L)',83,118,'DSKI150198-CHOCOLATE PUFF(L)'),
 (169,'DSKI150199','CHOCALATE CREAM 100g',40,93,'DSKI150199-CHOCALATE CREAM 100g'),
 (170,'DSKI150200','CHOCALATE CREAM 400g',630,18,'DSKI150200-CHOCALATE CREAM 400g'),
 (171,'DSKI150201','GINGER 100g',36.5,0,'DSKI150201-GINGER 100g');
INSERT INTO `stock` (`id`,`iid`,`name`,`unit_price`,`qty`,`stock_combo`) VALUES 
 (172,'DSKI150202','GINGER 400g',553,7,'DSKI150202-GINGER 400g'),
 (173,'DSKI150203','NICE 100g',36.5,94,'DSKI150203-NICE 100g'),
 (174,'DSKI150204','NICE 400g',565,9,'DSKI150204-NICE 400g'),
 (175,'DSKI150207','HAWAIN COKIES 50/=',41.5,136,'DSKI150207-HAWAIN COKIES 50/='),
 (176,'DSKI150208','HAWAIN COKIES 95/=',78.75,5,'DSKI150208-HAWAIN COKIES 95/='),
 (177,'DSKI150210','MSC 90/=',74.6,0,'DSKI150210-MSC 90/='),
 (178,'DSKI150211','TIPPIN 70/=(G / B)',58,74,'DSKI150211-TIPPIN 70/=(G / B)'),
 (179,'DSKI150213','SHORTIES 400g(D /MIC /LU)',240,398,'DSKI150213-SHORTIES 400g(D /MIC /LU)'),
 (180,'DSKI150214','SHORTIES 400g(CHE)',280,0,'DSKI150214-SHORTIES 400g(CHE)'),
 (181,'DSKI150216','WAFERS 110/=(C / S / L / V)',480,3,'DSKI150216-WAFERS 110/=(C / S / L / V)'),
 (182,'DSKI150217','WAFERS 205/=(C / S / L / V)',460,15,'DSKI150217-WAFERS 205/=(C / S / L / V)'),
 (183,'DSKI150218','PEEPS 20/=(C / V )',15,6,'DSKI150218-PEEPS 20/=(C / V )'),
 (184,'DSKI150219','TIPI TIP  50/=',32.5,96,'DSKI150219-TIPI TIP  50/=');
INSERT INTO `stock` (`id`,`iid`,`name`,`unit_price`,`qty`,`stock_combo`) VALUES 
 (185,'DSKI150220','LIFE BOUY SHAMPOO SH P 5/=',4,1716,'DSKI150220-LIFE BOUY SHAMPOO SH P 5/='),
 (186,'DSKI150221','DANDEX SHAMPOO SH 5/=',4,3276,'DSKI150221-DANDEX SHAMPOO SH 5/='),
 (187,'DSKI150222','DANDEX SHAMPOO BOTTLE',97.5,0,'DSKI150222-DANDEX SHAMPOO BOTTLE'),
 (188,'DSKI150223','VINIGER S',36,22,'DSKI150223-VINIGER S'),
 (189,'DSKI150224','MSC 45/=',37.5,0,'DSKI150224-MSC 45/='),
 (190,'DSKI150167','SUNLIGHT WP 400g',62,2,'DSKI150167-SUNLIGHT WP 400g'),
 (191,'DSKI150052','SAMAPOSA 200g',48,368,'DSKI150052-SAMAPOSA 200g'),
 (192,'DSKI150093','SUDANTHA 80g',65,278,'DSKI150093-SUDANTHA 80g'),
 (193,'DSKI150189','CHOCOLATE MARIE 100g',33,13,'DSKI150189-CHOCOLATE MARIE 100g'),
 (194,'DSKI150212','MUNCHEE SHORTIES 400g',397.5,13,'DSKI150212-MUNCHEE SHORTIES 400g'),
 (195,'DSKI150206','WAFERS 400g(C/V/L)',448,5,'DSKI150206-WAFERS 400g(C/V/L)'),
 (196,'DSKI150125','WAFER CHOCKS',183,7,'DSKI150125-WAFER CHOCKS'),
 (197,'DSKI150117','LUNCH SHEET',180,127,'DSKI150117-LUNCH SHEET');
INSERT INTO `stock` (`id`,`iid`,`name`,`unit_price`,`qty`,`stock_combo`) VALUES 
 (198,'DSKI150225','BUTTER  CAROL  120/=',94.5,98,'DSKI150225-BUTTER  CAROL  120/='),
 (199,'DSKI150226','BUTTER CAROL  175/=',130,116,'DSKI150226-BUTTER CAROL  175/='),
 (200,'DSKI150227','GINGER  COOKIES  100/=',75,25,'DSKI150227-GINGER  COOKIES  100/='),
 (201,'DSKI150228','VITA  COOKIES  100/=',75,26,'DSKI150228-VITA  COOKIES  100/='),
 (202,'DSKI150229','EVA  PINK',87.5,12,'DSKI150229-EVA  PINK'),
 (203,'DSKI150230','CLOGARD BRUSH',25,216,'DSKI150230-CLOGARD BRUSH'),
 (204,'DSKI150231','LANKA SOYA 30/=',20,563,'DSKI150231-LANKA SOYA 30/='),
 (205,'DSKI150232','HAWAIN COOKIES 100/=',83,8,'DSKI150232-HAWAIN COOKIES 100/='),
 (206,'DSKI150233','MSC  100/=',83,23,'DSKI150233-MSC  100/='),
 (207,'DSKI150234','KUMARIKA H/OIL 145/=',118.75,9,'DSKI150234-KUMARIKA H/OIL 145/='),
 (208,'DSKI150235','NESTOMALT 175g',132,212,'DSKI150235-NESTOMALT 175g'),
 (209,'DSKI150237','BABY SHAMPOO 115/=',89.7,18,'DSKI150237-BABY SHAMPOO 115/='),
 (210,'DSKI150236','BABY OIL 85/=',66.3,18,'DSKI150236-BABY OIL 85/=');
INSERT INTO `stock` (`id`,`iid`,`name`,`unit_price`,`qty`,`stock_combo`) VALUES 
 (211,'DSKI150239','TREET BLAD',4.3,190,'DSKI150239-TREET BLAD'),
 (212,'DSKI150161','DIVA WP 70g',8.2,1494,'DSKI150161-DIVA WP 70g'),
 (213,'DSKI150163','DIVA WP 400g',49,97,'DSKI150163-DIVA WP 400g'),
 (214,'DSKI150240','ONION BISCUT 20/=',424,12,'DSKI150240-ONION BISCUT 20/='),
 (215,'DSKI150241','DIVA W/P 1KG 150/=',124,214,'DSKI150241-DIVA W/P 1KG 150/='),
 (216,'DSKI150242','HEAD PAST 75/=',64,7,'DSKI150242-HEAD PAST 75/='),
 (217,'DSKI150243','VELVET 50/=',39.5,274,'DSKI150243-VELVET 50/='),
 (218,'DSKI150244','MSC 50/=',41.5,42,'DSKI150244-MSC 50/='),
 (219,'DSKI150245','BABY POWDER 89/=',69.5,54,'DSKI150245-BABY POWDER 89/='),
 (220,'DSKI150246','REAL COOKIES 100/=',80,26,'DSKI150246-REAL COOKIES 100/='),
 (221,'DSKI150247','COOKIE RING 120/=',90,20,'DSKI150247-COOKIE RING 120/='),
 (222,'DSKI150248','BUTTER CAROL 45/=',36,127,'DSKI150248-BUTTER CAROL 45/='),
 (223,'DSKI150249','LOLLY POP 5/=',270,5,'DSKI150249-LOLLY POP 5/='),
 (224,'DSKI150250','TIPI TIP (MIC) 10/=',240,38,'DSKI150250-TIPI TIP (MIC) 10/=');
INSERT INTO `stock` (`id`,`iid`,`name`,`unit_price`,`qty`,`stock_combo`) VALUES 
 (225,'DSKI150251','CHOCOLATE SHO. 20/=',14,308,'DSKI150251-CHOCOLATE SHO. 20/='),
 (226,'DSKI150253','DIVA 130g 20/=',16.4,280,'DSKI150253-DIVA 130g 20/='),
 (227,'DSKI150252','DIVA W/P 400g (SEP)',53.5,161,'DSKI150252-DIVA W/P 400g (SEP)'),
 (228,'DSKI150254','DIVA 1kg (SEP)',120,3,'DSKI150254-DIVA 1kg (SEP)'),
 (229,'DSKI150085','SIGNAL 40g',34,224,'DSKI150085-SIGNAL 40g'),
 (230,'DSKI150086','SIGNAL 70g',60,81,'DSKI150086-SIGNAL 70g'),
 (231,'DSKI150087','SIGNAL 120g',85,55,'DSKI150087-SIGNAL 120g'),
 (232,'DSKI150088','SIGNAL 160g',108,29,'DSKI150088-SIGNAL 160g'),
 (233,'DSKI150183','KUMARIKA H/O 150/=',121.5,66,'DSKI150183-KUMARIKA H/O 150/='),
 (234,'DSKI150257','SUPIRI SAMAN',119,96,'DSKI150257-SUPIRI SAMAN'),
 (235,'DSKI150255','GODRIJ HAIR DIE',270,8,'DSKI150255-GODRIJ HAIR DIE'),
 (236,'DSKI150256','HANDUNKURU 30/=',240,12,'DSKI150256-HANDUNKURU 30/='),
 (237,'DSKI150258','LIFE BOUY SOAP 50/=',42,294,'DSKI150258-LIFE BOUY SOAP 50/='),
 (238,'DSKI150267','BABY OIL 130/=',101.5,18,'DSKI150267-BABY OIL 130/=');
INSERT INTO `stock` (`id`,`iid`,`name`,`unit_price`,`qty`,`stock_combo`) VALUES 
 (239,'DSKI150268','PARIS POWDER 45/=',35,18,'DSKI150268-PARIS POWDER 45/='),
 (240,'DSKI150269','PARIS POWDER 70/=',54.5,15,'DSKI150269-PARIS POWDER 70/='),
 (241,'DSKI150259','BABY COLONE 140/=',109,0,'DSKI150259-BABY COLONE 140/='),
 (242,'DSKI150260','DIAMOND (mID)',93,8,'DSKI150260-DIAMOND (mID)'),
 (243,'DSKI150261','CHOCOLATE 10/=(N/P)',158,60,'DSKI150261-CHOCOLATE 10/=(N/P)'),
 (244,'DSKI150262','CHOCOLATE 50/=(N/P)',394,24,'DSKI150262-CHOCOLATE 50/=(N/P)'),
 (245,'DSKI150270','LANKA SOYA 65/=(O/P)',47,147,'DSKI150270-LANKA SOYA 65/=(O/P)'),
 (246,'DSKI150263','LANKA SOYA 70/=',51,81,'DSKI150263-LANKA SOYA 70/='),
 (247,'DSKI150264','GILLETTE 55/=',39,144,'DSKI150264-GILLETTE 55/='),
 (248,'DSKI150265','CLOGARD 42/=',34.5,174,'DSKI150265-CLOGARD 42/='),
 (249,'DSKI150266','CLOGARD 73/=',59.5,240,'DSKI150266-CLOGARD 73/='),
 (250,'DSKI150081','VIDYUT BLADE',140,69,'DSKI150081-VIDYUT BLADE'),
 (251,'DSKI150271','DADAYAM BUTTA SOYA 55/=',38,21,'DSKI150271-DADAYAM BUTTA SOYA 55/='),
 (252,'DSKI150010','NESPRAY 1kg',725,8,'DSKI150010-NESPRAY 1kg');
/*!40000 ALTER TABLE `stock` ENABLE KEYS */;


--
-- Table structure for table `dmk`.`supplier`
--

DROP TABLE IF EXISTS `supplier`;
CREATE TABLE `supplier` (
  `sid` varchar(45) NOT NULL,
  `name` varchar(45) NOT NULL,
  `contact_no` char(10) NOT NULL,
  `email` varchar(45) NOT NULL,
  `supplier_combo` varchar(250) default NULL,
  `status` varchar(45) default NULL,
  PRIMARY KEY  (`sid`)
) ENGINE=InnoDB DEFAULT CHARSET=utf8;

--
-- Dumping data for table `dmk`.`supplier`
--

/*!40000 ALTER TABLE `supplier` DISABLE KEYS */;
INSERT INTO `supplier` (`sid`,`name`,`contact_no`,`email`,`supplier_combo`,`status`) VALUES 
 ('DSKS15000001','K K','0717877500','','DSKS15000001-KK','Active'),
 ('DSKS15000002','S K','0772737765','','DSKS15000002-SK','Active'),
 ('DSKS15000003','V R','0773247436','','DSKS15000003-VR','Active'),
 ('DSKS15000004','V R 2','0777785782','','DSKS15000004-VR2','Active'),
 ('DSKS15000005','K U A','0773661414','','DSKS15000005-KUA','Active'),
 ('DSKS15000006','C O','0772629371','','DSKS15000006-CO','Active'),
 ('DSKS15000007','T B','0774088203','','DSKS15000007-TB','Active'),
 ('DSKS15000008','DAINTEE','0718698959','','DSKS15000008-DAINTEE','Active'),
 ('DSKS15000009','SAMAPOSHA','0771436272','','DSKS15000009-SAMAPOSHA','Active');
/*!40000 ALTER TABLE `supplier` ENABLE KEYS */;


--
-- Table structure for table `dmk`.`supplier_payments`
--

DROP TABLE IF EXISTS `supplier_payments`;
CREATE TABLE `supplier_payments` (
  `id` int(11) NOT NULL auto_increment,
  `grn_no` varchar(45) NOT NULL,
  `amount` double default NULL,
  `method` varchar(45) default NULL,
  PRIMARY KEY  (`id`),
  KEY `fk_supplier_payments_grn1_idx` (`grn_no`),
  CONSTRAINT `fk_supplier_payments_grn1` FOREIGN KEY (`grn_no`) REFERENCES `grn` (`grn_no`) ON DELETE NO ACTION ON UPDATE NO ACTION
) ENGINE=InnoDB DEFAULT CHARSET=utf8;

--
-- Dumping data for table `dmk`.`supplier_payments`
--

/*!40000 ALTER TABLE `supplier_payments` DISABLE KEYS */;
/*!40000 ALTER TABLE `supplier_payments` ENABLE KEYS */;

/*!40101 SET SQL_MODE=@OLD_SQL_MODE */;
/*!40014 SET FOREIGN_KEY_CHECKS=@OLD_FOREIGN_KEY_CHECKS */;
/*!40014 SET UNIQUE_CHECKS=@OLD_UNIQUE_CHECKS */;
/*!40101 SET CHARACTER_SET_CLIENT=@OLD_CHARACTER_SET_CLIENT */;
/*!40101 SET CHARACTER_SET_RESULTS=@OLD_CHARACTER_SET_RESULTS */;
/*!40101 SET COLLATION_CONNECTION=@OLD_COLLATION_CONNECTION */;
/*!40101 SET CHARACTER_SET_CLIENT=@OLD_CHARACTER_SET_CLIENT */;
